origin,h,country,category,table,date,days,lo80,hi80,lo95,hi95,shadow,recipe,hold_mase,band_method,forecast_id,row_hash,frozen_at,freeze_panel_vintage,panel_hash,git_sha,model_version,evaluation_mode,deployment_id,pipeline_run_id
2015-08,1,china,EB5_TEA,FAD,2015-09-01,14123,14000,14246,14000,14246,True,naive1,,q_h,5df0f73f377c,ef44f1d7b022,2026-07-05T00:16:57+00:00,2026-07,00115d2dd0b6,deb0f3fb0961,naive1,backfill,,
2015-08,2,china,EB5_TEA,FAD,2015-10-01,14123,14000,14246,14000,14246,True,naive1,,q_h,9436f2c4b671,9a320b1e6286,2026-07-05T00:16:57+00:00,2026-07,00115d2dd0b6,deb0f3fb0961,naive1,backfill,,
2015-08,3,china,EB5_TEA,FAD,2015-11-01,14123,14000,14246,13866,14380,True,naive1,,q_h,bec2a55ad73a,8a29393d69eb,2026-07-05T00:16:57+00:00,2026-07,00115d2dd0b6,deb0f3fb0961,naive1,backfill,,
2015-08,4,china,EB5_TEA,FAD,2015-12-01,14123,14000,14246,13663,14583,True,naive1,,q_h,b82ca31cdcf8,402b9cb2d1bc,2026-07-05T00:16:57+00:00,2026-07,00115d2dd0b6,deb0f3fb0961,naive1,backfill,,
2015-08,5,china,EB5_TEA,FAD,2016-01-01,14123,13987,14259,13663,14583,True,naive1,,q_h,d22126eb621c,fecc6a420781,2026-07-05T00:16:57+00:00,2026-07,00115d2dd0b6,deb0f3fb0961,naive1,backfill,,
2015-08,6,china,EB5_TEA,FAD,2016-02-01,14123,13966,14280,13641,14605,True,naive1,,q_h,0751bf1128d7,1e518f05a64c,2026-07-05T00:16:57+00:00,2026-07,00115d2dd0b6,deb0f3fb0961,naive1,backfill,,
2015-08,7,china,EB5_TEA,FAD,2016-03-01,14123,13966,14280,13516,14730,True,naive1,,q_h,adba4e524cc9,8e1bdaea48b3,2026-07-05T00:16:57+00:00,2026-07,00115d2dd0b6,deb0f3fb0961,naive1,backfill,,
2015-08,8,china,EB5_TEA,FAD,2016-04-01,14123,13966,14280,13516,14730,True,naive1,,q_h,581bfd968507,dcc4a5040b8c,2026-07-05T00:16:57+00:00,2026-07,00115d2dd0b6,deb0f3fb0961,naive1,backfill,,
2015-08,9,china,EB5_TEA,FAD,2016-05-01,14123,13912,14334,13516,14730,True,naive1,,q_h,4dcafd1752bc,bb618fe03567,2026-07-05T00:16:57+00:00,2026-07,00115d2dd0b6,deb0f3fb0961,naive1,backfill,,
2015-08,10,china,EB5_TEA,FAD,2016-06-01,14123,13912,14334,13516,14730,True,naive1,,q_h,677a6c0b50a9,cdaea0f3adcc,2026-07-05T00:16:57+00:00,2026-07,00115d2dd0b6,deb0f3fb0961,naive1,backfill,,
2015-08,11,china,EB5_TEA,FAD,2016-07-01,14123,13912,14334,13516,14730,True,naive1,,q_h,55282fe51344,287656595101,2026-07-05T00:16:57+00:00,2026-07,00115d2dd0b6,deb0f3fb0961,naive1,backfill,,
2015-08,12,china,EB5_TEA,FAD,2016-08-01,14123,13897,14349,13483,14763,True,naive1,,q_h,28418aab342a,926c05f80d22,2026-07-05T00:16:57+00:00,2026-07,00115d2dd0b6,deb0f3fb0961,naive1,backfill,,
2021-11,1,china,EB5_NONRC,DFF,2021-12-01,14958,14744,15172,13700,16216,True,naive1,0.1219,q_h,b2f98522f984,503bcd264f81,2026-07-05T00:16:57+00:00,2026-07,00115d2dd0b6,deb0f3fb0961,naive1,backfill,,
2021-11,2,china,EB5_NONRC,DFF,2022-01-01,14958,14744,15172,13700,16216,True,naive1,0.1219,q_h,ec8bc115ee46,a1ff75b05834,2026-07-05T00:16:57+00:00,2026-07,00115d2dd0b6,deb0f3fb0961,naive1,backfill,,
2021-11,3,china,EB5_NONRC,DFF,2022-02-01,14958,14744,15172,13700,16216,True,naive1,0.1219,q_h,f7a2c4ee488a,5537f5124eb7,2026-07-05T00:16:57+00:00,2026-07,00115d2dd0b6,deb0f3fb0961,naive1,backfill,,
2021-11,4,china,EB5_NONRC,DFF,2022-03-01,14958,14717,15199,13700,16216,True,naive1,0.1219,q_h,47bc26d4ddf6,bda5354fba5f,2026-07-05T00:16:57+00:00,2026-07,00115d2dd0b6,deb0f3fb0961,naive1,backfill,,
2021-11,5,china,EB5_NONRC,DFF,2022-04-01,14958,14661,15255,13700,16216,True,naive1,0.1219,q_h,362aa334e552,b6251e2def0b,2026-07-05T00:16:57+00:00,2026-07,00115d2dd0b6,deb0f3fb0961,naive1,backfill,,
2021-11,6,china,EB5_NONRC,DFF,2022-05-01,14958,14607,15309,13637,16279,True,naive1,0.1219,q_h,7ff973b0ce15,48ef8d9fec62,2026-07-05T00:16:57+00:00,2026-07,00115d2dd0b6,deb0f3fb0961,naive1,backfill,,
2021-11,7,china,EB5_NONRC,DFF,2022-06-01,14958,14607,15309,13605,16311,True,naive1,0.1219,q_h,d81c2a8d3fe3,4fb40743eeec,2026-07-05T00:16:57+00:00,2026-07,00115d2dd0b6,deb0f3fb0961,naive1,backfill,,
2021-11,8,china,EB5_NONRC,DFF,2022-07-01,14958,14607,15309,13605,16311,True,naive1,0.1219,q_h,9c80a236a2cc,8c30203ed999,2026-07-05T00:16:57+00:00,2026-07,00115d2dd0b6,deb0f3fb0961,naive1,backfill,,
2021-11,9,china,EB5_NONRC,DFF,2022-08-01,14958,14458,15458,13605,16311,True,naive1,0.1219,q_h,a50205a39673,66c0b258e930,2026-07-05T00:16:57+00:00,2026-07,00115d2dd0b6,deb0f3fb0961,naive1,backfill,,
2021-11,10,china,EB5_NONRC,DFF,2022-09-01,14958,14404,15512,13605,16311,True,naive1,0.1219,q_h,a73619e8fa6c,0c701b1a36d9,2026-07-05T00:16:57+00:00,2026-07,00115d2dd0b6,deb0f3fb0961,naive1,backfill,,
2021-11,11,china,EB5_NONRC,DFF,2022-10-01,14958,14361,15555,13605,16311,True,naive1,0.1219,q_h,3853a6463c49,2212876fe342,2026-07-05T00:16:57+00:00,2026-07,00115d2dd0b6,deb0f3fb0961,naive1,backfill,,
2021-11,12,china,EB5_NONRC,DFF,2022-11-01,14958,14275,15641,13605,16311,True,naive1,0.1219,q_h,b7ebbce52159,270b0a71f41e,2026-07-05T00:16:57+00:00,2026-07,00115d2dd0b6,deb0f3fb0961,naive1,backfill,,
2022-04,1,china,EB5_RC,DFF,2022-05-01,14958,14958,14958,14958,14958,True,naive1,0.0,q_h,0f6f6c4ede49,d74d53eef1d4,2026-07-05T00:16:57+00:00,2026-07,00115d2dd0b6,deb0f3fb0961,naive1,backfill,,
2022-04,2,china,EB5_RC,DFF,2022-06-01,14958,14958,14958,14958,14958,True,naive1,0.0,q_h,50b77bb8ad3f,1bb2f0642bb2,2026-07-05T00:16:57+00:00,2026-07,00115d2dd0b6,deb0f3fb0961,naive1,backfill,,
2022-04,3,china,EB5_RC,DFF,2022-07-01,14958,14958,14958,14958,14958,True,naive1,0.0,q_h,719e8c1a4fc6,41a190129b4e,2026-07-05T00:16:57+00:00,2026-07,00115d2dd0b6,deb0f3fb0961,naive1,backfill,,
2022-04,4,china,EB5_RC,DFF,2022-08-01,14958,14958,14958,14958,14958,True,naive1,0.0,q_h,4cd691e240d1,92347d2e2233,2026-07-05T00:16:57+00:00,2026-07,00115d2dd0b6,deb0f3fb0961,naive1,backfill,,
2022-04,5,china,EB5_RC,DFF,2022-09-01,14958,14958,14958,14958,14958,True,naive1,0.0,q_h,52c5a29d552c,911b2359dc81,2026-07-05T00:16:57+00:00,2026-07,00115d2dd0b6,deb0f3fb0961,naive1,backfill,,
2022-04,6,china,EB5_RC,DFF,2022-10-01,14958,14958,14958,14958,14958,True,naive1,0.0,q_h,ecf5bacc8254,8cf7bfdb9202,2026-07-05T00:16:57+00:00,2026-07,00115d2dd0b6,deb0f3fb0961,naive1,backfill,,
2022-04,7,china,EB5_RC,DFF,2022-11-01,14958,14958,14958,14958,14958,True,naive1,0.0,q_h,9a461f78b179,1ca82868796c,2026-07-05T00:16:57+00:00,2026-07,00115d2dd0b6,deb0f3fb0961,naive1,backfill,,
2022-04,8,china,EB5_RC,DFF,2022-12-01,14958,14958,14958,14958,14958,True,naive1,0.0,q_h,158290b93182,68e537ac41bd,2026-07-05T00:16:57+00:00,2026-07,00115d2dd0b6,deb0f3fb0961,naive1,backfill,,
2022-04,9,china,EB5_RC,DFF,2023-01-01,14958,14958,14958,14958,14958,True,naive1,0.0,q_h,ef96769f5fc4,f83427d5aa71,2026-07-05T00:16:57+00:00,2026-07,00115d2dd0b6,deb0f3fb0961,naive1,backfill,,
2022-04,10,china,EB5_RC,DFF,2023-02-01,14958,14958,14958,14958,14958,True,naive1,0.0,q_h,a5be0d0f274f,92a43d140260,2026-07-05T00:16:57+00:00,2026-07,00115d2dd0b6,deb0f3fb0961,naive1,backfill,,
2022-04,11,china,EB5_RC,DFF,2023-03-01,14958,14958,14958,14958,14958,True,naive1,0.0,q_h,8a18011fbdaa,622a631a6630,2026-07-05T00:16:57+00:00,2026-07,00115d2dd0b6,deb0f3fb0961,naive1,backfill,,
2022-04,12,china,EB5_RC,DFF,2023-04-01,14958,14958,14958,14958,14958,True,naive1,0.0,q_h,5717fadb504c,bbe9bb421336,2026-07-05T00:16:57+00:00,2026-07,00115d2dd0b6,deb0f3fb0961,naive1,backfill,,
2023-09,1,all_chargeability,EB1,FAD,2023-10-01,17744,17706,17782,17706,17782,True,naive1,0.0253,q_h,5f19e90849e5,544727cfc466,2026-07-05T00:16:57+00:00,2026-07,00115d2dd0b6,deb0f3fb0961,naive1,backfill,,
2023-09,2,all_chargeability,EB1,FAD,2023-11-01,17744,17706,17782,17706,17782,True,naive1,0.0253,q_h,6e90921abc1f,72639d409bce,2026-07-05T00:16:57+00:00,2026-07,00115d2dd0b6,deb0f3fb0961,naive1,backfill,,
2023-09,3,all_chargeability,EB1,FAD,2023-12-01,17744,17706,17782,17664,17824,True,naive1,0.0253,q_h,0de2d203491a,da443c30db66,2026-07-05T00:16:57+00:00,2026-07,00115d2dd0b6,deb0f3fb0961,naive1,backfill,,
2023-09,4,all_chargeability,EB1,FAD,2024-01-01,17744,17706,17782,17602,17886,True,naive1,0.0253,q_h,f6c00eb2c487,675faa7fde44,2026-07-05T00:16:57+00:00,2026-07,00115d2dd0b6,deb0f3fb0961,naive1,backfill,,
2023-09,5,all_chargeability,EB1,FAD,2024-02-01,17744,17702,17786,17602,17886,True,naive1,0.0253,q_h,cb0026918d19,742a57a2996f,2026-07-05T00:16:57+00:00,2026-07,00115d2dd0b6,deb0f3fb0961,naive1,backfill,,
2023-09,6,all_chargeability,EB1,FAD,2024-03-01,17744,17695,17793,17595,17893,True,naive1,0.0253,q_h,e3e07a73368f,6bcf57874026,2026-07-05T00:16:57+00:00,2026-07,00115d2dd0b6,deb0f3fb0961,naive1,backfill,,
2023-09,7,all_chargeability,EB1,FAD,2024-04-01,17744,17695,17793,17556,17932,True,naive1,0.0253,q_h,3899793d762e,58f869eaaec7,2026-07-05T00:16:57+00:00,2026-07,00115d2dd0b6,deb0f3fb0961,naive1,backfill,,
2023-09,8,all_chargeability,EB1,FAD,2024-05-01,17744,17695,17793,17556,17932,True,naive1,0.0253,q_h,de4fa044e695,a541d5e83397,2026-07-05T00:16:57+00:00,2026-07,00115d2dd0b6,deb0f3fb0961,naive1,backfill,,
2023-09,9,all_chargeability,EB1,FAD,2024-06-01,17744,17679,17809,17556,17932,True,naive1,0.0253,q_h,03c39354e027,17b7547309be,2026-07-05T00:16:57+00:00,2026-07,00115d2dd0b6,deb0f3fb0961,naive1,backfill,,
2023-09,10,all_chargeability,EB1,FAD,2024-07-01,17744,17679,17809,17556,17932,True,naive1,0.0253,q_h,0565a02cbcde,eaa859e7c073,2026-07-05T00:16:57+00:00,2026-07,00115d2dd0b6,deb0f3fb0961,naive1,backfill,,
2023-09,11,all_chargeability,EB1,FAD,2024-08-01,17744,17679,17809,17556,17932,True,naive1,0.0253,q_h,7a8611f87b0b,f7855aae9406,2026-07-05T00:16:57+00:00,2026-07,00115d2dd0b6,deb0f3fb0961,naive1,backfill,,
2023-09,12,all_chargeability,EB1,FAD,2024-09-01,17744,17674,17814,17546,17942,True,naive1,0.0253,q_h,15f10593404a,8becbc0d9f77,2026-07-05T00:16:57+00:00,2026-07,00115d2dd0b6,deb0f3fb0961,naive1,backfill,,
2023-09,1,mexico,EB1,FAD,2023-10-01,17744,17706,17782,17706,17782,True,naive1,0.0253,q_h,652a4ef15b0b,544727cfc466,2026-07-05T00:16:57+00:00,2026-07,00115d2dd0b6,deb0f3fb0961,naive1,backfill,,
2023-09,2,mexico,EB1,FAD,2023-11-01,17744,17706,17782,17706,17782,True,naive1,0.0253,q_h,7023d1c0a5f2,72639d409bce,2026-07-05T00:16:57+00:00,2026-07,00115d2dd0b6,deb0f3fb0961,naive1,backfill,,
2023-09,3,mexico,EB1,FAD,2023-12-01,17744,17706,17782,17664,17824,True,naive1,0.0253,q_h,fba8eaad025b,da443c30db66,2026-07-05T00:16:57+00:00,2026-07,00115d2dd0b6,deb0f3fb0961,naive1,backfill,,
2023-09,4,mexico,EB1,FAD,2024-01-01,17744,17706,17782,17602,17886,True,naive1,0.0253,q_h,081f201af2ac,675faa7fde44,2026-07-05T00:16:57+00:00,2026-07,00115d2dd0b6,deb0f3fb0961,naive1,backfill,,
2023-09,5,mexico,EB1,FAD,2024-02-01,17744,17702,17786,17602,17886,True,naive1,0.0253,q_h,d1f96f100075,742a57a2996f,2026-07-05T00:16:57+00:00,2026-07,00115d2dd0b6,deb0f3fb0961,naive1,backfill,,
2023-09,6,mexico,EB1,FAD,2024-03-01,17744,17695,17793,17595,17893,True,naive1,0.0253,q_h,bf50b222d74c,6bcf57874026,2026-07-05T00:16:57+00:00,2026-07,00115d2dd0b6,deb0f3fb0961,naive1,backfill,,
2023-09,7,mexico,EB1,FAD,2024-04-01,17744,17695,17793,17556,17932,True,naive1,0.0253,q_h,4fba9d73538f,58f869eaaec7,2026-07-05T00:16:57+00:00,2026-07,00115d2dd0b6,deb0f3fb0961,naive1,backfill,,
2023-09,8,mexico,EB1,FAD,2024-05-01,17744,17695,17793,17556,17932,True,naive1,0.0253,q_h,5fe6c4e81693,a541d5e83397,2026-07-05T00:16:57+00:00,2026-07,00115d2dd0b6,deb0f3fb0961,naive1,backfill,,
2023-09,9,mexico,EB1,FAD,2024-06-01,17744,17679,17809,17556,17932,True,naive1,0.0253,q_h,63f3158c4871,17b7547309be,2026-07-05T00:16:57+00:00,2026-07,00115d2dd0b6,deb0f3fb0961,naive1,backfill,,
2023-09,10,mexico,EB1,FAD,2024-07-01,17744,17679,17809,17556,17932,True,naive1,0.0253,q_h,cfbd730d1ca3,eaa859e7c073,2026-07-05T00:16:57+00:00,2026-07,00115d2dd0b6,deb0f3fb0961,naive1,backfill,,
2023-09,11,mexico,EB1,FAD,2024-08-01,17744,17679,17809,17556,17932,True,naive1,0.0253,q_h,dfdfc84a08f3,f7855aae9406,2026-07-05T00:16:57+00:00,2026-07,00115d2dd0b6,deb0f3fb0961,naive1,backfill,,
2023-09,12,mexico,EB1,FAD,2024-09-01,17744,17674,17814,17546,17942,True,naive1,0.0253,q_h,793522117d71,8becbc0d9f77,2026-07-05T00:16:57+00:00,2026-07,00115d2dd0b6,deb0f3fb0961,naive1,backfill,,
2023-09,1,philippines,EB1,FAD,2023-10-01,17744,17706,17782,17706,17782,True,naive1,0.0253,q_h,02489e6d2078,544727cfc466,2026-07-05T00:16:57+00:00,2026-07,00115d2dd0b6,deb0f3fb0961,naive1,backfill,,
2023-09,2,philippines,EB1,FAD,2023-11-01,17744,17706,17782,17706,17782,True,naive1,0.0253,q_h,311953dd5225,72639d409bce,2026-07-05T00:16:57+00:00,2026-07,00115d2dd0b6,deb0f3fb0961,naive1,backfill,,
2023-09,3,philippines,EB1,FAD,2023-12-01,17744,17706,17782,17664,17824,True,naive1,0.0253,q_h,83f38a936320,da443c30db66,2026-07-05T00:16:57+00:00,2026-07,00115d2dd0b6,deb0f3fb0961,naive1,backfill,,
2023-09,4,philippines,EB1,FAD,2024-01-01,17744,17706,17782,17602,17886,True,naive1,0.0253,q_h,e038cfeead31,675faa7fde44,2026-07-05T00:16:57+00:00,2026-07,00115d2dd0b6,deb0f3fb0961,naive1,backfill,,
2023-09,5,philippines,EB1,FAD,2024-02-01,17744,17702,17786,17602,17886,True,naive1,0.0253,q_h,c9bc7f19d267,742a57a2996f,2026-07-05T00:16:57+00:00,2026-07,00115d2dd0b6,deb0f3fb0961,naive1,backfill,,
2023-09,6,philippines,EB1,FAD,2024-03-01,17744,17695,17793,17595,17893,True,naive1,0.0253,q_h,3698b7e8e597,6bcf57874026,2026-07-05T00:16:57+00:00,2026-07,00115d2dd0b6,deb0f3fb0961,naive1,backfill,,
2023-09,7,philippines,EB1,FAD,2024-04-01,17744,17695,17793,17556,17932,True,naive1,0.0253,q_h,937c141d7895,58f869eaaec7,2026-07-05T00:16:57+00:00,2026-07,00115d2dd0b6,deb0f3fb0961,naive1,backfill,,
2023-09,8,philippines,EB1,FAD,2024-05-01,17744,17695,17793,17556,17932,True,naive1,0.0253,q_h,e6b993bcab5b,a541d5e83397,2026-07-05T00:16:57+00:00,2026-07,00115d2dd0b6,deb0f3fb0961,naive1,backfill,,
2023-09,9,philippines,EB1,FAD,2024-06-01,17744,17679,17809,17556,17932,True,naive1,0.0253,q_h,2ec5ba052c52,17b7547309be,2026-07-05T00:16:57+00:00,2026-07,00115d2dd0b6,deb0f3fb0961,naive1,backfill,,
2023-09,10,philippines,EB1,FAD,2024-07-01,17744,17679,17809,17556,17932,True,naive1,0.0253,q_h,6508f56e3fc7,eaa859e7c073,2026-07-05T00:16:57+00:00,2026-07,00115d2dd0b6,deb0f3fb0961,naive1,backfill,,
2023-09,11,philippines,EB1,FAD,2024-08-01,17744,17679,17809,17556,17932,True,naive1,0.0253,q_h,b4a365671e48,f7855aae9406,2026-07-05T00:16:57+00:00,2026-07,00115d2dd0b6,deb0f3fb0961,naive1,backfill,,
2023-09,12,philippines,EB1,FAD,2024-09-01,17744,17674,17814,17546,17942,True,naive1,0.0253,q_h,9f73aaa143ce,8becbc0d9f77,2026-07-05T00:16:57+00:00,2026-07,00115d2dd0b6,deb0f3fb0961,naive1,backfill,,
2026-03,1,all_chargeability,EB2,FAD,2026-04-01,18185,17988,18382,17988,18382,True,naive1,0.0122,q_h,d651cb1613ee,e0f6cb4cc965,2026-07-05T00:16:57+00:00,2026-07,00115d2dd0b6,deb0f3fb0961,naive1,backfill,,
2026-03,2,all_chargeability,EB2,FAD,2026-05-01,18185,17988,18382,17988,18382,True,naive1,0.0122,q_h,be826efbde30,e3c6ad538d0b,2026-07-05T00:16:57+00:00,2026-07,00115d2dd0b6,deb0f3fb0961,naive1,backfill,,
2026-03,3,all_chargeability,EB2,FAD,2026-06-01,18185,17988,18382,17773,18597,True,naive1,0.0122,q_h,bf85c42aef2f,de35438d87cd,2026-07-05T00:16:57+00:00,2026-07,00115d2dd0b6,deb0f3fb0961,naive1,backfill,,
2026-03,4,all_chargeability,EB2,FAD,2026-07-01,18185,17988,18382,17448,18922,True,naive1,0.0122,q_h,b95848e4d029,89452e38631c,2026-07-05T00:16:57+00:00,2026-07,00115d2dd0b6,deb0f3fb0961,naive1,backfill,,
2026-03,5,all_chargeability,EB2,FAD,2026-08-01,18185,17967,18403,17448,18922,True,naive1,0.0122,q_h,bff7cebd2533,c414b5f0f03b,2026-07-05T00:16:57+00:00,2026-07,00115d2dd0b6,deb0f3fb0961,naive1,live,,
2026-03,6,all_chargeability,EB2,FAD,2026-09-01,18185,17934,18436,17413,18957,True,naive1,0.0122,q_h,59ff8305cdc5,8fb2399f678d,2026-07-05T00:16:57+00:00,2026-07,00115d2dd0b6,deb0f3fb0961,naive1,live,,
2026-03,7,all_chargeability,EB2,FAD,2026-10-01,18185,17934,18436,17213,19157,True,naive1,0.0122,q_h,50f049a80094,ae58aa1f223a,2026-07-05T00:16:57+00:00,2026-07,00115d2dd0b6,deb0f3fb0961,naive1,live,,
2026-03,8,all_chargeability,EB2,FAD,2026-11-01,18185,17934,18436,17212,19158,True,naive1,0.0122,q_h,af76425a6221,166854df04b8,2026-07-05T00:16:57+00:00,2026-07,00115d2dd0b6,deb0f3fb0961,naive1,live,,
2026-03,9,all_chargeability,EB2,FAD,2026-12-01,18185,17847,18523,17212,19158,True,naive1,0.0122,q_h,c98ea9cb7fcf,11e5bb2737e4,2026-07-05T00:16:57+00:00,2026-07,00115d2dd0b6,deb0f3fb0961,naive1,live,,
2026-03,10,all_chargeability,EB2,FAD,2027-01-01,18185,17847,18523,17212,19158,True,naive1,0.0122,q_h,86f8b4d5c4d7,82be913df6c3,2026-07-05T00:16:57+00:00,2026-07,00115d2dd0b6,deb0f3fb0961,naive1,live,,
2026-03,11,all_chargeability,EB2,FAD,2027-02-01,18185,17847,18523,17212,19158,True,naive1,0.0122,q_h,0012b7dd2ea5,62d5fc1052bb,2026-07-05T00:16:57+00:00,2026-07,00115d2dd0b6,deb0f3fb0961,naive1,live,,
2026-03,12,all_chargeability,EB2,FAD,2027-03-01,18185,17823,18547,17160,19210,True,naive1,0.0122,q_h,9a926c59e865,583f1080ac08,2026-07-05T00:16:57+00:00,2026-07,00115d2dd0b6,deb0f3fb0961,naive1,live,,
2026-03,1,all_chargeability,EB3,DFF,2026-04-01,17911,17805,18017,17288,18534,True,naive1,0.0082,q_h,29f6d8b3c606,164010a16559,2026-07-05T00:16:57+00:00,2026-07,00115d2dd0b6,deb0f3fb0961,naive1,backfill,,
2026-03,2,all_chargeability,EB3,DFF,2026-05-01,17911,17805,18017,17288,18534,True,naive1,0.0082,q_h,2abfd4a489e5,a9e4d64c186e,2026-07-05T00:16:57+00:00,2026-07,00115d2dd0b6,deb0f3fb0961,naive1,backfill,,
2026-03,3,all_chargeability,EB3,DFF,2026-06-01,17911,17805,18017,17288,18534,True,naive1,0.0082,q_h,c8844e2354f2,ec275dbf1c38,2026-07-05T00:16:57+00:00,2026-07,00115d2dd0b6,deb0f3fb0961,naive1,backfill,,
2026-03,4,all_chargeability,EB3,DFF,2026-07-01,17911,17792,18030,17288,18534,True,naive1,0.0082,q_h,3c87442d3e67,c63f953d1754,2026-07-05T00:16:57+00:00,2026-07,00115d2dd0b6,deb0f3fb0961,naive1,backfill,,
2026-03,5,all_chargeability,EB3,DFF,2026-08-01,17911,17764,18058,17288,18534,True,naive1,0.0082,q_h,244a8d68faf0,701f88083085,2026-07-05T00:16:57+00:00,2026-07,00115d2dd0b6,deb0f3fb0961,naive1,live,,
2026-03,6,all_chargeability,EB3,DFF,2026-09-01,17911,17737,18085,17257,18565,True,naive1,0.0082,q_h,b539212ef350,5c8661d53832,2026-07-05T00:16:57+00:00,2026-07,00115d2dd0b6,deb0f3fb0961,naive1,live,,
2026-03,7,all_chargeability,EB3,DFF,2026-10-01,17911,17737,18085,17241,18581,True,naive1,0.0082,q_h,e06c2a0e8cf5,3d384af5f43d,2026-07-05T00:16:57+00:00,2026-07,00115d2dd0b6,deb0f3fb0961,naive1,live,,
2026-03,8,all_chargeability,EB3,DFF,2026-11-01,17911,17737,18085,17241,18581,True,naive1,0.0082,q_h,c04d3aaab366,87caaf31e70e,2026-07-05T00:16:57+00:00,2026-07,00115d2dd0b6,deb0f3fb0961,naive1,live,,
2026-03,9,all_chargeability,EB3,DFF,2026-12-01,17911,17663,18159,17241,18581,True,naive1,0.0082,q_h,7bd2999cd698,a713cf1d9518,2026-07-05T00:16:57+00:00,2026-07,00115d2dd0b6,deb0f3fb0961,naive1,live,,
2026-03,10,all_chargeability,EB3,DFF,2027-01-01,17911,17636,18186,17241,18581,True,naive1,0.0082,q_h,5ff28191c9bf,880c4405ee50,2026-07-05T00:16:57+00:00,2026-07,00115d2dd0b6,deb0f3fb0961,naive1,live,,
2026-03,11,all_chargeability,EB3,DFF,2027-02-01,17911,17615,18207,17241,18581,True,naive1,0.0082,q_h,130bb220436a,cf9a17541fa6,2026-07-05T00:16:57+00:00,2026-07,00115d2dd0b6,deb0f3fb0961,naive1,live,,
2026-03,12,all_chargeability,EB3,DFF,2027-03-01,17911,17573,18249,17241,18581,True,naive1,0.0082,q_h,f423be99b8a9,75a25995ae41,2026-07-05T00:16:57+00:00,2026-07,00115d2dd0b6,deb0f3fb0961,naive1,live,,
2026-03,1,all_chargeability,F2A,DFF,2026-04-01,18680,18453,18907,17345,20015,True,naive1,0.0856,q_h,2a54f1ea5e0b,a6c785d519b8,2026-07-05T00:16:57+00:00,2026-07,00115d2dd0b6,deb0f3fb0961,naive1,backfill,,
2026-03,2,all_chargeability,F2A,DFF,2026-05-01,18680,18453,18907,17345,20015,True,naive1,0.0856,q_h,f284eabfad70,19a228ac1f79,2026-07-05T00:16:57+00:00,2026-07,00115d2dd0b6,deb0f3fb0961,naive1,backfill,,
2026-03,3,all_chargeability,F2A,DFF,2026-06-01,18680,18453,18907,17345,20015,True,naive1,0.0856,q_h,b6627da9bf24,67fc60d2576e,2026-07-05T00:16:57+00:00,2026-07,00115d2dd0b6,deb0f3fb0961,naive1,backfill,,
2026-03,4,all_chargeability,F2A,DFF,2026-07-01,18680,18425,18935,17345,20015,True,naive1,0.0856,q_h,d0c670ec1920,fe98067ab2e9,2026-07-05T00:16:57+00:00,2026-07,00115d2dd0b6,deb0f3fb0961,naive1,backfill,,
2026-03,5,all_chargeability,F2A,DFF,2026-08-01,18680,18365,18995,17345,20015,True,naive1,0.0856,q_h,d58b2eaf9421,69123e0f1e04,2026-07-05T00:16:57+00:00,2026-07,00115d2dd0b6,deb0f3fb0961,naive1,live,,
2026-03,6,all_chargeability,F2A,DFF,2026-09-01,18680,18308,19052,17279,20081,True,naive1,0.0856,q_h,6e3cc803506d,277864193a35,2026-07-05T00:16:57+00:00,2026-07,00115d2dd0b6,deb0f3fb0961,naive1,live,,
2026-03,7,all_chargeability,F2A,DFF,2026-10-01,18680,18308,19052,17245,20115,True,naive1,0.0856,q_h,24a361656f78,26370a7aee14,2026-07-05T00:16:57+00:00,2026-07,00115d2dd0b6,deb0f3fb0961,naive1,live,,
2026-03,8,all_chargeability,F2A,DFF,2026-11-01,18680,18308,19052,17245,20115,True,naive1,0.0856,q_h,8dc189966eb4,8205fc0ead33,2026-07-05T00:16:57+00:00,2026-07,00115d2dd0b6,deb0f3fb0961,naive1,live,,
2026-03,9,all_chargeability,F2A,DFF,2026-12-01,18680,18150,19210,17245,20115,True,naive1,0.0856,q_h,22848f608f37,cd77c771c99e,2026-07-05T00:16:57+00:00,2026-07,00115d2dd0b6,deb0f3fb0961,naive1,live,,
2026-03,10,all_chargeability,F2A,DFF,2027-01-01,18680,18092,19268,17245,20115,True,naive1,0.0856,q_h,4ad3f67f099a,4e3a3ec1da34,2026-07-05T00:16:57+00:00,2026-07,00115d2dd0b6,deb0f3fb0961,naive1,live,,
2026-03,11,all_chargeability,F2A,DFF,2027-02-01,18680,18046,19314,17245,20115,True,naive1,0.0856,q_h,6754492e6442,2d5bfb7f1c1a,2026-07-05T00:16:57+00:00,2026-07,00115d2dd0b6,deb0f3fb0961,naive1,live,,
2026-03,12,all_chargeability,F2A,DFF,2027-03-01,18680,17956,19404,17245,20115,True,naive1,0.0856,q_h,bd68dd084416,62a1d9d32017,2026-07-05T00:16:57+00:00,2026-07,00115d2dd0b6,deb0f3fb0961,naive1,live,,
2026-03,1,china,F2A,DFF,2026-04-01,18680,18453,18907,17345,20015,True,naive1,0.0856,q_h,522582bbdbd1,a6c785d519b8,2026-07-05T00:16:57+00:00,2026-07,00115d2dd0b6,deb0f3fb0961,naive1,backfill,,
2026-03,2,china,F2A,DFF,2026-05-01,18680,18453,18907,17345,20015,True,naive1,0.0856,q_h,e5469a8be04b,19a228ac1f79,2026-07-05T00:16:57+00:00,2026-07,00115d2dd0b6,deb0f3fb0961,naive1,backfill,,
2026-03,3,china,F2A,DFF,2026-06-01,18680,18453,18907,17345,20015,True,naive1,0.0856,q_h,cb5354f12d6b,67fc60d2576e,2026-07-05T00:16:57+00:00,2026-07,00115d2dd0b6,deb0f3fb0961,naive1,backfill,,
2026-03,4,china,F2A,DFF,2026-07-01,18680,18425,18935,17345,20015,True,naive1,0.0856,q_h,cea38f05c2aa,fe98067ab2e9,2026-07-05T00:16:57+00:00,2026-07,00115d2dd0b6,deb0f3fb0961,naive1,backfill,,
2026-03,5,china,F2A,DFF,2026-08-01,18680,18365,18995,17345,20015,True,naive1,0.0856,q_h,7e94e1b7fcb1,69123e0f1e04,2026-07-05T00:16:57+00:00,2026-07,00115d2dd0b6,deb0f3fb0961,naive1,live,,
2026-03,6,china,F2A,DFF,2026-09-01,18680,18308,19052,17279,20081,True,naive1,0.0856,q_h,8d8c611021fd,277864193a35,2026-07-05T00:16:57+00:00,2026-07,00115d2dd0b6,deb0f3fb0961,naive1,live,,
2026-03,7,china,F2A,DFF,2026-10-01,18680,18308,19052,17245,20115,True,naive1,0.0856,q_h,66703ceacf23,26370a7aee14,2026-07-05T00:16:57+00:00,2026-07,00115d2dd0b6,deb0f3fb0961,naive1,live,,
2026-03,8,china,F2A,DFF,2026-11-01,18680,18308,19052,17245,20115,True,naive1,0.0856,q_h,ed21ee8d0ac4,8205fc0ead33,2026-07-05T00:16:57+00:00,2026-07,00115d2dd0b6,deb0f3fb0961,naive1,live,,
2026-03,9,china,F2A,DFF,2026-12-01,18680,18150,19210,17245,20115,True,naive1,0.0856,q_h,a679b64fe99d,cd77c771c99e,2026-07-05T00:16:57+00:00,2026-07,00115d2dd0b6,deb0f3fb0961,naive1,live,,
2026-03,10,china,F2A,DFF,2027-01-01,18680,18092,19268,17245,20115,True,naive1,0.0856,q_h,b1420afbb2d9,4e3a3ec1da34,2026-07-05T00:16:57+00:00,2026-07,00115d2dd0b6,deb0f3fb0961,naive1,live,,
2026-03,11,china,F2A,DFF,2027-02-01,18680,18046,19314,17245,20115,True,naive1,0.0856,q_h,e7cdd2c0ee55,2d5bfb7f1c1a,2026-07-05T00:16:57+00:00,2026-07,00115d2dd0b6,deb0f3fb0961,naive1,live,,
2026-03,12,china,F2A,DFF,2027-03-01,18680,17956,19404,17245,20115,True,naive1,0.0856,q_h,c771992d2ebc,62a1d9d32017,2026-07-05T00:16:57+00:00,2026-07,00115d2dd0b6,deb0f3fb0961,naive1,live,,
2026-03,1,india,F2A,DFF,2026-04-01,18680,18453,18907,17345,20015,True,naive1,0.0856,q_h,429db7bcfeea,a6c785d519b8,2026-07-05T00:16:57+00:00,2026-07,00115d2dd0b6,deb0f3fb0961,naive1,backfill,,
2026-03,2,india,F2A,DFF,2026-05-01,18680,18453,18907,17345,20015,True,naive1,0.0856,q_h,b3c61bbbbbbb,19a228ac1f79,2026-07-05T00:16:57+00:00,2026-07,00115d2dd0b6,deb0f3fb0961,naive1,backfill,,
2026-03,3,india,F2A,DFF,2026-06-01,18680,18453,18907,17345,20015,True,naive1,0.0856,q_h,5719e11795f6,67fc60d2576e,2026-07-05T00:16:57+00:00,2026-07,00115d2dd0b6,deb0f3fb0961,naive1,backfill,,
2026-03,4,india,F2A,DFF,2026-07-01,18680,18425,18935,17345,20015,True,naive1,0.0856,q_h,756839bf27ac,fe98067ab2e9,2026-07-05T00:16:57+00:00,2026-07,00115d2dd0b6,deb0f3fb0961,naive1,backfill,,
2026-03,5,india,F2A,DFF,2026-08-01,18680,18365,18995,17345,20015,True,naive1,0.0856,q_h,6fa891ab581e,69123e0f1e04,2026-07-05T00:16:57+00:00,2026-07,00115d2dd0b6,deb0f3fb0961,naive1,live,,
2026-03,6,india,F2A,DFF,2026-09-01,18680,18308,19052,17279,20081,True,naive1,0.0856,q_h,245c53f2fd32,277864193a35,2026-07-05T00:16:57+00:00,2026-07,00115d2dd0b6,deb0f3fb0961,naive1,live,,
2026-03,7,india,F2A,DFF,2026-10-01,18680,18308,19052,17245,20115,True,naive1,0.0856,q_h,e73be4dd1adc,26370a7aee14,2026-07-05T00:16:57+00:00,2026-07,00115d2dd0b6,deb0f3fb0961,naive1,live,,
2026-03,8,india,F2A,DFF,2026-11-01,18680,18308,19052,17245,20115,True,naive1,0.0856,q_h,a1485fe0f0ef,8205fc0ead33,2026-07-05T00:16:57+00:00,2026-07,00115d2dd0b6,deb0f3fb0961,naive1,live,,
2026-03,9,india,F2A,DFF,2026-12-01,18680,18150,19210,17245,20115,True,naive1,0.0856,q_h,e78b9285899b,cd77c771c99e,2026-07-05T00:16:57+00:00,2026-07,00115d2dd0b6,deb0f3fb0961,naive1,live,,
2026-03,10,india,F2A,DFF,2027-01-01,18680,18092,19268,17245,20115,True,naive1,0.0856,q_h,bd64454536d9,4e3a3ec1da34,2026-07-05T00:16:57+00:00,2026-07,00115d2dd0b6,deb0f3fb0961,naive1,live,,
2026-03,11,india,F2A,DFF,2027-02-01,18680,18046,19314,17245,20115,True,naive1,0.0856,q_h,3501008cf621,2d5bfb7f1c1a,2026-07-05T00:16:57+00:00,2026-07,00115d2dd0b6,deb0f3fb0961,naive1,live,,
2026-03,12,india,F2A,DFF,2027-03-01,18680,17956,19404,17245,20115,True,naive1,0.0856,q_h,eee594231bad,62a1d9d32017,2026-07-05T00:16:57+00:00,2026-07,00115d2dd0b6,deb0f3fb0961,naive1,live,,
2026-03,1,mexico,EB2,FAD,2026-04-01,18185,17988,18382,17988,18382,True,naive1,0.0122,q_h,81e2b747be68,e0f6cb4cc965,2026-07-05T00:16:57+00:00,2026-07,00115d2dd0b6,deb0f3fb0961,naive1,backfill,,
2026-03,2,mexico,EB2,FAD,2026-05-01,18185,17988,18382,17988,18382,True,naive1,0.0122,q_h,df9a3e4a4242,e3c6ad538d0b,2026-07-05T00:16:57+00:00,2026-07,00115d2dd0b6,deb0f3fb0961,naive1,backfill,,
2026-03,3,mexico,EB2,FAD,2026-06-01,18185,17988,18382,17773,18597,True,naive1,0.0122,q_h,26fe4a252b39,de35438d87cd,2026-07-05T00:16:57+00:00,2026-07,00115d2dd0b6,deb0f3fb0961,naive1,backfill,,
2026-03,4,mexico,EB2,FAD,2026-07-01,18185,17988,18382,17448,18922,True,naive1,0.0122,q_h,c06b87cc68a3,89452e38631c,2026-07-05T00:16:57+00:00,2026-07,00115d2dd0b6,deb0f3fb0961,naive1,backfill,,
2026-03,5,mexico,EB2,FAD,2026-08-01,18185,17967,18403,17448,18922,True,naive1,0.0122,q_h,0dc2d2bdf965,c414b5f0f03b,2026-07-05T00:16:57+00:00,2026-07,00115d2dd0b6,deb0f3fb0961,naive1,live,,
2026-03,6,mexico,EB2,FAD,2026-09-01,18185,17934,18436,17413,18957,True,naive1,0.0122,q_h,c402476bb4cb,8fb2399f678d,2026-07-05T00:16:57+00:00,2026-07,00115d2dd0b6,deb0f3fb0961,naive1,live,,
2026-03,7,mexico,EB2,FAD,2026-10-01,18185,17934,18436,17213,19157,True,naive1,0.0122,q_h,59ce5cf492f2,ae58aa1f223a,2026-07-05T00:16:57+00:00,2026-07,00115d2dd0b6,deb0f3fb0961,naive1,live,,
2026-03,8,mexico,EB2,FAD,2026-11-01,18185,17934,18436,17212,19158,True,naive1,0.0122,q_h,0e5f7f6a68b5,166854df04b8,2026-07-05T00:16:57+00:00,2026-07,00115d2dd0b6,deb0f3fb0961,naive1,live,,
2026-03,9,mexico,EB2,FAD,2026-12-01,18185,17847,18523,17212,19158,True,naive1,0.0122,q_h,6c74d1119cff,11e5bb2737e4,2026-07-05T00:16:57+00:00,2026-07,00115d2dd0b6,deb0f3fb0961,naive1,live,,
2026-03,10,mexico,EB2,FAD,2027-01-01,18185,17847,18523,17212,19158,True,naive1,0.0122,q_h,d01ae82aaddd,82be913df6c3,2026-07-05T00:16:57+00:00,2026-07,00115d2dd0b6,deb0f3fb0961,naive1,live,,
2026-03,11,mexico,EB2,FAD,2027-02-01,18185,17847,18523,17212,19158,True,naive1,0.0122,q_h,950b25de770b,62d5fc1052bb,2026-07-05T00:16:57+00:00,2026-07,00115d2dd0b6,deb0f3fb0961,naive1,live,,
2026-03,12,mexico,EB2,FAD,2027-03-01,18185,17823,18547,17160,19210,True,naive1,0.0122,q_h,8f00fc2847b4,583f1080ac08,2026-07-05T00:16:57+00:00,2026-07,00115d2dd0b6,deb0f3fb0961,naive1,live,,
2026-03,1,mexico,EB3,DFF,2026-04-01,17911,17805,18017,17288,18534,True,naive1,0.0082,q_h,4cb62f4b7e71,164010a16559,2026-07-05T00:16:57+00:00,2026-07,00115d2dd0b6,deb0f3fb0961,naive1,backfill,,
2026-03,2,mexico,EB3,DFF,2026-05-01,17911,17805,18017,17288,18534,True,naive1,0.0082,q_h,a605b03222dc,a9e4d64c186e,2026-07-05T00:16:57+00:00,2026-07,00115d2dd0b6,deb0f3fb0961,naive1,backfill,,
2026-03,3,mexico,EB3,DFF,2026-06-01,17911,17805,18017,17288,18534,True,naive1,0.0082,q_h,667a6d3e9915,ec275dbf1c38,2026-07-05T00:16:57+00:00,2026-07,00115d2dd0b6,deb0f3fb0961,naive1,backfill,,
2026-03,4,mexico,EB3,DFF,2026-07-01,17911,17792,18030,17288,18534,True,naive1,0.0082,q_h,1f87d7f79ddc,c63f953d1754,2026-07-05T00:16:57+00:00,2026-07,00115d2dd0b6,deb0f3fb0961,naive1,backfill,,
2026-03,5,mexico,EB3,DFF,2026-08-01,17911,17764,18058,17288,18534,True,naive1,0.0082,q_h,9f402659420c,701f88083085,2026-07-05T00:16:57+00:00,2026-07,00115d2dd0b6,deb0f3fb0961,naive1,live,,
2026-03,6,mexico,EB3,DFF,2026-09-01,17911,17737,18085,17257,18565,True,naive1,0.0082,q_h,78b2e93d5097,5c8661d53832,2026-07-05T00:16:57+00:00,2026-07,00115d2dd0b6,deb0f3fb0961,naive1,live,,
2026-03,7,mexico,EB3,DFF,2026-10-01,17911,17737,18085,17241,18581,True,naive1,0.0082,q_h,1407aeecbfec,3d384af5f43d,2026-07-05T00:16:57+00:00,2026-07,00115d2dd0b6,deb0f3fb0961,naive1,live,,
2026-03,8,mexico,EB3,DFF,2026-11-01,17911,17737,18085,17241,18581,True,naive1,0.0082,q_h,770cb55c11af,87caaf31e70e,2026-07-05T00:16:57+00:00,2026-07,00115d2dd0b6,deb0f3fb0961,naive1,live,,
2026-03,9,mexico,EB3,DFF,2026-12-01,17911,17663,18159,17241,18581,True,naive1,0.0082,q_h,909fea5eb14c,a713cf1d9518,2026-07-05T00:16:57+00:00,2026-07,00115d2dd0b6,deb0f3fb0961,naive1,live,,
2026-03,10,mexico,EB3,DFF,2027-01-01,17911,17636,18186,17241,18581,True,naive1,0.0082,q_h,c388d05b9ff3,880c4405ee50,2026-07-05T00:16:57+00:00,2026-07,00115d2dd0b6,deb0f3fb0961,naive1,live,,
2026-03,11,mexico,EB3,DFF,2027-02-01,17911,17615,18207,17241,18581,True,naive1,0.0082,q_h,fd3af7b1cd11,cf9a17541fa6,2026-07-05T00:16:57+00:00,2026-07,00115d2dd0b6,deb0f3fb0961,naive1,live,,
2026-03,12,mexico,EB3,DFF,2027-03-01,17911,17573,18249,17241,18581,True,naive1,0.0082,q_h,a5559a017c66,75a25995ae41,2026-07-05T00:16:57+00:00,2026-07,00115d2dd0b6,deb0f3fb0961,naive1,live,,
2026-03,1,mexico,F2A,DFF,2026-04-01,18680,18453,18907,17345,20015,True,naive1,0.0856,q_h,373915690b5c,a6c785d519b8,2026-07-05T00:16:57+00:00,2026-07,00115d2dd0b6,deb0f3fb0961,naive1,backfill,,
2026-03,2,mexico,F2A,DFF,2026-05-01,18680,18453,18907,17345,20015,True,naive1,0.0856,q_h,9d6d9a9fa5ec,19a228ac1f79,2026-07-05T00:16:57+00:00,2026-07,00115d2dd0b6,deb0f3fb0961,naive1,backfill,,
2026-03,3,mexico,F2A,DFF,2026-06-01,18680,18453,18907,17345,20015,True,naive1,0.0856,q_h,ce4353b0696e,67fc60d2576e,2026-07-05T00:16:57+00:00,2026-07,00115d2dd0b6,deb0f3fb0961,naive1,backfill,,
2026-03,4,mexico,F2A,DFF,2026-07-01,18680,18425,18935,17345,20015,True,naive1,0.0856,q_h,ef899b980b3c,fe98067ab2e9,2026-07-05T00:16:57+00:00,2026-07,00115d2dd0b6,deb0f3fb0961,naive1,backfill,,
2026-03,5,mexico,F2A,DFF,2026-08-01,18680,18365,18995,17345,20015,True,naive1,0.0856,q_h,abe9ad5c6b83,69123e0f1e04,2026-07-05T00:16:57+00:00,2026-07,00115d2dd0b6,deb0f3fb0961,naive1,live,,
2026-03,6,mexico,F2A,DFF,2026-09-01,18680,18308,19052,17279,20081,True,naive1,0.0856,q_h,4eef6bf97e70,277864193a35,2026-07-05T00:16:57+00:00,2026-07,00115d2dd0b6,deb0f3fb0961,naive1,live,,
2026-03,7,mexico,F2A,DFF,2026-10-01,18680,18308,19052,17245,20115,True,naive1,0.0856,q_h,8a36ab83d0bd,26370a7aee14,2026-07-05T00:16:57+00:00,2026-07,00115d2dd0b6,deb0f3fb0961,naive1,live,,
2026-03,8,mexico,F2A,DFF,2026-11-01,18680,18308,19052,17245,20115,True,naive1,0.0856,q_h,257742f95d7f,8205fc0ead33,2026-07-05T00:16:57+00:00,2026-07,00115d2dd0b6,deb0f3fb0961,naive1,live,,
2026-03,9,mexico,F2A,DFF,2026-12-01,18680,18150,19210,17245,20115,True,naive1,0.0856,q_h,2597d5237e3f,cd77c771c99e,2026-07-05T00:16:57+00:00,2026-07,00115d2dd0b6,deb0f3fb0961,naive1,live,,
2026-03,10,mexico,F2A,DFF,2027-01-01,18680,18092,19268,17245,20115,True,naive1,0.0856,q_h,d5eecf06f467,4e3a3ec1da34,2026-07-05T00:16:57+00:00,2026-07,00115d2dd0b6,deb0f3fb0961,naive1,live,,
2026-03,11,mexico,F2A,DFF,2027-02-01,18680,18046,19314,17245,20115,True,naive1,0.0856,q_h,d9e188f331b5,2d5bfb7f1c1a,2026-07-05T00:16:57+00:00,2026-07,00115d2dd0b6,deb0f3fb0961,naive1,live,,
2026-03,12,mexico,F2A,DFF,2027-03-01,18680,17956,19404,17245,20115,True,naive1,0.0856,q_h,88ac19a0cc85,62a1d9d32017,2026-07-05T00:16:57+00:00,2026-07,00115d2dd0b6,deb0f3fb0961,naive1,live,,
2026-03,1,philippines,EB2,FAD,2026-04-01,18185,17988,18382,17988,18382,True,naive1,0.0122,q_h,1d11623aed23,e0f6cb4cc965,2026-07-05T00:16:57+00:00,2026-07,00115d2dd0b6,deb0f3fb0961,naive1,backfill,,
2026-03,2,philippines,EB2,FAD,2026-05-01,18185,17988,18382,17988,18382,True,naive1,0.0122,q_h,b1a9859e3bda,e3c6ad538d0b,2026-07-05T00:16:57+00:00,2026-07,00115d2dd0b6,deb0f3fb0961,naive1,backfill,,
2026-03,3,philippines,EB2,FAD,2026-06-01,18185,17988,18382,17773,18597,True,naive1,0.0122,q_h,07cc78c33727,de35438d87cd,2026-07-05T00:16:57+00:00,2026-07,00115d2dd0b6,deb0f3fb0961,naive1,backfill,,
2026-03,4,philippines,EB2,FAD,2026-07-01,18185,17988,18382,17448,18922,True,naive1,0.0122,q_h,6c33429b1a66,89452e38631c,2026-07-05T00:16:57+00:00,2026-07,00115d2dd0b6,deb0f3fb0961,naive1,backfill,,
2026-03,5,philippines,EB2,FAD,2026-08-01,18185,17967,18403,17448,18922,True,naive1,0.0122,q_h,3ce4429a7431,c414b5f0f03b,2026-07-05T00:16:57+00:00,2026-07,00115d2dd0b6,deb0f3fb0961,naive1,live,,
2026-03,6,philippines,EB2,FAD,2026-09-01,18185,17934,18436,17413,18957,True,naive1,0.0122,q_h,d1efc4b4ec01,8fb2399f678d,2026-07-05T00:16:57+00:00,2026-07,00115d2dd0b6,deb0f3fb0961,naive1,live,,
2026-03,7,philippines,EB2,FAD,2026-10-01,18185,17934,18436,17213,19157,True,naive1,0.0122,q_h,e2484b96ec5a,ae58aa1f223a,2026-07-05T00:16:57+00:00,2026-07,00115d2dd0b6,deb0f3fb0961,naive1,live,,
2026-03,8,philippines,EB2,FAD,2026-11-01,18185,17934,18436,17212,19158,True,naive1,0.0122,q_h,9e27ba7c59ba,166854df04b8,2026-07-05T00:16:57+00:00,2026-07,00115d2dd0b6,deb0f3fb0961,naive1,live,,
2026-03,9,philippines,EB2,FAD,2026-12-01,18185,17847,18523,17212,19158,True,naive1,0.0122,q_h,9d4a96a06ce2,11e5bb2737e4,2026-07-05T00:16:57+00:00,2026-07,00115d2dd0b6,deb0f3fb0961,naive1,live,,
2026-03,10,philippines,EB2,FAD,2027-01-01,18185,17847,18523,17212,19158,True,naive1,0.0122,q_h,1adb424474b4,82be913df6c3,2026-07-05T00:16:57+00:00,2026-07,00115d2dd0b6,deb0f3fb0961,naive1,live,,
2026-03,11,philippines,EB2,FAD,2027-02-01,18185,17847,18523,17212,19158,True,naive1,0.0122,q_h,093953b90667,62d5fc1052bb,2026-07-05T00:16:57+00:00,2026-07,00115d2dd0b6,deb0f3fb0961,naive1,live,,
2026-03,12,philippines,EB2,FAD,2027-03-01,18185,17823,18547,17160,19210,True,naive1,0.0122,q_h,584f86331710,583f1080ac08,2026-07-05T00:16:57+00:00,2026-07,00115d2dd0b6,deb0f3fb0961,naive1,live,,
2026-03,1,philippines,F2A,DFF,2026-04-01,18680,18453,18907,17345,20015,True,naive1,0.0856,q_h,ad492d4be406,a6c785d519b8,2026-07-05T00:16:57+00:00,2026-07,00115d2dd0b6,deb0f3fb0961,naive1,backfill,,
2026-03,2,philippines,F2A,DFF,2026-05-01,18680,18453,18907,17345,20015,True,naive1,0.0856,q_h,b6c4c5921b3b,19a228ac1f79,2026-07-05T00:16:57+00:00,2026-07,00115d2dd0b6,deb0f3fb0961,naive1,backfill,,
2026-03,3,philippines,F2A,DFF,2026-06-01,18680,18453,18907,17345,20015,True,naive1,0.0856,q_h,7111de323fd2,67fc60d2576e,2026-07-05T00:16:57+00:00,2026-07,00115d2dd0b6,deb0f3fb0961,naive1,backfill,,
2026-03,4,philippines,F2A,DFF,2026-07-01,18680,18425,18935,17345,20015,True,naive1,0.0856,q_h,9c2a0254ca8f,fe98067ab2e9,2026-07-05T00:16:57+00:00,2026-07,00115d2dd0b6,deb0f3fb0961,naive1,backfill,,
2026-03,5,philippines,F2A,DFF,2026-08-01,18680,18365,18995,17345,20015,True,naive1,0.0856,q_h,a944d5cabd9b,69123e0f1e04,2026-07-05T00:16:57+00:00,2026-07,00115d2dd0b6,deb0f3fb0961,naive1,live,,
2026-03,6,philippines,F2A,DFF,2026-09-01,18680,18308,19052,17279,20081,True,naive1,0.0856,q_h,5a2effd18e98,277864193a35,2026-07-05T00:16:57+00:00,2026-07,00115d2dd0b6,deb0f3fb0961,naive1,live,,
2026-03,7,philippines,F2A,DFF,2026-10-01,18680,18308,19052,17245,20115,True,naive1,0.0856,q_h,7b75eb9d700d,26370a7aee14,2026-07-05T00:16:57+00:00,2026-07,00115d2dd0b6,deb0f3fb0961,naive1,live,,
2026-03,8,philippines,F2A,DFF,2026-11-01,18680,18308,19052,17245,20115,True,naive1,0.0856,q_h,2d7497f90983,8205fc0ead33,2026-07-05T00:16:57+00:00,2026-07,00115d2dd0b6,deb0f3fb0961,naive1,live,,
2026-03,9,philippines,F2A,DFF,2026-12-01,18680,18150,19210,17245,20115,True,naive1,0.0856,q_h,f4101ddd5bcd,cd77c771c99e,2026-07-05T00:16:57+00:00,2026-07,00115d2dd0b6,deb0f3fb0961,naive1,live,,
2026-03,10,philippines,F2A,DFF,2027-01-01,18680,18092,19268,17245,20115,True,naive1,0.0856,q_h,fefacbc7341a,4e3a3ec1da34,2026-07-05T00:16:57+00:00,2026-07,00115d2dd0b6,deb0f3fb0961,naive1,live,,
2026-03,11,philippines,F2A,DFF,2027-02-01,18680,18046,19314,17245,20115,True,naive1,0.0856,q_h,f153557deb98,2d5bfb7f1c1a,2026-07-05T00:16:57+00:00,2026-07,00115d2dd0b6,deb0f3fb0961,naive1,live,,
2026-03,12,philippines,F2A,DFF,2027-03-01,18680,17956,19404,17245,20115,True,naive1,0.0856,q_h,903a05f3c250,62a1d9d32017,2026-07-05T00:16:57+00:00,2026-07,00115d2dd0b6,deb0f3fb0961,naive1,live,,
2026-06,1,india,EB2,FAD,2026-07-01,14123,13806,14440,13806,14440,True,naive1,0.079,q_h,3ec15348e146,494300eb1638,2026-07-05T00:16:57+00:00,2026-07,00115d2dd0b6,deb0f3fb0961,naive1,backfill,,
2026-06,2,india,EB2,FAD,2026-08-01,14123,13806,14440,13806,14440,True,naive1,0.079,q_h,0927a29aa18a,59e3cc74024d,2026-07-05T00:16:57+00:00,2026-07,00115d2dd0b6,deb0f3fb0961,naive1,live,,
2026-06,3,india,EB2,FAD,2026-09-01,14123,13806,14440,13459,14787,True,naive1,0.079,q_h,38d7f8bedece,498a91c46e61,2026-07-05T00:16:57+00:00,2026-07,00115d2dd0b6,deb0f3fb0961,naive1,live,,
2026-06,4,india,EB2,FAD,2026-10-01,14123,13806,14440,12937,15309,True,naive1,0.079,q_h,b54d23522e46,caaa591d2595,2026-07-05T00:16:57+00:00,2026-07,00115d2dd0b6,deb0f3fb0961,naive1,live,,
2026-06,5,india,EB2,FAD,2026-11-01,14123,13772,14474,12937,15309,True,naive1,0.079,q_h,4363ec0dc285,240b7df1236d,2026-07-05T00:16:57+00:00,2026-07,00115d2dd0b6,deb0f3fb0961,naive1,live,,
2026-06,6,india,EB2,FAD,2026-12-01,14123,13719,14527,12881,15365,True,naive1,0.079,q_h,b825051c1f70,26c261804944,2026-07-05T00:16:57+00:00,2026-07,00115d2dd0b6,deb0f3fb0961,naive1,live,,
2026-06,7,india,EB2,FAD,2027-01-01,14123,13719,14527,12559,15687,True,naive1,0.079,q_h,73bf61203905,fc01374beec1,2026-07-05T00:16:57+00:00,2026-07,00115d2dd0b6,deb0f3fb0961,naive1,live,,
2026-06,8,india,EB2,FAD,2027-02-01,14123,13719,14527,12558,15688,True,naive1,0.079,q_h,b1a70cf8653c,724e9021e8b2,2026-07-05T00:16:57+00:00,2026-07,00115d2dd0b6,deb0f3fb0961,naive1,live,,
2026-06,9,india,EB2,FAD,2027-03-01,14123,13578,14668,12558,15688,True,naive1,0.079,q_h,693f2098ef5b,04ca07013e62,2026-07-05T00:16:57+00:00,2026-07,00115d2dd0b6,deb0f3fb0961,naive1,live,,
2026-06,10,india,EB2,FAD,2027-04-01,14123,13578,14668,12558,15688,True,naive1,0.079,q_h,7f45f1a632b5,7c5c9d1af51e,2026-07-05T00:16:57+00:00,2026-07,00115d2dd0b6,deb0f3fb0961,naive1,live,,
2026-06,11,india,EB2,FAD,2027-05-01,14123,13578,14668,12558,15688,True,naive1,0.079,q_h,23b24d2885b5,c7a319a50022,2026-07-05T00:16:57+00:00,2026-07,00115d2dd0b6,deb0f3fb0961,naive1,live,,
2026-06,12,india,EB2,FAD,2027-06-01,14123,13540,14706,12473,15773,True,naive1,0.079,q_h,651e841979c3,735ff4dd800f,2026-07-05T00:16:57+00:00,2026-07,00115d2dd0b6,deb0f3fb0961,naive1,live,,
2026-07,1,all_chargeability,EB3,FAD,2026-08-01,18110,17396,18824,17396,18824,True,naive1,0.0952,q_h,1447237612a7,e45b4831bb2d,2026-07-05T00:16:57+00:00,2026-07,00115d2dd0b6,deb0f3fb0961,naive1,live,,
2026-07,2,all_chargeability,EB3,FAD,2026-09-01,18110,17396,18824,17396,18824,True,naive1,0.0952,q_h,5a143e85c4d2,2c5862b699a4,2026-07-05T00:16:57+00:00,2026-07,00115d2dd0b6,deb0f3fb0961,naive1,live,,
2026-07,3,all_chargeability,EB3,FAD,2026-10-01,18110,17396,18824,16615,19605,True,naive1,0.0952,q_h,6de5523b97e8,47f652759b0c,2026-07-05T00:16:57+00:00,2026-07,00115d2dd0b6,deb0f3fb0961,naive1,live,,
2026-07,4,all_chargeability,EB3,FAD,2026-11-01,18110,17396,18824,15440,20780,True,naive1,0.0952,q_h,addac4fbf2f2,4cd64f030b92,2026-07-05T00:16:57+00:00,2026-07,00115d2dd0b6,deb0f3fb0961,naive1,live,,
2026-07,5,all_chargeability,EB3,FAD,2026-12-01,18110,17320,18900,15440,20780,True,naive1,0.0952,q_h,c78e14f1d3c3,c854bd12592e,2026-07-05T00:16:57+00:00,2026-07,00115d2dd0b6,deb0f3fb0961,naive1,live,,
2026-07,6,all_chargeability,EB3,FAD,2027-01-01,18110,17200,19020,15312,20908,True,naive1,0.0952,q_h,c89da305b82b,36ac03830624,2026-07-05T00:16:57+00:00,2026-07,00115d2dd0b6,deb0f3fb0961,naive1,live,,
2026-07,7,all_chargeability,EB3,FAD,2027-02-01,18110,17200,19020,14587,21633,True,naive1,0.0952,q_h,a013aca11c30,984e066d7fdd,2026-07-05T00:16:57+00:00,2026-07,00115d2dd0b6,deb0f3fb0961,naive1,live,,
2026-07,8,all_chargeability,EB3,FAD,2027-03-01,18110,17200,19020,14585,21635,True,naive1,0.0952,q_h,80557cf546d5,e1b007434309,2026-07-05T00:16:57+00:00,2026-07,00115d2dd0b6,deb0f3fb0961,naive1,live,,
2026-07,9,all_chargeability,EB3,FAD,2027-04-01,18110,16883,19337,14585,21635,True,naive1,0.0952,q_h,08e7f0d7840b,3e6322703ae9,2026-07-05T00:16:57+00:00,2026-07,00115d2dd0b6,deb0f3fb0961,naive1,live,,
2026-07,10,all_chargeability,EB3,FAD,2027-05-01,18110,16883,19337,14585,21635,True,naive1,0.0952,q_h,9645608e86c9,ad7661cdf06f,2026-07-05T00:16:57+00:00,2026-07,00115d2dd0b6,deb0f3fb0961,naive1,live,,
2026-07,11,all_chargeability,EB3,FAD,2027-06-01,18110,16883,19337,14585,21635,True,naive1,0.0952,q_h,612944192977,0d28fbc026e0,2026-07-05T00:16:57+00:00,2026-07,00115d2dd0b6,deb0f3fb0961,naive1,live,,
2026-07,12,all_chargeability,EB3,FAD,2027-07-01,18110,16798,19422,14394,21826,True,naive1,0.0952,q_h,0f46dae7d82e,4cf3fb605f1b,2026-07-05T00:16:57+00:00,2026-07,00115d2dd0b6,deb0f3fb0961,naive1,live,,
2026-07,1,all_chargeability,EB3_OW,DFF,2026-08-01,17379,17176,17582,16185,18573,True,naive1,0.0318,q_h,92ed4783d460,39897a348d97,2026-07-05T00:16:57+00:00,2026-07,00115d2dd0b6,deb0f3fb0961,naive1,live,,
2026-07,2,all_chargeability,EB3_OW,DFF,2026-09-01,17379,17176,17582,16185,18573,True,naive1,0.0318,q_h,2d2702f8e229,ac334eb3e3ec,2026-07-05T00:16:57+00:00,2026-07,00115d2dd0b6,deb0f3fb0961,naive1,live,,
2026-07,3,all_chargeability,EB3_OW,DFF,2026-10-01,17379,17176,17582,16185,18573,True,naive1,0.0318,q_h,cd820223c198,0961b1b71960,2026-07-05T00:16:57+00:00,2026-07,00115d2dd0b6,deb0f3fb0961,naive1,live,,
2026-07,4,all_chargeability,EB3_OW,DFF,2026-11-01,17379,17151,17607,16185,18573,True,naive1,0.0318,q_h,8ea819d50a71,5a358c5e96c3,2026-07-05T00:16:57+00:00,2026-07,00115d2dd0b6,deb0f3fb0961,naive1,live,,
2026-07,5,all_chargeability,EB3_OW,DFF,2026-12-01,17379,17097,17661,16185,18573,True,naive1,0.0318,q_h,0742ccd3d559,9133e89d536f,2026-07-05T00:16:57+00:00,2026-07,00115d2dd0b6,deb0f3fb0961,naive1,live,,
2026-07,6,all_chargeability,EB3_OW,DFF,2027-01-01,17379,17046,17712,16126,18632,True,naive1,0.0318,q_h,1ffa9b9d152d,e076d15da1b4,2026-07-05T00:16:57+00:00,2026-07,00115d2dd0b6,deb0f3fb0961,naive1,live,,
2026-07,7,all_chargeability,EB3_OW,DFF,2027-02-01,17379,17046,17712,16096,18662,True,naive1,0.0318,q_h,3466563b8956,6e71b5ca8690,2026-07-05T00:16:57+00:00,2026-07,00115d2dd0b6,deb0f3fb0961,naive1,live,,
2026-07,8,all_chargeability,EB3_OW,DFF,2027-03-01,17379,17046,17712,16096,18662,True,naive1,0.0318,q_h,b6bfafc89c68,30b42cc19ace,2026-07-05T00:16:57+00:00,2026-07,00115d2dd0b6,deb0f3fb0961,naive1,live,,
2026-07,9,all_chargeability,EB3_OW,DFF,2027-04-01,17379,16905,17853,16096,18662,True,naive1,0.0318,q_h,d169a1452774,51c14f0db0e0,2026-07-05T00:16:57+00:00,2026-07,00115d2dd0b6,deb0f3fb0961,naive1,live,,
2026-07,10,all_chargeability,EB3_OW,DFF,2027-05-01,17379,16853,17905,16096,18662,True,naive1,0.0318,q_h,7ee0fc977dc6,afb39a912024,2026-07-05T00:16:57+00:00,2026-07,00115d2dd0b6,deb0f3fb0961,naive1,live,,
2026-07,11,all_chargeability,EB3_OW,DFF,2027-06-01,17379,16812,17946,16096,18662,True,naive1,0.0318,q_h,82c3fbf25041,340ab723b61a,2026-07-05T00:16:57+00:00,2026-07,00115d2dd0b6,deb0f3fb0961,naive1,live,,
2026-07,12,all_chargeability,EB3_OW,DFF,2027-07-01,17379,16731,18027,16096,18662,True,naive1,0.0318,q_h,4b8694b47455,053a838613b9,2026-07-05T00:16:57+00:00,2026-07,00115d2dd0b6,deb0f3fb0961,naive1,live,,
2026-07,1,all_chargeability,EB3_OW,FAD,2026-08-01,17226,17116,17336,17116,17336,True,naive1,0.0319,q_h,21b0b1c4bab7,68a65904e214,2026-07-05T00:16:57+00:00,2026-07,00115d2dd0b6,deb0f3fb0961,naive1,live,,
2026-07,2,all_chargeability,EB3_OW,FAD,2026-09-01,17226,17116,17336,17116,17336,True,naive1,0.0319,q_h,100b7a0dca94,3edcc3ef66d0,2026-07-05T00:16:57+00:00,2026-07,00115d2dd0b6,deb0f3fb0961,naive1,live,,
2026-07,3,all_chargeability,EB3_OW,FAD,2026-10-01,17226,17116,17336,16996,17456,True,naive1,0.0319,q_h,49c6481acd70,bff4124a9fe4,2026-07-05T00:16:57+00:00,2026-07,00115d2dd0b6,deb0f3fb0961,naive1,live,,
2026-07,4,all_chargeability,EB3_OW,FAD,2026-11-01,17226,17116,17336,16815,17637,True,naive1,0.0319,q_h,55fc45d95272,63f7e6cbe8db,2026-07-05T00:16:57+00:00,2026-07,00115d2dd0b6,deb0f3fb0961,naive1,live,,
2026-07,5,all_chargeability,EB3_OW,FAD,2026-12-01,17226,17104,17348,16815,17637,True,naive1,0.0319,q_h,b5ebd74911ef,d6ce0884acd0,2026-07-05T00:16:57+00:00,2026-07,00115d2dd0b6,deb0f3fb0961,naive1,live,,
2026-07,6,all_chargeability,EB3_OW,FAD,2027-01-01,17226,17086,17366,16795,17657,True,naive1,0.0319,q_h,950806923b48,3b1faff6ee83,2026-07-05T00:16:57+00:00,2026-07,00115d2dd0b6,deb0f3fb0961,naive1,live,,
2026-07,7,all_chargeability,EB3_OW,FAD,2027-02-01,17226,17086,17366,16683,17769,True,naive1,0.0319,q_h,dbcded4ef55d,8f6b4340e3c7,2026-07-05T00:16:57+00:00,2026-07,00115d2dd0b6,deb0f3fb0961,naive1,live,,
2026-07,8,all_chargeability,EB3_OW,FAD,2027-03-01,17226,17086,17366,16683,17769,True,naive1,0.0319,q_h,60152358bd7a,d27639b1cabb,2026-07-05T00:16:57+00:00,2026-07,00115d2dd0b6,deb0f3fb0961,naive1,live,,
2026-07,9,all_chargeability,EB3_OW,FAD,2027-04-01,17226,17037,17415,16683,17769,True,naive1,0.0319,q_h,011d395238c8,d26e7a3de17e,2026-07-05T00:16:57+00:00,2026-07,00115d2dd0b6,deb0f3fb0961,naive1,live,,
2026-07,10,all_chargeability,EB3_OW,FAD,2027-05-01,17226,17037,17415,16683,17769,True,naive1,0.0319,q_h,f9f4db518cb7,eb45bc35c7cc,2026-07-05T00:16:57+00:00,2026-07,00115d2dd0b6,deb0f3fb0961,naive1,live,,
2026-07,11,all_chargeability,EB3_OW,FAD,2027-06-01,17226,17037,17415,16683,17769,True,naive1,0.0319,q_h,e3bd93507486,59fdaaeda126,2026-07-05T00:16:57+00:00,2026-07,00115d2dd0b6,deb0f3fb0961,naive1,live,,
2026-07,12,all_chargeability,EB3_OW,FAD,2027-07-01,17226,17024,17428,16654,17798,True,naive1,0.0319,q_h,e0d088f8819f,41f3606bf3a7,2026-07-05T00:16:57+00:00,2026-07,00115d2dd0b6,deb0f3fb0961,naive1,live,,
2026-07,1,all_chargeability,EB4,FAD,2026-08-01,17424,16905,17943,16905,17943,True,naive1,0.0575,q_h,26fa86c3f21c,cebef1123488,2026-07-05T00:16:57+00:00,2026-07,00115d2dd0b6,deb0f3fb0961,naive1,live,,
2026-07,2,all_chargeability,EB4,FAD,2026-09-01,17424,16905,17943,16905,17943,True,naive1,0.0575,q_h,d649279ba1da,706a602460d8,2026-07-05T00:16:57+00:00,2026-07,00115d2dd0b6,deb0f3fb0961,naive1,live,,
2026-07,3,all_chargeability,EB4,FAD,2026-10-01,17424,16905,17943,16338,18510,True,naive1,0.0575,q_h,caa95c2f8859,a883bf2c7d19,2026-07-05T00:16:57+00:00,2026-07,00115d2dd0b6,deb0f3fb0961,naive1,live,,
2026-07,4,all_chargeability,EB4,FAD,2026-11-01,17424,16905,17943,15483,19365,True,naive1,0.0575,q_h,e63d5106abdd,c79eb8cd939a,2026-07-05T00:16:57+00:00,2026-07,00115d2dd0b6,deb0f3fb0961,naive1,live,,
2026-07,5,all_chargeability,EB4,FAD,2026-12-01,17424,16850,17998,15483,19365,True,naive1,0.0575,q_h,fafc5b5d632d,cd7403d5f6d1,2026-07-05T00:16:57+00:00,2026-07,00115d2dd0b6,deb0f3fb0961,naive1,live,,
2026-07,6,all_chargeability,EB4,FAD,2027-01-01,17424,16762,18086,15390,19458,True,naive1,0.0575,q_h,a45819281fec,5b096b910562,2026-07-05T00:16:57+00:00,2026-07,00115d2dd0b6,deb0f3fb0961,naive1,live,,
2026-07,7,all_chargeability,EB4,FAD,2027-02-01,17424,16762,18086,14863,19985,True,naive1,0.0575,q_h,fed3c2ff4e5c,4745509dbec3,2026-07-05T00:16:57+00:00,2026-07,00115d2dd0b6,deb0f3fb0961,naive1,live,,
2026-07,8,all_chargeability,EB4,FAD,2027-03-01,17424,16762,18086,14862,19986,True,naive1,0.0575,q_h,971586ba0973,67fc54a88c27,2026-07-05T00:16:57+00:00,2026-07,00115d2dd0b6,deb0f3fb0961,naive1,live,,
2026-07,9,all_chargeability,EB4,FAD,2027-04-01,17424,16532,18316,14862,19986,True,naive1,0.0575,q_h,7998831f1e4d,d0e5d6540580,2026-07-05T00:16:57+00:00,2026-07,00115d2dd0b6,deb0f3fb0961,naive1,live,,
2026-07,10,all_chargeability,EB4,FAD,2027-05-01,17424,16532,18316,14862,19986,True,naive1,0.0575,q_h,d94fd7055404,dbdb7475d4bb,2026-07-05T00:16:57+00:00,2026-07,00115d2dd0b6,deb0f3fb0961,naive1,live,,
2026-07,11,all_chargeability,EB4,FAD,2027-06-01,17424,16532,18316,14862,19986,True,naive1,0.0575,q_h,6ebf06e12d44,b8493ccf0e02,2026-07-05T00:16:57+00:00,2026-07,00115d2dd0b6,deb0f3fb0961,naive1,live,,
2026-07,12,all_chargeability,EB4,FAD,2027-07-01,17424,16470,18378,14723,20125,True,naive1,0.0575,q_h,9652c63dc626,c3c4faac0664,2026-07-05T00:16:57+00:00,2026-07,00115d2dd0b6,deb0f3fb0961,naive1,live,,
2026-07,1,all_chargeability,EB4_RW,FAD,2026-08-01,17424,16905,17943,16905,17943,True,naive1,0.0632,q_h,239fde9803c1,cebef1123488,2026-07-05T00:16:57+00:00,2026-07,00115d2dd0b6,deb0f3fb0961,naive1,live,,
2026-07,2,all_chargeability,EB4_RW,FAD,2026-09-01,17424,16905,17943,16905,17943,True,naive1,0.0632,q_h,e3c721532537,706a602460d8,2026-07-05T00:16:57+00:00,2026-07,00115d2dd0b6,deb0f3fb0961,naive1,live,,
2026-07,3,all_chargeability,EB4_RW,FAD,2026-10-01,17424,16905,17943,16338,18510,True,naive1,0.0632,q_h,ef64db6040ea,a883bf2c7d19,2026-07-05T00:16:57+00:00,2026-07,00115d2dd0b6,deb0f3fb0961,naive1,live,,
2026-07,4,all_chargeability,EB4_RW,FAD,2026-11-01,17424,16905,17943,15483,19365,True,naive1,0.0632,q_h,5231851935cd,c79eb8cd939a,2026-07-05T00:16:57+00:00,2026-07,00115d2dd0b6,deb0f3fb0961,naive1,live,,
2026-07,5,all_chargeability,EB4_RW,FAD,2026-12-01,17424,16850,17998,15483,19365,True,naive1,0.0632,q_h,57c338736d69,cd7403d5f6d1,2026-07-05T00:16:57+00:00,2026-07,00115d2dd0b6,deb0f3fb0961,naive1,live,,
2026-07,6,all_chargeability,EB4_RW,FAD,2027-01-01,17424,16762,18086,15390,19458,True,naive1,0.0632,q_h,10d90ff55665,5b096b910562,2026-07-05T00:16:57+00:00,2026-07,00115d2dd0b6,deb0f3fb0961,naive1,live,,
2026-07,7,all_chargeability,EB4_RW,FAD,2027-02-01,17424,16762,18086,14863,19985,True,naive1,0.0632,q_h,067a0aab8880,4745509dbec3,2026-07-05T00:16:57+00:00,2026-07,00115d2dd0b6,deb0f3fb0961,naive1,live,,
2026-07,8,all_chargeability,EB4_RW,FAD,2027-03-01,17424,16762,18086,14862,19986,True,naive1,0.0632,q_h,3908d9ff30a8,67fc54a88c27,2026-07-05T00:16:57+00:00,2026-07,00115d2dd0b6,deb0f3fb0961,naive1,live,,
2026-07,9,all_chargeability,EB4_RW,FAD,2027-04-01,17424,16532,18316,14862,19986,True,naive1,0.0632,q_h,44590a4929c2,d0e5d6540580,2026-07-05T00:16:57+00:00,2026-07,00115d2dd0b6,deb0f3fb0961,naive1,live,,
2026-07,10,all_chargeability,EB4_RW,FAD,2027-05-01,17424,16532,18316,14862,19986,True,naive1,0.0632,q_h,2e7f13dcc7c6,dbdb7475d4bb,2026-07-05T00:16:57+00:00,2026-07,00115d2dd0b6,deb0f3fb0961,naive1,live,,
2026-07,11,all_chargeability,EB4_RW,FAD,2027-06-01,17424,16532,18316,14862,19986,True,naive1,0.0632,q_h,a945a3089652,b8493ccf0e02,2026-07-05T00:16:57+00:00,2026-07,00115d2dd0b6,deb0f3fb0961,naive1,live,,
2026-07,12,all_chargeability,EB4_RW,FAD,2027-07-01,17424,16470,18378,14723,20125,True,naive1,0.0632,q_h,87fde3483890,c3c4faac0664,2026-07-05T00:16:57+00:00,2026-07,00115d2dd0b6,deb0f3fb0961,naive1,live,,
2026-07,1,all_chargeability,F1,DFF,2026-08-01,16071,15857,16285,14813,17329,True,naive1,0.0545,q_h,c6141d20af7c,c4347a59e042,2026-07-05T00:16:57+00:00,2026-07,00115d2dd0b6,deb0f3fb0961,naive1,live,,
2026-07,2,all_chargeability,F1,DFF,2026-09-01,16071,15857,16285,14813,17329,True,naive1,0.0545,q_h,9ff30ebfe30c,0cf5c743f0de,2026-07-05T00:16:57+00:00,2026-07,00115d2dd0b6,deb0f3fb0961,naive1,live,,
2026-07,3,all_chargeability,F1,DFF,2026-10-01,16071,15857,16285,14813,17329,True,naive1,0.0545,q_h,7690a7352c10,1a08713a2e2b,2026-07-05T00:16:57+00:00,2026-07,00115d2dd0b6,deb0f3fb0961,naive1,live,,
2026-07,4,all_chargeability,F1,DFF,2026-11-01,16071,15830,16312,14813,17329,True,naive1,0.0545,q_h,d872ae90015b,7b398d541688,2026-07-05T00:16:57+00:00,2026-07,00115d2dd0b6,deb0f3fb0961,naive1,live,,
2026-07,5,all_chargeability,F1,DFF,2026-12-01,16071,15774,16368,14813,17329,True,naive1,0.0545,q_h,df3ca26be99e,109fc563ca91,2026-07-05T00:16:57+00:00,2026-07,00115d2dd0b6,deb0f3fb0961,naive1,live,,
2026-07,6,all_chargeability,F1,DFF,2027-01-01,16071,15720,16422,14750,17392,True,naive1,0.0545,q_h,6a67338a8c2c,c6275ad0006d,2026-07-05T00:16:57+00:00,2026-07,00115d2dd0b6,deb0f3fb0961,naive1,live,,
2026-07,7,all_chargeability,F1,DFF,2027-02-01,16071,15720,16422,14718,17424,True,naive1,0.0545,q_h,64edbdbc50b9,4f2e3ec13056,2026-07-05T00:16:57+00:00,2026-07,00115d2dd0b6,deb0f3fb0961,naive1,live,,
2026-07,8,all_chargeability,F1,DFF,2027-03-01,16071,15720,16422,14718,17424,True,naive1,0.0545,q_h,93fc213a9551,a78b1a2e3b17,2026-07-05T00:16:57+00:00,2026-07,00115d2dd0b6,deb0f3fb0961,naive1,live,,
2026-07,9,all_chargeability,F1,DFF,2027-04-01,16071,15571,16571,14718,17424,True,naive1,0.0545,q_h,e329e2617563,d257ffa9553f,2026-07-05T00:16:57+00:00,2026-07,00115d2dd0b6,deb0f3fb0961,naive1,live,,
2026-07,10,all_chargeability,F1,DFF,2027-05-01,16071,15517,16625,14718,17424,True,naive1,0.0545,q_h,d3408424301a,c704d955798a,2026-07-05T00:16:57+00:00,2026-07,00115d2dd0b6,deb0f3fb0961,naive1,live,,
2026-07,11,all_chargeability,F1,DFF,2027-06-01,16071,15474,16668,14718,17424,True,naive1,0.0545,q_h,a5b98629695a,9a2fe1da4b08,2026-07-05T00:16:57+00:00,2026-07,00115d2dd0b6,deb0f3fb0961,naive1,live,,
2026-07,12,all_chargeability,F1,DFF,2027-07-01,16071,15388,16754,14718,17424,True,naive1,0.0545,q_h,05eca89fcd37,063ae542bf30,2026-07-05T00:16:57+00:00,2026-07,00115d2dd0b6,deb0f3fb0961,naive1,live,,
2026-07,1,all_chargeability,F1,FAD,2026-08-01,15737,15563,15911,15563,15911,True,naive1,0.0988,q_h,4bc4ad5513c0,7c1bd77c07e8,2026-07-05T00:16:57+00:00,2026-07,00115d2dd0b6,deb0f3fb0961,naive1,live,,
2026-07,2,all_chargeability,F1,FAD,2026-09-01,15737,15563,15911,15563,15911,True,naive1,0.0988,q_h,5d18d8df7c2d,94d7507481ca,2026-07-05T00:16:57+00:00,2026-07,00115d2dd0b6,deb0f3fb0961,naive1,live,,
2026-07,3,all_chargeability,F1,FAD,2026-10-01,15737,15563,15911,15373,16101,True,naive1,0.0988,q_h,286e7a8b8006,ebe2604296ee,2026-07-05T00:16:57+00:00,2026-07,00115d2dd0b6,deb0f3fb0961,naive1,live,,
2026-07,4,all_chargeability,F1,FAD,2026-11-01,15737,15563,15911,15086,16388,True,naive1,0.0988,q_h,d1f7fbb7f5c1,d2eef4ab0634,2026-07-05T00:16:57+00:00,2026-07,00115d2dd0b6,deb0f3fb0961,naive1,live,,
2026-07,5,all_chargeability,F1,FAD,2026-12-01,15737,15545,15929,15086,16388,True,naive1,0.0988,q_h,85ba84500674,90f354b2863d,2026-07-05T00:16:57+00:00,2026-07,00115d2dd0b6,deb0f3fb0961,naive1,live,,
2026-07,6,all_chargeability,F1,FAD,2027-01-01,15737,15515,15959,15055,16419,True,naive1,0.0988,q_h,a66d761f2184,60d73da04958,2026-07-05T00:16:57+00:00,2026-07,00115d2dd0b6,deb0f3fb0961,naive1,live,,
2026-07,7,all_chargeability,F1,FAD,2027-02-01,15737,15515,15959,14878,16596,True,naive1,0.0988,q_h,0ec48cc2cba0,40c00a817c01,2026-07-05T00:16:57+00:00,2026-07,00115d2dd0b6,deb0f3fb0961,naive1,live,,
2026-07,8,all_chargeability,F1,FAD,2027-03-01,15737,15515,15959,14878,16596,True,naive1,0.0988,q_h,7ea72635d4b9,b1ffecd94eeb,2026-07-05T00:16:57+00:00,2026-07,00115d2dd0b6,deb0f3fb0961,naive1,live,,
2026-07,9,all_chargeability,F1,FAD,2027-04-01,15737,15438,16036,14878,16596,True,naive1,0.0988,q_h,c7fb7168208d,1fb35f90f2a6,2026-07-05T00:16:57+00:00,2026-07,00115d2dd0b6,deb0f3fb0961,naive1,live,,
2026-07,10,all_chargeability,F1,FAD,2027-05-01,15737,15438,16036,14878,16596,True,naive1,0.0988,q_h,7fa5492a7ffe,5e207777e0e5,2026-07-05T00:16:57+00:00,2026-07,00115d2dd0b6,deb0f3fb0961,naive1,live,,
2026-07,11,all_chargeability,F1,FAD,2027-06-01,15737,15438,16036,14878,16596,True,naive1,0.0988,q_h,be7fd97a0ac6,4a016e1e7277,2026-07-05T00:16:57+00:00,2026-07,00115d2dd0b6,deb0f3fb0961,naive1,live,,
2026-07,12,all_chargeability,F1,FAD,2027-07-01,15737,15417,16057,14832,16642,True,naive1,0.0988,q_h,bdd9fc59a9a7,c5bcf443a61d,2026-07-05T00:16:57+00:00,2026-07,00115d2dd0b6,deb0f3fb0961,naive1,live,,
2026-07,1,all_chargeability,F2A,FAD,2026-08-01,18263,17745,18781,17745,18781,True,naive1,0.0886,q_h,31cb9dbb4b4b,6b8354fd3d25,2026-07-05T00:16:57+00:00,2026-07,00115d2dd0b6,deb0f3fb0961,naive1,live,,
2026-07,2,all_chargeability,F2A,FAD,2026-09-01,18263,17745,18781,17745,18781,True,naive1,0.0886,q_h,46e167386479,699b6f67c41a,2026-07-05T00:16:57+00:00,2026-07,00115d2dd0b6,deb0f3fb0961,naive1,live,,
2026-07,3,all_chargeability,F2A,FAD,2026-10-01,18263,17745,18781,17179,19347,True,naive1,0.0886,q_h,e17515afce40,d042994ed744,2026-07-05T00:16:57+00:00,2026-07,00115d2dd0b6,deb0f3fb0961,naive1,live,,
2026-07,4,all_chargeability,F2A,FAD,2026-11-01,18263,17745,18781,16326,20200,True,naive1,0.0886,q_h,18c9384387ee,e61f57481e34,2026-07-05T00:16:57+00:00,2026-07,00115d2dd0b6,deb0f3fb0961,naive1,live,,
2026-07,5,all_chargeability,F2A,FAD,2026-12-01,18263,17690,18836,16326,20200,True,naive1,0.0886,q_h,727af99a01ce,c9682b25ad3a,2026-07-05T00:16:57+00:00,2026-07,00115d2dd0b6,deb0f3fb0961,naive1,live,,
2026-07,6,all_chargeability,F2A,FAD,2027-01-01,18263,17603,18923,16233,20293,True,naive1,0.0886,q_h,33f37e9ff47a,31ea4fb1cca9,2026-07-05T00:16:57+00:00,2026-07,00115d2dd0b6,deb0f3fb0961,naive1,live,,
2026-07,7,all_chargeability,F2A,FAD,2027-02-01,18263,17603,18923,15707,20819,True,naive1,0.0886,q_h,3029b35ca9f1,02d6da2cfe9f,2026-07-05T00:16:57+00:00,2026-07,00115d2dd0b6,deb0f3fb0961,naive1,live,,
2026-07,8,all_chargeability,F2A,FAD,2027-03-01,18263,17603,18923,15706,20820,True,naive1,0.0886,q_h,d82cac7a63b3,13fa1eda88bb,2026-07-05T00:16:57+00:00,2026-07,00115d2dd0b6,deb0f3fb0961,naive1,live,,
2026-07,9,all_chargeability,F2A,FAD,2027-04-01,18263,17373,19153,15706,20820,True,naive1,0.0886,q_h,069f71071f65,0a3fd6676077,2026-07-05T00:16:57+00:00,2026-07,00115d2dd0b6,deb0f3fb0961,naive1,live,,
2026-07,10,all_chargeability,F2A,FAD,2027-05-01,18263,17373,19153,15706,20820,True,naive1,0.0886,q_h,375ff949bb8a,bb6c06bcc0ad,2026-07-05T00:16:57+00:00,2026-07,00115d2dd0b6,deb0f3fb0961,naive1,live,,
2026-07,11,all_chargeability,F2A,FAD,2027-06-01,18263,17373,19153,15706,20820,True,naive1,0.0886,q_h,398d6f05bef1,61f17bb82de1,2026-07-05T00:16:57+00:00,2026-07,00115d2dd0b6,deb0f3fb0961,naive1,live,,
2026-07,12,all_chargeability,F2A,FAD,2027-07-01,18263,17311,19215,15567,20959,True,naive1,0.0886,q_h,5e9f4ab33c2c,71e255cf018f,2026-07-05T00:16:57+00:00,2026-07,00115d2dd0b6,deb0f3fb0961,naive1,live,,
2026-07,1,all_chargeability,F2B,DFF,2026-08-01,15864,15718,16010,15005,16723,True,naive1,0.0762,q_h,44d86e0565a3,ddb904e4ad6b,2026-07-05T00:16:57+00:00,2026-07,00115d2dd0b6,deb0f3fb0961,naive1,live,,
2026-07,2,all_chargeability,F2B,DFF,2026-09-01,15864,15718,16010,15005,16723,True,naive1,0.0762,q_h,5b3276108661,4b657b02eb81,2026-07-05T00:16:57+00:00,2026-07,00115d2dd0b6,deb0f3fb0961,naive1,live,,
2026-07,3,all_chargeability,F2B,DFF,2026-10-01,15864,15718,16010,15005,16723,True,naive1,0.0762,q_h,904d4d08759a,84cef0804a75,2026-07-05T00:16:57+00:00,2026-07,00115d2dd0b6,deb0f3fb0961,naive1,live,,
2026-07,4,all_chargeability,F2B,DFF,2026-11-01,15864,15700,16028,15005,16723,True,naive1,0.0762,q_h,569bfddce48d,dddcc58e12cb,2026-07-05T00:16:57+00:00,2026-07,00115d2dd0b6,deb0f3fb0961,naive1,live,,
2026-07,5,all_chargeability,F2B,DFF,2026-12-01,15864,15661,16067,15005,16723,True,naive1,0.0762,q_h,964e077af881,b029217340a4,2026-07-05T00:16:57+00:00,2026-07,00115d2dd0b6,deb0f3fb0961,naive1,live,,
2026-07,6,all_chargeability,F2B,DFF,2027-01-01,15864,15625,16103,14963,16765,True,naive1,0.0762,q_h,94a646df0484,4e74b6439d1e,2026-07-05T00:16:57+00:00,2026-07,00115d2dd0b6,deb0f3fb0961,naive1,live,,
2026-07,7,all_chargeability,F2B,DFF,2027-02-01,15864,15625,16103,14941,16787,True,naive1,0.0762,q_h,907423c945a2,f2715b8bac18,2026-07-05T00:16:57+00:00,2026-07,00115d2dd0b6,deb0f3fb0961,naive1,live,,
2026-07,8,all_chargeability,F2B,DFF,2027-03-01,15864,15625,16103,14941,16787,True,naive1,0.0762,q_h,b2577eb7a561,c903f5a2dd7c,2026-07-05T00:16:57+00:00,2026-07,00115d2dd0b6,deb0f3fb0961,naive1,live,,
2026-07,9,all_chargeability,F2B,DFF,2027-04-01,15864,15523,16205,14941,16787,True,naive1,0.0762,q_h,876683c79027,754fb60eec2c,2026-07-05T00:16:57+00:00,2026-07,00115d2dd0b6,deb0f3fb0961,naive1,live,,
2026-07,10,all_chargeability,F2B,DFF,2027-05-01,15864,15486,16242,14941,16787,True,naive1,0.0762,q_h,3f7b1a33e975,00c302c69ebb,2026-07-05T00:16:57+00:00,2026-07,00115d2dd0b6,deb0f3fb0961,naive1,live,,
2026-07,11,all_chargeability,F2B,DFF,2027-06-01,15864,15457,16271,14941,16787,True,naive1,0.0762,q_h,faba998323b8,a068ae2ef75b,2026-07-05T00:16:57+00:00,2026-07,00115d2dd0b6,deb0f3fb0961,naive1,live,,
2026-07,12,all_chargeability,F2B,DFF,2027-07-01,15864,15398,16330,14941,16787,True,naive1,0.0762,q_h,6b346f12fdc5,82e11d078bdd,2026-07-05T00:16:57+00:00,2026-07,00115d2dd0b6,deb0f3fb0961,naive1,live,,
2026-07,1,all_chargeability,F2B,FAD,2026-08-01,15666,15494,15838,15494,15838,True,naive1,0.0587,q_h,c3cd4d627a02,c8e834dc1e61,2026-07-05T00:16:57+00:00,2026-07,00115d2dd0b6,deb0f3fb0961,naive1,live,,
2026-07,2,all_chargeability,F2B,FAD,2026-09-01,15666,15494,15838,15494,15838,True,naive1,0.0587,q_h,041580e2ca9a,b60908e66393,2026-07-05T00:16:57+00:00,2026-07,00115d2dd0b6,deb0f3fb0961,naive1,live,,
2026-07,3,all_chargeability,F2B,FAD,2026-10-01,15666,15494,15838,15306,16026,True,naive1,0.0587,q_h,a129971d6a71,84868ad08ee3,2026-07-05T00:16:57+00:00,2026-07,00115d2dd0b6,deb0f3fb0961,naive1,live,,
2026-07,4,all_chargeability,F2B,FAD,2026-11-01,15666,15494,15838,15023,16309,True,naive1,0.0587,q_h,14253f873ac4,ff7ddf7cb829,2026-07-05T00:16:57+00:00,2026-07,00115d2dd0b6,deb0f3fb0961,naive1,live,,
2026-07,5,all_chargeability,F2B,FAD,2026-12-01,15666,15476,15856,15023,16309,True,naive1,0.0587,q_h,e9d1e115d040,4366baaad454,2026-07-05T00:16:57+00:00,2026-07,00115d2dd0b6,deb0f3fb0961,naive1,live,,
2026-07,6,all_chargeability,F2B,FAD,2027-01-01,15666,15447,15885,14992,16340,True,naive1,0.0587,q_h,b6d58c8cab10,598188c694a3,2026-07-05T00:16:57+00:00,2026-07,00115d2dd0b6,deb0f3fb0961,naive1,live,,
2026-07,7,all_chargeability,F2B,FAD,2027-02-01,15666,15447,15885,14817,16515,True,naive1,0.0587,q_h,24ad284947f7,8930b5a73bb2,2026-07-05T00:16:57+00:00,2026-07,00115d2dd0b6,deb0f3fb0961,naive1,live,,
2026-07,8,all_chargeability,F2B,FAD,2027-03-01,15666,15447,15885,14817,16515,True,naive1,0.0587,q_h,4f217c3c0b03,7c8873ed0c9c,2026-07-05T00:16:57+00:00,2026-07,00115d2dd0b6,deb0f3fb0961,naive1,live,,
2026-07,9,all_chargeability,F2B,FAD,2027-04-01,15666,15371,15961,14817,16515,True,naive1,0.0587,q_h,7c67b12847ec,c21b13c8c484,2026-07-05T00:16:57+00:00,2026-07,00115d2dd0b6,deb0f3fb0961,naive1,live,,
2026-07,10,all_chargeability,F2B,FAD,2027-05-01,15666,15371,15961,14817,16515,True,naive1,0.0587,q_h,31fc13aea83a,2ed768fa643a,2026-07-05T00:16:57+00:00,2026-07,00115d2dd0b6,deb0f3fb0961,naive1,live,,
2026-07,11,all_chargeability,F2B,FAD,2027-06-01,15666,15371,15961,14817,16515,True,naive1,0.0587,q_h,06042ae90a1d,424941881f34,2026-07-05T00:16:57+00:00,2026-07,00115d2dd0b6,deb0f3fb0961,naive1,live,,
2026-07,12,all_chargeability,F2B,FAD,2027-07-01,15666,15350,15982,14771,16561,True,naive1,0.0587,q_h,e75258cfd54e,8a86540de941,2026-07-05T00:16:57+00:00,2026-07,00115d2dd0b6,deb0f3fb0961,naive1,live,,
2026-07,1,all_chargeability,F3,DFF,2026-08-01,13856,13560,14152,12115,15597,True,naive1,0.1498,q_h,67de9820832f,00536906ded1,2026-07-05T00:16:57+00:00,2026-07,00115d2dd0b6,deb0f3fb0961,naive1,live,,
2026-07,2,all_chargeability,F3,DFF,2026-09-01,13856,13560,14152,12115,15597,True,naive1,0.1498,q_h,0b86f6b6696b,04083d145f34,2026-07-05T00:16:57+00:00,2026-07,00115d2dd0b6,deb0f3fb0961,naive1,live,,
2026-07,3,all_chargeability,F3,DFF,2026-10-01,13856,13560,14152,12115,15597,True,naive1,0.1498,q_h,b36693a4def3,a9635615bb77,2026-07-05T00:16:57+00:00,2026-07,00115d2dd0b6,deb0f3fb0961,naive1,live,,
2026-07,4,all_chargeability,F3,DFF,2026-11-01,13856,13523,14189,12115,15597,True,naive1,0.1498,q_h,10a4fd6cf162,adf1a802dad1,2026-07-05T00:16:57+00:00,2026-07,00115d2dd0b6,deb0f3fb0961,naive1,live,,
2026-07,5,all_chargeability,F3,DFF,2026-12-01,13856,13445,14267,12115,15597,True,naive1,0.1498,q_h,a4e1d8fcb7a2,6786f5288aec,2026-07-05T00:16:57+00:00,2026-07,00115d2dd0b6,deb0f3fb0961,naive1,live,,
2026-07,6,all_chargeability,F3,DFF,2027-01-01,13856,13371,14341,12029,15683,True,naive1,0.1498,q_h,41db0b76d06f,4d01b86b9cca,2026-07-05T00:16:57+00:00,2026-07,00115d2dd0b6,deb0f3fb0961,naive1,live,,
2026-07,7,all_chargeability,F3,DFF,2027-02-01,13856,13371,14341,11985,15727,True,naive1,0.1498,q_h,aa7b0ba613b6,18143b7d353e,2026-07-05T00:16:57+00:00,2026-07,00115d2dd0b6,deb0f3fb0961,naive1,live,,
2026-07,8,all_chargeability,F3,DFF,2027-03-01,13856,13371,14341,11985,15727,True,naive1,0.1498,q_h,333a020a1bef,b91cd9a46ef6,2026-07-05T00:16:57+00:00,2026-07,00115d2dd0b6,deb0f3fb0961,naive1,live,,
2026-07,9,all_chargeability,F3,DFF,2027-04-01,13856,13165,14547,11985,15727,True,naive1,0.1498,q_h,ab4016a0e27b,2dbf40797777,2026-07-05T00:16:57+00:00,2026-07,00115d2dd0b6,deb0f3fb0961,naive1,live,,
2026-07,10,all_chargeability,F3,DFF,2027-05-01,13856,13089,14623,11985,15727,True,naive1,0.1498,q_h,0715cc7d2d30,fa559697753a,2026-07-05T00:16:57+00:00,2026-07,00115d2dd0b6,deb0f3fb0961,naive1,live,,
2026-07,11,all_chargeability,F3,DFF,2027-06-01,13856,13030,14682,11985,15727,True,naive1,0.1498,q_h,4ef6503cac98,64e2ee433ef8,2026-07-05T00:16:57+00:00,2026-07,00115d2dd0b6,deb0f3fb0961,naive1,live,,
2026-07,12,all_chargeability,F3,DFF,2027-07-01,13856,12912,14800,11985,15727,True,naive1,0.1498,q_h,4baf59a223cf,d637951461af,2026-07-05T00:16:57+00:00,2026-07,00115d2dd0b6,deb0f3fb0961,naive1,live,,
2026-07,1,all_chargeability,F3,FAD,2026-08-01,13619,13345,13893,13345,13893,True,naive1,0.1309,q_h,1454fd671642,899d15ed8067,2026-07-05T00:16:57+00:00,2026-07,00115d2dd0b6,deb0f3fb0961,naive1,live,,
2026-07,2,all_chargeability,F3,FAD,2026-09-01,13619,13345,13893,13345,13893,True,naive1,0.1309,q_h,6b28b9218901,0d6d33106c5f,2026-07-05T00:16:57+00:00,2026-07,00115d2dd0b6,deb0f3fb0961,naive1,live,,
2026-07,3,all_chargeability,F3,FAD,2026-10-01,13619,13345,13893,13045,14193,True,naive1,0.1309,q_h,e7f0f2e3e6cd,439136d54cd0,2026-07-05T00:16:57+00:00,2026-07,00115d2dd0b6,deb0f3fb0961,naive1,live,,
2026-07,4,all_chargeability,F3,FAD,2026-11-01,13619,13345,13893,12594,14644,True,naive1,0.1309,q_h,fc1fdd3fd438,93b18de2d76b,2026-07-05T00:16:57+00:00,2026-07,00115d2dd0b6,deb0f3fb0961,naive1,live,,
2026-07,5,all_chargeability,F3,FAD,2026-12-01,13619,13316,13922,12594,14644,True,naive1,0.1309,q_h,2f364c7b7736,07b68a24bdde,2026-07-05T00:16:57+00:00,2026-07,00115d2dd0b6,deb0f3fb0961,naive1,live,,
2026-07,6,all_chargeability,F3,FAD,2027-01-01,13619,13270,13968,12545,14693,True,naive1,0.1309,q_h,a9301cf6db7d,7d23726e6183,2026-07-05T00:16:57+00:00,2026-07,00115d2dd0b6,deb0f3fb0961,naive1,live,,
2026-07,7,all_chargeability,F3,FAD,2027-02-01,13619,13270,13968,12267,14971,True,naive1,0.1309,q_h,85c6b715e2d1,91978ba74d97,2026-07-05T00:16:57+00:00,2026-07,00115d2dd0b6,deb0f3fb0961,naive1,live,,
2026-07,8,all_chargeability,F3,FAD,2027-03-01,13619,13270,13968,12266,14972,True,naive1,0.1309,q_h,9d2e8b20ee2e,7017c190a085,2026-07-05T00:16:57+00:00,2026-07,00115d2dd0b6,deb0f3fb0961,naive1,live,,
2026-07,9,all_chargeability,F3,FAD,2027-04-01,13619,13148,14090,12266,14972,True,naive1,0.1309,q_h,459cfdbbd45a,cc5c0d64365d,2026-07-05T00:16:57+00:00,2026-07,00115d2dd0b6,deb0f3fb0961,naive1,live,,
2026-07,10,all_chargeability,F3,FAD,2027-05-01,13619,13148,14090,12266,14972,True,naive1,0.1309,q_h,93a0eb76bccb,7a3e0282a266,2026-07-05T00:16:57+00:00,2026-07,00115d2dd0b6,deb0f3fb0961,naive1,live,,
2026-07,11,all_chargeability,F3,FAD,2027-06-01,13619,13148,14090,12266,14972,True,naive1,0.1309,q_h,530172bf5f63,76c433ae02da,2026-07-05T00:16:57+00:00,2026-07,00115d2dd0b6,deb0f3fb0961,naive1,live,,
2026-07,12,all_chargeability,F3,FAD,2027-07-01,13619,13115,14123,12193,15045,True,naive1,0.1309,q_h,e23bc281ee83,15dc66969d51,2026-07-05T00:16:57+00:00,2026-07,00115d2dd0b6,deb0f3fb0961,naive1,live,,
2026-07,1,all_chargeability,F4,DFF,2026-08-01,12843,12728,12958,12167,13519,True,naive1,0.1684,q_h,8ccda5748227,7d6b27f25d85,2026-07-05T00:16:57+00:00,2026-07,00115d2dd0b6,deb0f3fb0961,naive1,live,,
2026-07,2,all_chargeability,F4,DFF,2026-09-01,12843,12728,12958,12167,13519,True,naive1,0.1684,q_h,1332cc964373,0b6ed4eb6575,2026-07-05T00:16:57+00:00,2026-07,00115d2dd0b6,deb0f3fb0961,naive1,live,,
2026-07,3,all_chargeability,F4,DFF,2026-10-01,12843,12728,12958,12167,13519,True,naive1,0.1684,q_h,6a9e47f4d090,87fdf43c81c9,2026-07-05T00:16:57+00:00,2026-07,00115d2dd0b6,deb0f3fb0961,naive1,live,,
2026-07,4,all_chargeability,F4,DFF,2026-11-01,12843,12714,12972,12167,13519,True,naive1,0.1684,q_h,439bdced71df,289465d7f768,2026-07-05T00:16:57+00:00,2026-07,00115d2dd0b6,deb0f3fb0961,naive1,live,,
2026-07,5,all_chargeability,F4,DFF,2026-12-01,12843,12683,13003,12167,13519,True,naive1,0.1684,q_h,fc4550661e39,68b6b7ec260d,2026-07-05T00:16:57+00:00,2026-07,00115d2dd0b6,deb0f3fb0961,naive1,live,,
2026-07,6,all_chargeability,F4,DFF,2027-01-01,12843,12655,13031,12133,13553,True,naive1,0.1684,q_h,c440f8b892e0,2d2d00dda408,2026-07-05T00:16:57+00:00,2026-07,00115d2dd0b6,deb0f3fb0961,naive1,live,,
2026-07,7,all_chargeability,F4,DFF,2027-02-01,12843,12655,13031,12116,13570,True,naive1,0.1684,q_h,483ec46b2cfd,8d09c5adfe31,2026-07-05T00:16:57+00:00,2026-07,00115d2dd0b6,deb0f3fb0961,naive1,live,,
2026-07,8,all_chargeability,F4,DFF,2027-03-01,12843,12655,13031,12116,13570,True,naive1,0.1684,q_h,9030178a333a,050d7a1ec188,2026-07-05T00:16:57+00:00,2026-07,00115d2dd0b6,deb0f3fb0961,naive1,live,,
2026-07,9,all_chargeability,F4,DFF,2027-04-01,12843,12574,13112,12116,13570,True,naive1,0.1684,q_h,0534daaec780,e1bd157bf329,2026-07-05T00:16:57+00:00,2026-07,00115d2dd0b6,deb0f3fb0961,naive1,live,,
2026-07,10,all_chargeability,F4,DFF,2027-05-01,12843,12545,13141,12116,13570,True,naive1,0.1684,q_h,cb7efbe702c7,8a0e7aef4752,2026-07-05T00:16:57+00:00,2026-07,00115d2dd0b6,deb0f3fb0961,naive1,live,,
2026-07,11,all_chargeability,F4,DFF,2027-06-01,12843,12522,13164,12116,13570,True,naive1,0.1684,q_h,8c93be5f0a53,b0ec48376733,2026-07-05T00:16:57+00:00,2026-07,00115d2dd0b6,deb0f3fb0961,naive1,live,,
2026-07,12,all_chargeability,F4,DFF,2027-07-01,12843,12476,13210,12116,13570,True,naive1,0.1684,q_h,3a8a98f52309,0d77381bc8a0,2026-07-05T00:16:57+00:00,2026-07,00115d2dd0b6,deb0f3fb0961,naive1,live,,
2026-07,1,all_chargeability,F4,FAD,2026-08-01,12419,12266,12572,12266,12572,True,naive1,0.0647,q_h,43bf84c86d67,db1f487d8a22,2026-07-05T00:16:57+00:00,2026-07,00115d2dd0b6,deb0f3fb0961,naive1,live,,
2026-07,2,all_chargeability,F4,FAD,2026-09-01,12419,12266,12572,12266,12572,True,naive1,0.0647,q_h,952042ffece2,163f370b8acd,2026-07-05T00:16:57+00:00,2026-07,00115d2dd0b6,deb0f3fb0961,naive1,live,,
2026-07,3,all_chargeability,F4,FAD,2026-10-01,12419,12266,12572,12099,12739,True,naive1,0.0647,q_h,629b371c8153,bbcbcbb39995,2026-07-05T00:16:57+00:00,2026-07,00115d2dd0b6,deb0f3fb0961,naive1,live,,
2026-07,4,all_chargeability,F4,FAD,2026-11-01,12419,12266,12572,11847,12991,True,naive1,0.0647,q_h,bfd46a721462,4fd1fd4fd19e,2026-07-05T00:16:57+00:00,2026-07,00115d2dd0b6,deb0f3fb0961,naive1,live,,
2026-07,5,all_chargeability,F4,FAD,2026-12-01,12419,12250,12588,11847,12991,True,naive1,0.0647,q_h,e5f697a1cb2b,9e7376f33c21,2026-07-05T00:16:57+00:00,2026-07,00115d2dd0b6,deb0f3fb0961,naive1,live,,
2026-07,6,all_chargeability,F4,FAD,2027-01-01,12419,12224,12614,11819,13019,True,naive1,0.0647,q_h,1e1fc68d48d8,8ed90db61506,2026-07-05T00:16:57+00:00,2026-07,00115d2dd0b6,deb0f3fb0961,naive1,live,,
2026-07,7,all_chargeability,F4,FAD,2027-02-01,12419,12224,12614,11664,13174,True,naive1,0.0647,q_h,e7f679e53bcc,f4cf3157b2cf,2026-07-05T00:16:57+00:00,2026-07,00115d2dd0b6,deb0f3fb0961,naive1,live,,
2026-07,8,all_chargeability,F4,FAD,2027-03-01,12419,12224,12614,11664,13174,True,naive1,0.0647,q_h,2c443bd4382b,d4023d18f063,2026-07-05T00:16:57+00:00,2026-07,00115d2dd0b6,deb0f3fb0961,naive1,live,,
2026-07,9,all_chargeability,F4,FAD,2027-04-01,12419,12156,12682,11664,13174,True,naive1,0.0647,q_h,7afd6612bd73,f5c3d7fcf6cc,2026-07-05T00:16:57+00:00,2026-07,00115d2dd0b6,deb0f3fb0961,naive1,live,,
2026-07,10,all_chargeability,F4,FAD,2027-05-01,12419,12156,12682,11664,13174,True,naive1,0.0647,q_h,28c0fc29d468,6c5702b0366b,2026-07-05T00:16:57+00:00,2026-07,00115d2dd0b6,deb0f3fb0961,naive1,live,,
2026-07,11,all_chargeability,F4,FAD,2027-06-01,12419,12156,12682,11664,13174,True,naive1,0.0647,q_h,e9eba19c2ca1,ded64d463db7,2026-07-05T00:16:57+00:00,2026-07,00115d2dd0b6,deb0f3fb0961,naive1,live,,
2026-07,12,all_chargeability,F4,FAD,2027-07-01,12419,12138,12700,11623,13215,True,naive1,0.0647,q_h,0b890b2c5c19,692431e80a94,2026-07-05T00:16:57+00:00,2026-07,00115d2dd0b6,deb0f3fb0961,naive1,live,,
2026-07,1,china,EB1,DFF,2026-08-01,17866,17732,18000,17078,18654,True,naive1,0.0225,q_h,7446b45a3dd9,96b3d7c293c4,2026-07-05T00:16:57+00:00,2026-07,00115d2dd0b6,deb0f3fb0961,naive1,live,,
2026-07,2,china,EB1,DFF,2026-09-01,17866,17732,18000,17078,18654,True,naive1,0.0225,q_h,0d03d13709ff,f41070354f8e,2026-07-05T00:16:57+00:00,2026-07,00115d2dd0b6,deb0f3fb0961,naive1,live,,
2026-07,3,china,EB1,DFF,2026-10-01,17866,17732,18000,17078,18654,True,naive1,0.0225,q_h,150f966e3364,774ba126bda8,2026-07-05T00:16:57+00:00,2026-07,00115d2dd0b6,deb0f3fb0961,naive1,live,,
2026-07,4,china,EB1,DFF,2026-11-01,17866,17715,18017,17078,18654,True,naive1,0.0225,q_h,da5f3ae38e73,42d3cf89b541,2026-07-05T00:16:57+00:00,2026-07,00115d2dd0b6,deb0f3fb0961,naive1,live,,
2026-07,5,china,EB1,DFF,2026-12-01,17866,17680,18052,17078,18654,True,naive1,0.0225,q_h,eac5e080b357,12d86eee3d8a,2026-07-05T00:16:57+00:00,2026-07,00115d2dd0b6,deb0f3fb0961,naive1,live,,
2026-07,6,china,EB1,DFF,2027-01-01,17866,17646,18086,17039,18693,True,naive1,0.0225,q_h,62d69a12de84,fde626ac6e21,2026-07-05T00:16:57+00:00,2026-07,00115d2dd0b6,deb0f3fb0961,naive1,live,,
2026-07,7,china,EB1,DFF,2027-02-01,17866,17646,18086,17019,18713,True,naive1,0.0225,q_h,2fc8d30ab325,795b68e461b8,2026-07-05T00:16:57+00:00,2026-07,00115d2dd0b6,deb0f3fb0961,naive1,live,,
2026-07,8,china,EB1,DFF,2027-03-01,17866,17646,18086,17019,18713,True,naive1,0.0225,q_h,d9e50f808945,53e6e413f76a,2026-07-05T00:16:57+00:00,2026-07,00115d2dd0b6,deb0f3fb0961,naive1,live,,
2026-07,9,china,EB1,DFF,2027-04-01,17866,17553,18179,17019,18713,True,naive1,0.0225,q_h,bcd8e41a49e0,3514631a4abb,2026-07-05T00:16:57+00:00,2026-07,00115d2dd0b6,deb0f3fb0961,naive1,live,,
2026-07,10,china,EB1,DFF,2027-05-01,17866,17519,18213,17019,18713,True,naive1,0.0225,q_h,50bb83fce3c2,859b7b409c16,2026-07-05T00:16:57+00:00,2026-07,00115d2dd0b6,deb0f3fb0961,naive1,live,,
2026-07,11,china,EB1,DFF,2027-06-01,17866,17492,18240,17019,18713,True,naive1,0.0225,q_h,e10dc64d8865,01d813014071,2026-07-05T00:16:57+00:00,2026-07,00115d2dd0b6,deb0f3fb0961,naive1,live,,
2026-07,12,china,EB1,DFF,2027-07-01,17866,17438,18294,17019,18713,True,naive1,0.0225,q_h,d0e274ebe3e1,5fe7ee4dc625,2026-07-05T00:16:57+00:00,2026-07,00115d2dd0b6,deb0f3fb0961,naive1,live,,
2026-07,1,china,EB1,FAD,2026-08-01,17683,17622,17744,17622,17744,True,naive1,0.0077,q_h,b211d6b83372,f597003b407b,2026-07-05T00:16:57+00:00,2026-07,00115d2dd0b6,deb0f3fb0961,naive1,live,,
2026-07,2,china,EB1,FAD,2026-09-01,17683,17622,17744,17622,17744,True,naive1,0.0077,q_h,419ba8d7a190,ba8024ff0fa7,2026-07-05T00:16:57+00:00,2026-07,00115d2dd0b6,deb0f3fb0961,naive1,live,,
2026-07,3,china,EB1,FAD,2026-10-01,17683,17622,17744,17555,17811,True,naive1,0.0077,q_h,e90f6ac8b83a,c1d9c394e89e,2026-07-05T00:16:57+00:00,2026-07,00115d2dd0b6,deb0f3fb0961,naive1,live,,
2026-07,4,china,EB1,FAD,2026-11-01,17683,17622,17744,17455,17911,True,naive1,0.0077,q_h,b3124f4e5813,5909486fbae3,2026-07-05T00:16:57+00:00,2026-07,00115d2dd0b6,deb0f3fb0961,naive1,live,,
2026-07,5,china,EB1,FAD,2026-12-01,17683,17616,17750,17455,17911,True,naive1,0.0077,q_h,4cab46820ef6,a05c6c3f8798,2026-07-05T00:16:57+00:00,2026-07,00115d2dd0b6,deb0f3fb0961,naive1,live,,
2026-07,6,china,EB1,FAD,2027-01-01,17683,17605,17761,17444,17922,True,naive1,0.0077,q_h,ea5fc7fc9596,34a33ead73ca,2026-07-05T00:16:57+00:00,2026-07,00115d2dd0b6,deb0f3fb0961,naive1,live,,
2026-07,7,china,EB1,FAD,2027-02-01,17683,17605,17761,17382,17984,True,naive1,0.0077,q_h,76e27325602f,5751e49f4aaf,2026-07-05T00:16:57+00:00,2026-07,00115d2dd0b6,deb0f3fb0961,naive1,live,,
2026-07,8,china,EB1,FAD,2027-03-01,17683,17605,17761,17382,17984,True,naive1,0.0077,q_h,8c8ff9deddd6,f66750617af8,2026-07-05T00:16:57+00:00,2026-07,00115d2dd0b6,deb0f3fb0961,naive1,live,,
2026-07,9,china,EB1,FAD,2027-04-01,17683,17578,17788,17382,17984,True,naive1,0.0077,q_h,f483a9934259,4a87c1872f08,2026-07-05T00:16:57+00:00,2026-07,00115d2dd0b6,deb0f3fb0961,naive1,live,,
2026-07,10,china,EB1,FAD,2027-05-01,17683,17578,17788,17382,17984,True,naive1,0.0077,q_h,00faaf728269,dd365337fcdc,2026-07-05T00:16:57+00:00,2026-07,00115d2dd0b6,deb0f3fb0961,naive1,live,,
2026-07,11,china,EB1,FAD,2027-06-01,17683,17578,17788,17382,17984,True,naive1,0.0077,q_h,c1e974df0ba4,ab965ed54549,2026-07-05T00:16:57+00:00,2026-07,00115d2dd0b6,deb0f3fb0961,naive1,live,,
2026-07,12,china,EB1,FAD,2027-07-01,17683,17571,17795,17366,18000,True,naive1,0.0077,q_h,fefb8a59132c,781d932d77aa,2026-07-05T00:16:57+00:00,2026-07,00115d2dd0b6,deb0f3fb0961,naive1,live,,
2026-07,1,china,EB2,DFF,2026-08-01,17167,16833,17501,15203,19131,True,naive1,0.0698,q_h,3cae12c17786,b986d0586dae,2026-07-05T00:16:57+00:00,2026-07,00115d2dd0b6,deb0f3fb0961,naive1,live,,
2026-07,2,china,EB2,DFF,2026-09-01,17167,16833,17501,15203,19131,True,naive1,0.0698,q_h,41511f66124d,7c18e9bbf8e3,2026-07-05T00:16:57+00:00,2026-07,00115d2dd0b6,deb0f3fb0961,naive1,live,,
2026-07,3,china,EB2,DFF,2026-10-01,17167,16833,17501,15203,19131,True,naive1,0.0698,q_h,66f7ab194bc8,75ace34f22c4,2026-07-05T00:16:57+00:00,2026-07,00115d2dd0b6,deb0f3fb0961,naive1,live,,
2026-07,4,china,EB2,DFF,2026-11-01,17167,16791,17543,15203,19131,True,naive1,0.0698,q_h,6fe7eaf49256,0ddd3638840c,2026-07-05T00:16:57+00:00,2026-07,00115d2dd0b6,deb0f3fb0961,naive1,live,,
2026-07,5,china,EB2,DFF,2026-12-01,17167,16704,17630,15203,19131,True,naive1,0.0698,q_h,f70211b2d53b,b98e2ea45f50,2026-07-05T00:16:57+00:00,2026-07,00115d2dd0b6,deb0f3fb0961,naive1,live,,
2026-07,6,china,EB2,DFF,2027-01-01,17167,16620,17714,15106,19228,True,naive1,0.0698,q_h,4c2b8bdeefc6,2fc7a37f2169,2026-07-05T00:16:57+00:00,2026-07,00115d2dd0b6,deb0f3fb0961,naive1,live,,
2026-07,7,china,EB2,DFF,2027-02-01,17167,16620,17714,15056,19278,True,naive1,0.0698,q_h,57d319984a39,91425dfd3ad0,2026-07-05T00:16:57+00:00,2026-07,00115d2dd0b6,deb0f3fb0961,naive1,live,,
2026-07,8,china,EB2,DFF,2027-03-01,17167,16620,17714,15056,19278,True,naive1,0.0698,q_h,ff32797ea41f,193db9ea9c29,2026-07-05T00:16:57+00:00,2026-07,00115d2dd0b6,deb0f3fb0961,naive1,live,,
2026-07,9,china,EB2,DFF,2027-04-01,17167,16387,17947,15056,19278,True,naive1,0.0698,q_h,863654a016a5,1bbe51013e9d,2026-07-05T00:16:57+00:00,2026-07,00115d2dd0b6,deb0f3fb0961,naive1,live,,
2026-07,10,china,EB2,DFF,2027-05-01,17167,16302,18032,15056,19278,True,naive1,0.0698,q_h,90780705383b,feb8bae8627e,2026-07-05T00:16:57+00:00,2026-07,00115d2dd0b6,deb0f3fb0961,naive1,live,,
2026-07,11,china,EB2,DFF,2027-06-01,17167,16235,18099,15056,19278,True,naive1,0.0698,q_h,6e009ddc6812,05af02640941,2026-07-05T00:16:57+00:00,2026-07,00115d2dd0b6,deb0f3fb0961,naive1,live,,
2026-07,12,china,EB2,DFF,2027-07-01,17167,16101,18233,15056,19278,True,naive1,0.0698,q_h,6461b5bb9c34,a8d920932dc2,2026-07-05T00:16:57+00:00,2026-07,00115d2dd0b6,deb0f3fb0961,naive1,live,,
2026-07,1,china,EB2,FAD,2026-08-01,17045,16899,17191,16899,17191,True,naive1,0.0442,q_h,307ae1c4c27c,28519fa531e2,2026-07-05T00:16:57+00:00,2026-07,00115d2dd0b6,deb0f3fb0961,naive1,live,,
2026-07,2,china,EB2,FAD,2026-09-01,17045,16899,17191,16899,17191,True,naive1,0.0442,q_h,eee9d906e569,e5b7453d4b2d,2026-07-05T00:16:57+00:00,2026-07,00115d2dd0b6,deb0f3fb0961,naive1,live,,
2026-07,3,china,EB2,FAD,2026-10-01,17045,16899,17191,16739,17351,True,naive1,0.0442,q_h,27ed0a8f9d14,461a2ea6ded6,2026-07-05T00:16:57+00:00,2026-07,00115d2dd0b6,deb0f3fb0961,naive1,live,,
2026-07,4,china,EB2,FAD,2026-11-01,17045,16899,17191,16499,17591,True,naive1,0.0442,q_h,0bae682f929a,5053864b0b42,2026-07-05T00:16:57+00:00,2026-07,00115d2dd0b6,deb0f3fb0961,naive1,live,,
2026-07,5,china,EB2,FAD,2026-12-01,17045,16883,17207,16499,17591,True,naive1,0.0442,q_h,3d48ee22cffe,84e0ab53341c,2026-07-05T00:16:57+00:00,2026-07,00115d2dd0b6,deb0f3fb0961,naive1,live,,
2026-07,6,china,EB2,FAD,2027-01-01,17045,16859,17231,16473,17617,True,naive1,0.0442,q_h,632b9f46e267,5bc2986180ef,2026-07-05T00:16:57+00:00,2026-07,00115d2dd0b6,deb0f3fb0961,naive1,live,,
2026-07,7,china,EB2,FAD,2027-02-01,17045,16859,17231,16325,17765,True,naive1,0.0442,q_h,7e5d169190bb,a4d071301b6b,2026-07-05T00:16:57+00:00,2026-07,00115d2dd0b6,deb0f3fb0961,naive1,live,,
2026-07,8,china,EB2,FAD,2027-03-01,17045,16859,17231,16324,17766,True,naive1,0.0442,q_h,091af31b2fbb,d16afa3b554a,2026-07-05T00:16:57+00:00,2026-07,00115d2dd0b6,deb0f3fb0961,naive1,live,,
2026-07,9,china,EB2,FAD,2027-04-01,17045,16794,17296,16324,17766,True,naive1,0.0442,q_h,c16e41c9168a,9583b43bf34d,2026-07-05T00:16:57+00:00,2026-07,00115d2dd0b6,deb0f3fb0961,naive1,live,,
2026-07,10,china,EB2,FAD,2027-05-01,17045,16794,17296,16324,17766,True,naive1,0.0442,q_h,41a4dd638089,459673d79923,2026-07-05T00:16:57+00:00,2026-07,00115d2dd0b6,deb0f3fb0961,naive1,live,,
2026-07,11,china,EB2,FAD,2027-06-01,17045,16794,17296,16324,17766,True,naive1,0.0442,q_h,83e0ebff674a,480f7d5a0e07,2026-07-05T00:16:57+00:00,2026-07,00115d2dd0b6,deb0f3fb0961,naive1,live,,
2026-07,12,china,EB2,FAD,2027-07-01,17045,16777,17313,16285,17805,True,naive1,0.0442,q_h,30e6984db957,9031097e5da6,2026-07-05T00:16:57+00:00,2026-07,00115d2dd0b6,deb0f3fb0961,naive1,live,,
2026-07,1,china,EB3,DFF,2026-08-01,17167,16792,17542,14962,19372,True,naive1,0.0739,q_h,a1617dc7c387,84722a43fe57,2026-07-05T00:16:57+00:00,2026-07,00115d2dd0b6,deb0f3fb0961,naive1,live,,
2026-07,2,china,EB3,DFF,2026-09-01,17167,16792,17542,14962,19372,True,naive1,0.0739,q_h,e4eb5aa329fc,06c0af9a1324,2026-07-05T00:16:57+00:00,2026-07,00115d2dd0b6,deb0f3fb0961,naive1,live,,
2026-07,3,china,EB3,DFF,2026-10-01,17167,16792,17542,14962,19372,True,naive1,0.0739,q_h,1436e9e96e98,ab4f5926abf6,2026-07-05T00:16:57+00:00,2026-07,00115d2dd0b6,deb0f3fb0961,naive1,live,,
2026-07,4,china,EB3,DFF,2026-11-01,17167,16745,17589,14962,19372,True,naive1,0.0739,q_h,a7d4d314d669,d2f8452bcdc6,2026-07-05T00:16:57+00:00,2026-07,00115d2dd0b6,deb0f3fb0961,naive1,live,,
2026-07,5,china,EB3,DFF,2026-12-01,17167,16647,17687,14962,19372,True,naive1,0.0739,q_h,495c0ff90aa7,4746be7c24fc,2026-07-05T00:16:57+00:00,2026-07,00115d2dd0b6,deb0f3fb0961,naive1,live,,
2026-07,6,china,EB3,DFF,2027-01-01,17167,16553,17781,14853,19481,True,naive1,0.0739,q_h,d6493dc8b71f,a6cf2a23fb80,2026-07-05T00:16:57+00:00,2026-07,00115d2dd0b6,deb0f3fb0961,naive1,live,,
2026-07,7,china,EB3,DFF,2027-02-01,17167,16553,17781,14797,19537,True,naive1,0.0739,q_h,d524576a8e03,f077e7df8632,2026-07-05T00:16:57+00:00,2026-07,00115d2dd0b6,deb0f3fb0961,naive1,live,,
2026-07,8,china,EB3,DFF,2027-03-01,17167,16553,17781,14797,19537,True,naive1,0.0739,q_h,b55c1cd7ce4c,e2883a9767f7,2026-07-05T00:16:57+00:00,2026-07,00115d2dd0b6,deb0f3fb0961,naive1,live,,
2026-07,9,china,EB3,DFF,2027-04-01,17167,16291,18043,14797,19537,True,naive1,0.0739,q_h,5e0dcce7a8fb,55929ba355b0,2026-07-05T00:16:57+00:00,2026-07,00115d2dd0b6,deb0f3fb0961,naive1,live,,
2026-07,10,china,EB3,DFF,2027-05-01,17167,16196,18138,14797,19537,True,naive1,0.0739,q_h,5d41074e571c,8b8309e5969d,2026-07-05T00:16:57+00:00,2026-07,00115d2dd0b6,deb0f3fb0961,naive1,live,,
2026-07,11,china,EB3,DFF,2027-06-01,17167,16120,18214,14797,19537,True,naive1,0.0739,q_h,25591dbac4f0,21b6500fac1a,2026-07-05T00:16:57+00:00,2026-07,00115d2dd0b6,deb0f3fb0961,naive1,live,,
2026-07,12,china,EB3,DFF,2027-07-01,17167,15970,18364,14797,19537,True,naive1,0.0739,q_h,df998e15e33c,05f82ced49c7,2026-07-05T00:16:57+00:00,2026-07,00115d2dd0b6,deb0f3fb0961,naive1,live,,
2026-07,1,china,EB3,FAD,2026-08-01,17157,17004,17310,17004,17310,True,naive1,0.0607,q_h,01bc86e2cedb,31bf687a8ba6,2026-07-05T00:16:57+00:00,2026-07,00115d2dd0b6,deb0f3fb0961,naive1,live,,
2026-07,2,china,EB3,FAD,2026-09-01,17157,17004,17310,17004,17310,True,naive1,0.0607,q_h,5c1a1fd64848,08775e169061,2026-07-05T00:16:57+00:00,2026-07,00115d2dd0b6,deb0f3fb0961,naive1,live,,
2026-07,3,china,EB3,FAD,2026-10-01,17157,17004,17310,16837,17477,True,naive1,0.0607,q_h,8eb16215a2e1,63a69c82a298,2026-07-05T00:16:57+00:00,2026-07,00115d2dd0b6,deb0f3fb0961,naive1,live,,
2026-07,4,china,EB3,FAD,2026-11-01,17157,17004,17310,16585,17729,True,naive1,0.0607,q_h,967c04a1d9b3,51bdf5f0bf6f,2026-07-05T00:16:57+00:00,2026-07,00115d2dd0b6,deb0f3fb0961,naive1,live,,
2026-07,5,china,EB3,FAD,2026-12-01,17157,16988,17326,16585,17729,True,naive1,0.0607,q_h,009f96e1f13b,b36984aecc30,2026-07-05T00:16:57+00:00,2026-07,00115d2dd0b6,deb0f3fb0961,naive1,live,,
2026-07,6,china,EB3,FAD,2027-01-01,17157,16962,17352,16557,17757,True,naive1,0.0607,q_h,6f1e56cab752,c7c6028acb08,2026-07-05T00:16:57+00:00,2026-07,00115d2dd0b6,deb0f3fb0961,naive1,live,,
2026-07,7,china,EB3,FAD,2027-02-01,17157,16962,17352,16402,17912,True,naive1,0.0607,q_h,8a1b23f0feb9,f8796631d010,2026-07-05T00:16:57+00:00,2026-07,00115d2dd0b6,deb0f3fb0961,naive1,live,,
2026-07,8,china,EB3,FAD,2027-03-01,17157,16962,17352,16402,17912,True,naive1,0.0607,q_h,2ee19bf31d87,da4337c5689b,2026-07-05T00:16:57+00:00,2026-07,00115d2dd0b6,deb0f3fb0961,naive1,live,,
2026-07,9,china,EB3,FAD,2027-04-01,17157,16894,17420,16402,17912,True,naive1,0.0607,q_h,35c5235833ce,d7658c6ed998,2026-07-05T00:16:57+00:00,2026-07,00115d2dd0b6,deb0f3fb0961,naive1,live,,
2026-07,10,china,EB3,FAD,2027-05-01,17157,16894,17420,16402,17912,True,naive1,0.0607,q_h,125e975d9e23,7c199e9ddbab,2026-07-05T00:16:57+00:00,2026-07,00115d2dd0b6,deb0f3fb0961,naive1,live,,
2026-07,11,china,EB3,FAD,2027-06-01,17157,16894,17420,16402,17912,True,naive1,0.0607,q_h,9b68a75cb6fe,ee37c2b1d52d,2026-07-05T00:16:57+00:00,2026-07,00115d2dd0b6,deb0f3fb0961,naive1,live,,
2026-07,12,china,EB3,FAD,2027-07-01,17157,16876,17438,16361,17953,True,naive1,0.0607,q_h,ad3fec2d1bca,4e22b3d3eca0,2026-07-05T00:16:57+00:00,2026-07,00115d2dd0b6,deb0f3fb0961,naive1,live,,
2026-07,1,china,EB3_OW,DFF,2026-08-01,16344,15979,16709,14198,18490,True,naive1,0.0676,q_h,a9144049b665,6c2eddd513bb,2026-07-05T00:16:57+00:00,2026-07,00115d2dd0b6,deb0f3fb0961,naive1,live,,
2026-07,2,china,EB3_OW,DFF,2026-09-01,16344,15979,16709,14198,18490,True,naive1,0.0676,q_h,45ae40de080f,27e302f88279,2026-07-05T00:16:57+00:00,2026-07,00115d2dd0b6,deb0f3fb0961,naive1,live,,
2026-07,3,china,EB3_OW,DFF,2026-10-01,16344,15979,16709,14198,18490,True,naive1,0.0676,q_h,91dfe38a26fe,53d944283af0,2026-07-05T00:16:57+00:00,2026-07,00115d2dd0b6,deb0f3fb0961,naive1,live,,
2026-07,4,china,EB3_OW,DFF,2026-11-01,16344,15934,16754,14198,18490,True,naive1,0.0676,q_h,5ac73ea39503,2ad2a9105459,2026-07-05T00:16:57+00:00,2026-07,00115d2dd0b6,deb0f3fb0961,naive1,live,,
2026-07,5,china,EB3_OW,DFF,2026-12-01,16344,15838,16850,14198,18490,True,naive1,0.0676,q_h,65123c1cedff,23e253c47ae6,2026-07-05T00:16:57+00:00,2026-07,00115d2dd0b6,deb0f3fb0961,naive1,live,,
2026-07,6,china,EB3_OW,DFF,2027-01-01,16344,15746,16942,14091,18597,True,naive1,0.0676,q_h,fd2cdaaf23c8,603c189e13fb,2026-07-05T00:16:57+00:00,2026-07,00115d2dd0b6,deb0f3fb0961,naive1,live,,
2026-07,7,china,EB3_OW,DFF,2027-02-01,16344,15746,16942,14037,18651,True,naive1,0.0676,q_h,c494cef82de9,ef3f3654c183,2026-07-05T00:16:57+00:00,2026-07,00115d2dd0b6,deb0f3fb0961,naive1,live,,
2026-07,8,china,EB3_OW,DFF,2027-03-01,16344,15746,16942,14037,18651,True,naive1,0.0676,q_h,e86842a21840,661500a8edeb,2026-07-05T00:16:57+00:00,2026-07,00115d2dd0b6,deb0f3fb0961,naive1,live,,
2026-07,9,china,EB3_OW,DFF,2027-04-01,16344,15492,17196,14037,18651,True,naive1,0.0676,q_h,e0ba47936c9a,5f4c0753b0b1,2026-07-05T00:16:57+00:00,2026-07,00115d2dd0b6,deb0f3fb0961,naive1,live,,
2026-07,10,china,EB3_OW,DFF,2027-05-01,16344,15399,17289,14037,18651,True,naive1,0.0676,q_h,4780e14c215f,d9bb36e1935b,2026-07-05T00:16:57+00:00,2026-07,00115d2dd0b6,deb0f3fb0961,naive1,live,,
2026-07,11,china,EB3_OW,DFF,2027-06-01,16344,15325,17363,14037,18651,True,naive1,0.0676,q_h,4ad0f0e9e913,c2ee042bdc8d,2026-07-05T00:16:57+00:00,2026-07,00115d2dd0b6,deb0f3fb0961,naive1,live,,
2026-07,12,china,EB3_OW,DFF,2027-07-01,16344,15179,17509,14037,18651,True,naive1,0.0676,q_h,430a6cd8fcd4,416822bbde76,2026-07-05T00:16:57+00:00,2026-07,00115d2dd0b6,deb0f3fb0961,naive1,live,,
2026-07,1,china,EB3_OW,FAD,2026-08-01,16161,15796,16526,15796,16526,True,naive1,0.0552,q_h,bb207fd46932,b737e5249d56,2026-07-05T00:16:57+00:00,2026-07,00115d2dd0b6,deb0f3fb0961,naive1,live,,
2026-07,2,china,EB3_OW,FAD,2026-09-01,16161,15796,16526,15796,16526,True,naive1,0.0552,q_h,fa1a3bd69cce,c400d1901c76,2026-07-05T00:16:57+00:00,2026-07,00115d2dd0b6,deb0f3fb0961,naive1,live,,
2026-07,3,china,EB3_OW,FAD,2026-10-01,16161,15796,16526,15397,16925,True,naive1,0.0552,q_h,580272713df3,ce45a6d31098,2026-07-05T00:16:57+00:00,2026-07,00115d2dd0b6,deb0f3fb0961,naive1,live,,
2026-07,4,china,EB3_OW,FAD,2026-11-01,16161,15796,16526,14796,17526,True,naive1,0.0552,q_h,97b144050094,25a72f176a97,2026-07-05T00:16:57+00:00,2026-07,00115d2dd0b6,deb0f3fb0961,naive1,live,,
2026-07,5,china,EB3_OW,FAD,2026-12-01,16161,15757,16565,14796,17526,True,naive1,0.0552,q_h,23091b50f644,f81934675304,2026-07-05T00:16:57+00:00,2026-07,00115d2dd0b6,deb0f3fb0961,naive1,live,,
2026-07,6,china,EB3_OW,FAD,2027-01-01,16161,15696,16626,14730,17592,True,naive1,0.0552,q_h,a46d29369e19,f3c7f34636db,2026-07-05T00:16:57+00:00,2026-07,00115d2dd0b6,deb0f3fb0961,naive1,live,,
2026-07,7,china,EB3_OW,FAD,2027-02-01,16161,15696,16626,14360,17962,True,naive1,0.0552,q_h,54ad6ed3010a,7d4e22a0f9b8,2026-07-05T00:16:57+00:00,2026-07,00115d2dd0b6,deb0f3fb0961,naive1,live,,
2026-07,8,china,EB3_OW,FAD,2027-03-01,16161,15696,16626,14359,17963,True,naive1,0.0552,q_h,129767425921,8b2baab6ce15,2026-07-05T00:16:57+00:00,2026-07,00115d2dd0b6,deb0f3fb0961,naive1,live,,
2026-07,9,china,EB3_OW,FAD,2027-04-01,16161,15534,16788,14359,17963,True,naive1,0.0552,q_h,097a7cb3a94b,92b400c561de,2026-07-05T00:16:57+00:00,2026-07,00115d2dd0b6,deb0f3fb0961,naive1,live,,
2026-07,10,china,EB3_OW,FAD,2027-05-01,16161,15534,16788,14359,17963,True,naive1,0.0552,q_h,1fccdf19a604,3c54f3e6b876,2026-07-05T00:16:57+00:00,2026-07,00115d2dd0b6,deb0f3fb0961,naive1,live,,
2026-07,11,china,EB3_OW,FAD,2027-06-01,16161,15534,16788,14359,17963,True,naive1,0.0552,q_h,b53b438d51d6,8c56b30ce4b7,2026-07-05T00:16:57+00:00,2026-07,00115d2dd0b6,deb0f3fb0961,naive1,live,,
2026-07,12,china,EB3_OW,FAD,2027-07-01,16161,15490,16832,14262,18060,True,naive1,0.0552,q_h,11b50446e418,2fdc7ccbb44a,2026-07-05T00:16:57+00:00,2026-07,00115d2dd0b6,deb0f3fb0961,naive1,live,,
2026-07,1,china,EB4,FAD,2026-08-01,17424,16905,17943,16905,17943,True,naive1,0.0575,q_h,9dec20f35c69,cebef1123488,2026-07-05T00:16:57+00:00,2026-07,00115d2dd0b6,deb0f3fb0961,naive1,live,,
2026-07,2,china,EB4,FAD,2026-09-01,17424,16905,17943,16905,17943,True,naive1,0.0575,q_h,60b1fa95197f,706a602460d8,2026-07-05T00:16:57+00:00,2026-07,00115d2dd0b6,deb0f3fb0961,naive1,live,,
2026-07,3,china,EB4,FAD,2026-10-01,17424,16905,17943,16338,18510,True,naive1,0.0575,q_h,c01853ec42d9,a883bf2c7d19,2026-07-05T00:16:57+00:00,2026-07,00115d2dd0b6,deb0f3fb0961,naive1,live,,
2026-07,4,china,EB4,FAD,2026-11-01,17424,16905,17943,15483,19365,True,naive1,0.0575,q_h,04bcf6b5facf,c79eb8cd939a,2026-07-05T00:16:57+00:00,2026-07,00115d2dd0b6,deb0f3fb0961,naive1,live,,
2026-07,5,china,EB4,FAD,2026-12-01,17424,16850,17998,15483,19365,True,naive1,0.0575,q_h,5a0507f80740,cd7403d5f6d1,2026-07-05T00:16:57+00:00,2026-07,00115d2dd0b6,deb0f3fb0961,naive1,live,,
2026-07,6,china,EB4,FAD,2027-01-01,17424,16762,18086,15390,19458,True,naive1,0.0575,q_h,4f35d7492dfb,5b096b910562,2026-07-05T00:16:57+00:00,2026-07,00115d2dd0b6,deb0f3fb0961,naive1,live,,
2026-07,7,china,EB4,FAD,2027-02-01,17424,16762,18086,14863,19985,True,naive1,0.0575,q_h,7b0e39100cdc,4745509dbec3,2026-07-05T00:16:57+00:00,2026-07,00115d2dd0b6,deb0f3fb0961,naive1,live,,
2026-07,8,china,EB4,FAD,2027-03-01,17424,16762,18086,14862,19986,True,naive1,0.0575,q_h,4ec0b02f6d87,67fc54a88c27,2026-07-05T00:16:57+00:00,2026-07,00115d2dd0b6,deb0f3fb0961,naive1,live,,
2026-07,9,china,EB4,FAD,2027-04-01,17424,16532,18316,14862,19986,True,naive1,0.0575,q_h,79850b032e65,d0e5d6540580,2026-07-05T00:16:57+00:00,2026-07,00115d2dd0b6,deb0f3fb0961,naive1,live,,
2026-07,10,china,EB4,FAD,2027-05-01,17424,16532,18316,14862,19986,True,naive1,0.0575,q_h,a1ffe7eb82c2,dbdb7475d4bb,2026-07-05T00:16:57+00:00,2026-07,00115d2dd0b6,deb0f3fb0961,naive1,live,,
2026-07,11,china,EB4,FAD,2027-06-01,17424,16532,18316,14862,19986,True,naive1,0.0575,q_h,76bf936800ab,b8493ccf0e02,2026-07-05T00:16:57+00:00,2026-07,00115d2dd0b6,deb0f3fb0961,naive1,live,,
2026-07,12,china,EB4,FAD,2027-07-01,17424,16470,18378,14723,20125,True,naive1,0.0575,q_h,42851448d064,c3c4faac0664,2026-07-05T00:16:57+00:00,2026-07,00115d2dd0b6,deb0f3fb0961,naive1,live,,
2026-07,1,china,EB4_RW,FAD,2026-08-01,17424,16905,17943,16905,17943,True,naive1,0.0632,q_h,edf340abf54b,cebef1123488,2026-07-05T00:16:57+00:00,2026-07,00115d2dd0b6,deb0f3fb0961,naive1,live,,
2026-07,2,china,EB4_RW,FAD,2026-09-01,17424,16905,17943,16905,17943,True,naive1,0.0632,q_h,c71754b4d0a3,706a602460d8,2026-07-05T00:16:57+00:00,2026-07,00115d2dd0b6,deb0f3fb0961,naive1,live,,
2026-07,3,china,EB4_RW,FAD,2026-10-01,17424,16905,17943,16338,18510,True,naive1,0.0632,q_h,4e8eb254ed18,a883bf2c7d19,2026-07-05T00:16:57+00:00,2026-07,00115d2dd0b6,deb0f3fb0961,naive1,live,,
2026-07,4,china,EB4_RW,FAD,2026-11-01,17424,16905,17943,15483,19365,True,naive1,0.0632,q_h,a153e935580f,c79eb8cd939a,2026-07-05T00:16:57+00:00,2026-07,00115d2dd0b6,deb0f3fb0961,naive1,live,,
2026-07,5,china,EB4_RW,FAD,2026-12-01,17424,16850,17998,15483,19365,True,naive1,0.0632,q_h,9abbbe51f3c0,cd7403d5f6d1,2026-07-05T00:16:57+00:00,2026-07,00115d2dd0b6,deb0f3fb0961,naive1,live,,
2026-07,6,china,EB4_RW,FAD,2027-01-01,17424,16762,18086,15390,19458,True,naive1,0.0632,q_h,7d6d7f0c9006,5b096b910562,2026-07-05T00:16:57+00:00,2026-07,00115d2dd0b6,deb0f3fb0961,naive1,live,,
2026-07,7,china,EB4_RW,FAD,2027-02-01,17424,16762,18086,14863,19985,True,naive1,0.0632,q_h,7aa5fbe03959,4745509dbec3,2026-07-05T00:16:57+00:00,2026-07,00115d2dd0b6,deb0f3fb0961,naive1,live,,
2026-07,8,china,EB4_RW,FAD,2027-03-01,17424,16762,18086,14862,19986,True,naive1,0.0632,q_h,33b10a44f922,67fc54a88c27,2026-07-05T00:16:57+00:00,2026-07,00115d2dd0b6,deb0f3fb0961,naive1,live,,
2026-07,9,china,EB4_RW,FAD,2027-04-01,17424,16532,18316,14862,19986,True,naive1,0.0632,q_h,86645b5f979c,d0e5d6540580,2026-07-05T00:16:57+00:00,2026-07,00115d2dd0b6,deb0f3fb0961,naive1,live,,
2026-07,10,china,EB4_RW,FAD,2027-05-01,17424,16532,18316,14862,19986,True,naive1,0.0632,q_h,31928d10b5cc,dbdb7475d4bb,2026-07-05T00:16:57+00:00,2026-07,00115d2dd0b6,deb0f3fb0961,naive1,live,,
2026-07,11,china,EB4_RW,FAD,2027-06-01,17424,16532,18316,14862,19986,True,naive1,0.0632,q_h,e9bf3fbb46fb,b8493ccf0e02,2026-07-05T00:16:57+00:00,2026-07,00115d2dd0b6,deb0f3fb0961,naive1,live,,
2026-07,12,china,EB4_RW,FAD,2027-07-01,17424,16470,18378,14723,20125,True,naive1,0.0632,q_h,62cded186c07,c3c4faac0664,2026-07-05T00:16:57+00:00,2026-07,00115d2dd0b6,deb0f3fb0961,naive1,live,,
2026-07,1,china,F1,DFF,2026-08-01,16071,15857,16285,14813,17329,True,naive1,0.0545,q_h,c17b242bf746,c4347a59e042,2026-07-05T00:16:57+00:00,2026-07,00115d2dd0b6,deb0f3fb0961,naive1,live,,
2026-07,2,china,F1,DFF,2026-09-01,16071,15857,16285,14813,17329,True,naive1,0.0545,q_h,583f901decdc,0cf5c743f0de,2026-07-05T00:16:57+00:00,2026-07,00115d2dd0b6,deb0f3fb0961,naive1,live,,
2026-07,3,china,F1,DFF,2026-10-01,16071,15857,16285,14813,17329,True,naive1,0.0545,q_h,13353e86c5e5,1a08713a2e2b,2026-07-05T00:16:57+00:00,2026-07,00115d2dd0b6,deb0f3fb0961,naive1,live,,
2026-07,4,china,F1,DFF,2026-11-01,16071,15830,16312,14813,17329,True,naive1,0.0545,q_h,7aa4271f5ddf,7b398d541688,2026-07-05T00:16:57+00:00,2026-07,00115d2dd0b6,deb0f3fb0961,naive1,live,,
2026-07,5,china,F1,DFF,2026-12-01,16071,15774,16368,14813,17329,True,naive1,0.0545,q_h,c29584b93d9e,109fc563ca91,2026-07-05T00:16:57+00:00,2026-07,00115d2dd0b6,deb0f3fb0961,naive1,live,,
2026-07,6,china,F1,DFF,2027-01-01,16071,15720,16422,14750,17392,True,naive1,0.0545,q_h,acb4269cf4e4,c6275ad0006d,2026-07-05T00:16:57+00:00,2026-07,00115d2dd0b6,deb0f3fb0961,naive1,live,,
2026-07,7,china,F1,DFF,2027-02-01,16071,15720,16422,14718,17424,True,naive1,0.0545,q_h,31c030dcafd1,4f2e3ec13056,2026-07-05T00:16:57+00:00,2026-07,00115d2dd0b6,deb0f3fb0961,naive1,live,,
2026-07,8,china,F1,DFF,2027-03-01,16071,15720,16422,14718,17424,True,naive1,0.0545,q_h,c6fae1825d2f,a78b1a2e3b17,2026-07-05T00:16:57+00:00,2026-07,00115d2dd0b6,deb0f3fb0961,naive1,live,,
2026-07,9,china,F1,DFF,2027-04-01,16071,15571,16571,14718,17424,True,naive1,0.0545,q_h,a90a77e43d0f,d257ffa9553f,2026-07-05T00:16:57+00:00,2026-07,00115d2dd0b6,deb0f3fb0961,naive1,live,,
2026-07,10,china,F1,DFF,2027-05-01,16071,15517,16625,14718,17424,True,naive1,0.0545,q_h,2c08a009b422,c704d955798a,2026-07-05T00:16:57+00:00,2026-07,00115d2dd0b6,deb0f3fb0961,naive1,live,,
2026-07,11,china,F1,DFF,2027-06-01,16071,15474,16668,14718,17424,True,naive1,0.0545,q_h,172f7c69035f,9a2fe1da4b08,2026-07-05T00:16:57+00:00,2026-07,00115d2dd0b6,deb0f3fb0961,naive1,live,,
2026-07,12,china,F1,DFF,2027-07-01,16071,15388,16754,14718,17424,True,naive1,0.0545,q_h,d63ae04c2172,063ae542bf30,2026-07-05T00:16:57+00:00,2026-07,00115d2dd0b6,deb0f3fb0961,naive1,live,,
2026-07,1,china,F1,FAD,2026-08-01,15737,15563,15911,15563,15911,True,naive1,0.1025,q_h,14f510c4bd3d,7c1bd77c07e8,2026-07-05T00:16:57+00:00,2026-07,00115d2dd0b6,deb0f3fb0961,naive1,live,,
2026-07,2,china,F1,FAD,2026-09-01,15737,15563,15911,15563,15911,True,naive1,0.1025,q_h,f9804fe53837,94d7507481ca,2026-07-05T00:16:57+00:00,2026-07,00115d2dd0b6,deb0f3fb0961,naive1,live,,
2026-07,3,china,F1,FAD,2026-10-01,15737,15563,15911,15373,16101,True,naive1,0.1025,q_h,e6519c1cc420,ebe2604296ee,2026-07-05T00:16:57+00:00,2026-07,00115d2dd0b6,deb0f3fb0961,naive1,live,,
2026-07,4,china,F1,FAD,2026-11-01,15737,15563,15911,15086,16388,True,naive1,0.1025,q_h,66a10cbbaf7f,d2eef4ab0634,2026-07-05T00:16:57+00:00,2026-07,00115d2dd0b6,deb0f3fb0961,naive1,live,,
2026-07,5,china,F1,FAD,2026-12-01,15737,15545,15929,15086,16388,True,naive1,0.1025,q_h,35fc24d7aa7f,90f354b2863d,2026-07-05T00:16:57+00:00,2026-07,00115d2dd0b6,deb0f3fb0961,naive1,live,,
2026-07,6,china,F1,FAD,2027-01-01,15737,15515,15959,15055,16419,True,naive1,0.1025,q_h,e8aec46b6800,60d73da04958,2026-07-05T00:16:57+00:00,2026-07,00115d2dd0b6,deb0f3fb0961,naive1,live,,
2026-07,7,china,F1,FAD,2027-02-01,15737,15515,15959,14878,16596,True,naive1,0.1025,q_h,5edbe3cc2320,40c00a817c01,2026-07-05T00:16:57+00:00,2026-07,00115d2dd0b6,deb0f3fb0961,naive1,live,,
2026-07,8,china,F1,FAD,2027-03-01,15737,15515,15959,14878,16596,True,naive1,0.1025,q_h,0ad629ae92df,b1ffecd94eeb,2026-07-05T00:16:57+00:00,2026-07,00115d2dd0b6,deb0f3fb0961,naive1,live,,
2026-07,9,china,F1,FAD,2027-04-01,15737,15438,16036,14878,16596,True,naive1,0.1025,q_h,d1c7ffda3ca5,1fb35f90f2a6,2026-07-05T00:16:57+00:00,2026-07,00115d2dd0b6,deb0f3fb0961,naive1,live,,
2026-07,10,china,F1,FAD,2027-05-01,15737,15438,16036,14878,16596,True,naive1,0.1025,q_h,d81d414907e7,5e207777e0e5,2026-07-05T00:16:57+00:00,2026-07,00115d2dd0b6,deb0f3fb0961,naive1,live,,
2026-07,11,china,F1,FAD,2027-06-01,15737,15438,16036,14878,16596,True,naive1,0.1025,q_h,a66c8a4b3d2c,4a016e1e7277,2026-07-05T00:16:57+00:00,2026-07,00115d2dd0b6,deb0f3fb0961,naive1,live,,
2026-07,12,china,F1,FAD,2027-07-01,15737,15417,16057,14832,16642,True,naive1,0.1025,q_h,6081875bd115,c5bcf443a61d,2026-07-05T00:16:57+00:00,2026-07,00115d2dd0b6,deb0f3fb0961,naive1,live,,
2026-07,1,china,F2A,FAD,2026-08-01,18263,17745,18781,17745,18781,True,naive1,0.0905,q_h,201d7d1f00c4,6b8354fd3d25,2026-07-05T00:16:57+00:00,2026-07,00115d2dd0b6,deb0f3fb0961,naive1,live,,
2026-07,2,china,F2A,FAD,2026-09-01,18263,17745,18781,17745,18781,True,naive1,0.0905,q_h,74a7b274d219,699b6f67c41a,2026-07-05T00:16:57+00:00,2026-07,00115d2dd0b6,deb0f3fb0961,naive1,live,,
2026-07,3,china,F2A,FAD,2026-10-01,18263,17745,18781,17179,19347,True,naive1,0.0905,q_h,a2d6a4d0da7d,d042994ed744,2026-07-05T00:16:57+00:00,2026-07,00115d2dd0b6,deb0f3fb0961,naive1,live,,
2026-07,4,china,F2A,FAD,2026-11-01,18263,17745,18781,16326,20200,True,naive1,0.0905,q_h,e2e442b0a78b,e61f57481e34,2026-07-05T00:16:57+00:00,2026-07,00115d2dd0b6,deb0f3fb0961,naive1,live,,
2026-07,5,china,F2A,FAD,2026-12-01,18263,17690,18836,16326,20200,True,naive1,0.0905,q_h,81fd0ffa7ab0,c9682b25ad3a,2026-07-05T00:16:57+00:00,2026-07,00115d2dd0b6,deb0f3fb0961,naive1,live,,
2026-07,6,china,F2A,FAD,2027-01-01,18263,17603,18923,16233,20293,True,naive1,0.0905,q_h,ff779fff7fc7,31ea4fb1cca9,2026-07-05T00:16:57+00:00,2026-07,00115d2dd0b6,deb0f3fb0961,naive1,live,,
2026-07,7,china,F2A,FAD,2027-02-01,18263,17603,18923,15707,20819,True,naive1,0.0905,q_h,9c019f08f900,02d6da2cfe9f,2026-07-05T00:16:57+00:00,2026-07,00115d2dd0b6,deb0f3fb0961,naive1,live,,
2026-07,8,china,F2A,FAD,2027-03-01,18263,17603,18923,15706,20820,True,naive1,0.0905,q_h,8e20da75938f,13fa1eda88bb,2026-07-05T00:16:57+00:00,2026-07,00115d2dd0b6,deb0f3fb0961,naive1,live,,
2026-07,9,china,F2A,FAD,2027-04-01,18263,17373,19153,15706,20820,True,naive1,0.0905,q_h,0712ec964601,0a3fd6676077,2026-07-05T00:16:57+00:00,2026-07,00115d2dd0b6,deb0f3fb0961,naive1,live,,
2026-07,10,china,F2A,FAD,2027-05-01,18263,17373,19153,15706,20820,True,naive1,0.0905,q_h,a1bd52ad39d6,bb6c06bcc0ad,2026-07-05T00:16:57+00:00,2026-07,00115d2dd0b6,deb0f3fb0961,naive1,live,,
2026-07,11,china,F2A,FAD,2027-06-01,18263,17373,19153,15706,20820,True,naive1,0.0905,q_h,31492bda5464,61f17bb82de1,2026-07-05T00:16:57+00:00,2026-07,00115d2dd0b6,deb0f3fb0961,naive1,live,,
2026-07,12,china,F2A,FAD,2027-07-01,18263,17311,19215,15567,20959,True,naive1,0.0905,q_h,d579a4f7eb40,71e255cf018f,2026-07-05T00:16:57+00:00,2026-07,00115d2dd0b6,deb0f3fb0961,naive1,live,,
2026-07,1,china,F2B,DFF,2026-08-01,15864,15718,16010,15005,16723,True,naive1,0.0762,q_h,7c2675b1a43c,ddb904e4ad6b,2026-07-05T00:16:57+00:00,2026-07,00115d2dd0b6,deb0f3fb0961,naive1,live,,
2026-07,2,china,F2B,DFF,2026-09-01,15864,15718,16010,15005,16723,True,naive1,0.0762,q_h,67dee60cd8ee,4b657b02eb81,2026-07-05T00:16:57+00:00,2026-07,00115d2dd0b6,deb0f3fb0961,naive1,live,,
2026-07,3,china,F2B,DFF,2026-10-01,15864,15718,16010,15005,16723,True,naive1,0.0762,q_h,23ffd1307a86,84cef0804a75,2026-07-05T00:16:57+00:00,2026-07,00115d2dd0b6,deb0f3fb0961,naive1,live,,
2026-07,4,china,F2B,DFF,2026-11-01,15864,15700,16028,15005,16723,True,naive1,0.0762,q_h,239ddd549de3,dddcc58e12cb,2026-07-05T00:16:57+00:00,2026-07,00115d2dd0b6,deb0f3fb0961,naive1,live,,
2026-07,5,china,F2B,DFF,2026-12-01,15864,15661,16067,15005,16723,True,naive1,0.0762,q_h,e9c6e88913fe,b029217340a4,2026-07-05T00:16:57+00:00,2026-07,00115d2dd0b6,deb0f3fb0961,naive1,live,,
2026-07,6,china,F2B,DFF,2027-01-01,15864,15625,16103,14963,16765,True,naive1,0.0762,q_h,7a56e9b6368c,4e74b6439d1e,2026-07-05T00:16:57+00:00,2026-07,00115d2dd0b6,deb0f3fb0961,naive1,live,,
2026-07,7,china,F2B,DFF,2027-02-01,15864,15625,16103,14941,16787,True,naive1,0.0762,q_h,8b63e4d9f7c8,f2715b8bac18,2026-07-05T00:16:57+00:00,2026-07,00115d2dd0b6,deb0f3fb0961,naive1,live,,
2026-07,8,china,F2B,DFF,2027-03-01,15864,15625,16103,14941,16787,True,naive1,0.0762,q_h,5d0dd5e9213c,c903f5a2dd7c,2026-07-05T00:16:57+00:00,2026-07,00115d2dd0b6,deb0f3fb0961,naive1,live,,
2026-07,9,china,F2B,DFF,2027-04-01,15864,15523,16205,14941,16787,True,naive1,0.0762,q_h,7e2b98de6e05,754fb60eec2c,2026-07-05T00:16:57+00:00,2026-07,00115d2dd0b6,deb0f3fb0961,naive1,live,,
2026-07,10,china,F2B,DFF,2027-05-01,15864,15486,16242,14941,16787,True,naive1,0.0762,q_h,4009c434ece1,00c302c69ebb,2026-07-05T00:16:57+00:00,2026-07,00115d2dd0b6,deb0f3fb0961,naive1,live,,
2026-07,11,china,F2B,DFF,2027-06-01,15864,15457,16271,14941,16787,True,naive1,0.0762,q_h,f9d209cceade,a068ae2ef75b,2026-07-05T00:16:57+00:00,2026-07,00115d2dd0b6,deb0f3fb0961,naive1,live,,
2026-07,12,china,F2B,DFF,2027-07-01,15864,15398,16330,14941,16787,True,naive1,0.0762,q_h,e114d5cc3c1b,82e11d078bdd,2026-07-05T00:16:57+00:00,2026-07,00115d2dd0b6,deb0f3fb0961,naive1,live,,
2026-07,1,china,F2B,FAD,2026-08-01,15666,15494,15838,15494,15838,True,naive1,0.0572,q_h,668b227f2b4e,c8e834dc1e61,2026-07-05T00:16:57+00:00,2026-07,00115d2dd0b6,deb0f3fb0961,naive1,live,,
2026-07,2,china,F2B,FAD,2026-09-01,15666,15494,15838,15494,15838,True,naive1,0.0572,q_h,c3af070a822d,b60908e66393,2026-07-05T00:16:57+00:00,2026-07,00115d2dd0b6,deb0f3fb0961,naive1,live,,
2026-07,3,china,F2B,FAD,2026-10-01,15666,15494,15838,15306,16026,True,naive1,0.0572,q_h,64e4790d937d,84868ad08ee3,2026-07-05T00:16:57+00:00,2026-07,00115d2dd0b6,deb0f3fb0961,naive1,live,,
2026-07,4,china,F2B,FAD,2026-11-01,15666,15494,15838,15023,16309,True,naive1,0.0572,q_h,65a1a603bdb7,ff7ddf7cb829,2026-07-05T00:16:57+00:00,2026-07,00115d2dd0b6,deb0f3fb0961,naive1,live,,
2026-07,5,china,F2B,FAD,2026-12-01,15666,15476,15856,15023,16309,True,naive1,0.0572,q_h,6d0c7b53ec39,4366baaad454,2026-07-05T00:16:57+00:00,2026-07,00115d2dd0b6,deb0f3fb0961,naive1,live,,
2026-07,6,china,F2B,FAD,2027-01-01,15666,15447,15885,14992,16340,True,naive1,0.0572,q_h,2d5e2523d452,598188c694a3,2026-07-05T00:16:57+00:00,2026-07,00115d2dd0b6,deb0f3fb0961,naive1,live,,
2026-07,7,china,F2B,FAD,2027-02-01,15666,15447,15885,14817,16515,True,naive1,0.0572,q_h,7a77b446bcc3,8930b5a73bb2,2026-07-05T00:16:57+00:00,2026-07,00115d2dd0b6,deb0f3fb0961,naive1,live,,
2026-07,8,china,F2B,FAD,2027-03-01,15666,15447,15885,14817,16515,True,naive1,0.0572,q_h,1c05eb978ffa,7c8873ed0c9c,2026-07-05T00:16:57+00:00,2026-07,00115d2dd0b6,deb0f3fb0961,naive1,live,,
2026-07,9,china,F2B,FAD,2027-04-01,15666,15371,15961,14817,16515,True,naive1,0.0572,q_h,974577e4450c,c21b13c8c484,2026-07-05T00:16:57+00:00,2026-07,00115d2dd0b6,deb0f3fb0961,naive1,live,,
2026-07,10,china,F2B,FAD,2027-05-01,15666,15371,15961,14817,16515,True,naive1,0.0572,q_h,03c30dbf956f,2ed768fa643a,2026-07-05T00:16:57+00:00,2026-07,00115d2dd0b6,deb0f3fb0961,naive1,live,,
2026-07,11,china,F2B,FAD,2027-06-01,15666,15371,15961,14817,16515,True,naive1,0.0572,q_h,283a5a8a2d04,424941881f34,2026-07-05T00:16:57+00:00,2026-07,00115d2dd0b6,deb0f3fb0961,naive1,live,,
2026-07,12,china,F2B,FAD,2027-07-01,15666,15350,15982,14771,16561,True,naive1,0.0572,q_h,161a3a52df2f,8a86540de941,2026-07-05T00:16:57+00:00,2026-07,00115d2dd0b6,deb0f3fb0961,naive1,live,,
2026-07,1,china,F3,DFF,2026-08-01,13856,13560,14152,12115,15597,True,naive1,0.1498,q_h,eb09c97ab138,00536906ded1,2026-07-05T00:16:57+00:00,2026-07,00115d2dd0b6,deb0f3fb0961,naive1,live,,
2026-07,2,china,F3,DFF,2026-09-01,13856,13560,14152,12115,15597,True,naive1,0.1498,q_h,98573b04d9f7,04083d145f34,2026-07-05T00:16:57+00:00,2026-07,00115d2dd0b6,deb0f3fb0961,naive1,live,,
2026-07,3,china,F3,DFF,2026-10-01,13856,13560,14152,12115,15597,True,naive1,0.1498,q_h,a202893fce41,a9635615bb77,2026-07-05T00:16:57+00:00,2026-07,00115d2dd0b6,deb0f3fb0961,naive1,live,,
2026-07,4,china,F3,DFF,2026-11-01,13856,13523,14189,12115,15597,True,naive1,0.1498,q_h,f4ca55bcc9cd,adf1a802dad1,2026-07-05T00:16:57+00:00,2026-07,00115d2dd0b6,deb0f3fb0961,naive1,live,,
2026-07,5,china,F3,DFF,2026-12-01,13856,13445,14267,12115,15597,True,naive1,0.1498,q_h,3ab31cff6b73,6786f5288aec,2026-07-05T00:16:57+00:00,2026-07,00115d2dd0b6,deb0f3fb0961,naive1,live,,
2026-07,6,china,F3,DFF,2027-01-01,13856,13371,14341,12029,15683,True,naive1,0.1498,q_h,5cf77360cd5e,4d01b86b9cca,2026-07-05T00:16:57+00:00,2026-07,00115d2dd0b6,deb0f3fb0961,naive1,live,,
2026-07,7,china,F3,DFF,2027-02-01,13856,13371,14341,11985,15727,True,naive1,0.1498,q_h,4f2c386d3f14,18143b7d353e,2026-07-05T00:16:57+00:00,2026-07,00115d2dd0b6,deb0f3fb0961,naive1,live,,
2026-07,8,china,F3,DFF,2027-03-01,13856,13371,14341,11985,15727,True,naive1,0.1498,q_h,90623d7dc2d6,b91cd9a46ef6,2026-07-05T00:16:57+00:00,2026-07,00115d2dd0b6,deb0f3fb0961,naive1,live,,
2026-07,9,china,F3,DFF,2027-04-01,13856,13165,14547,11985,15727,True,naive1,0.1498,q_h,a42e8c645c5f,2dbf40797777,2026-07-05T00:16:57+00:00,2026-07,00115d2dd0b6,deb0f3fb0961,naive1,live,,
2026-07,10,china,F3,DFF,2027-05-01,13856,13089,14623,11985,15727,True,naive1,0.1498,q_h,34da372c1d22,fa559697753a,2026-07-05T00:16:57+00:00,2026-07,00115d2dd0b6,deb0f3fb0961,naive1,live,,
2026-07,11,china,F3,DFF,2027-06-01,13856,13030,14682,11985,15727,True,naive1,0.1498,q_h,94cd6f035aa3,64e2ee433ef8,2026-07-05T00:16:57+00:00,2026-07,00115d2dd0b6,deb0f3fb0961,naive1,live,,
2026-07,12,china,F3,DFF,2027-07-01,13856,12912,14800,11985,15727,True,naive1,0.1498,q_h,854cb98931cf,d637951461af,2026-07-05T00:16:57+00:00,2026-07,00115d2dd0b6,deb0f3fb0961,naive1,live,,
2026-07,1,china,F3,FAD,2026-08-01,13619,13345,13893,13345,13893,True,naive1,0.1307,q_h,62cdbb64f42e,899d15ed8067,2026-07-05T00:16:57+00:00,2026-07,00115d2dd0b6,deb0f3fb0961,naive1,live,,
2026-07,2,china,F3,FAD,2026-09-01,13619,13345,13893,13345,13893,True,naive1,0.1307,q_h,ac84d2061fbd,0d6d33106c5f,2026-07-05T00:16:57+00:00,2026-07,00115d2dd0b6,deb0f3fb0961,naive1,live,,
2026-07,3,china,F3,FAD,2026-10-01,13619,13345,13893,13045,14193,True,naive1,0.1307,q_h,3aeb225f0107,439136d54cd0,2026-07-05T00:16:57+00:00,2026-07,00115d2dd0b6,deb0f3fb0961,naive1,live,,
2026-07,4,china,F3,FAD,2026-11-01,13619,13345,13893,12594,14644,True,naive1,0.1307,q_h,16066d7fb03d,93b18de2d76b,2026-07-05T00:16:57+00:00,2026-07,00115d2dd0b6,deb0f3fb0961,naive1,live,,
2026-07,5,china,F3,FAD,2026-12-01,13619,13316,13922,12594,14644,True,naive1,0.1307,q_h,70dded691da9,07b68a24bdde,2026-07-05T00:16:57+00:00,2026-07,00115d2dd0b6,deb0f3fb0961,naive1,live,,
2026-07,6,china,F3,FAD,2027-01-01,13619,13270,13968,12545,14693,True,naive1,0.1307,q_h,ec245db986d6,7d23726e6183,2026-07-05T00:16:57+00:00,2026-07,00115d2dd0b6,deb0f3fb0961,naive1,live,,
2026-07,7,china,F3,FAD,2027-02-01,13619,13270,13968,12267,14971,True,naive1,0.1307,q_h,e7bd564b0dfe,91978ba74d97,2026-07-05T00:16:57+00:00,2026-07,00115d2dd0b6,deb0f3fb0961,naive1,live,,
2026-07,8,china,F3,FAD,2027-03-01,13619,13270,13968,12266,14972,True,naive1,0.1307,q_h,1a7dfad40791,7017c190a085,2026-07-05T00:16:57+00:00,2026-07,00115d2dd0b6,deb0f3fb0961,naive1,live,,
2026-07,9,china,F3,FAD,2027-04-01,13619,13148,14090,12266,14972,True,naive1,0.1307,q_h,6a47d23d0d3c,cc5c0d64365d,2026-07-05T00:16:57+00:00,2026-07,00115d2dd0b6,deb0f3fb0961,naive1,live,,
2026-07,10,china,F3,FAD,2027-05-01,13619,13148,14090,12266,14972,True,naive1,0.1307,q_h,9cf837bcc348,7a3e0282a266,2026-07-05T00:16:57+00:00,2026-07,00115d2dd0b6,deb0f3fb0961,naive1,live,,
2026-07,11,china,F3,FAD,2027-06-01,13619,13148,14090,12266,14972,True,naive1,0.1307,q_h,92fb13adad70,76c433ae02da,2026-07-05T00:16:57+00:00,2026-07,00115d2dd0b6,deb0f3fb0961,naive1,live,,
2026-07,12,china,F3,FAD,2027-07-01,13619,13115,14123,12193,15045,True,naive1,0.1307,q_h,c4cf54eb6404,15dc66969d51,2026-07-05T00:16:57+00:00,2026-07,00115d2dd0b6,deb0f3fb0961,naive1,live,,
2026-07,1,china,F4,DFF,2026-08-01,12843,12728,12958,12167,13519,True,naive1,0.1684,q_h,c638dc500ea3,7d6b27f25d85,2026-07-05T00:16:57+00:00,2026-07,00115d2dd0b6,deb0f3fb0961,naive1,live,,
2026-07,2,china,F4,DFF,2026-09-01,12843,12728,12958,12167,13519,True,naive1,0.1684,q_h,e63044f94144,0b6ed4eb6575,2026-07-05T00:16:57+00:00,2026-07,00115d2dd0b6,deb0f3fb0961,naive1,live,,
2026-07,3,china,F4,DFF,2026-10-01,12843,12728,12958,12167,13519,True,naive1,0.1684,q_h,6f8b07d56f73,87fdf43c81c9,2026-07-05T00:16:57+00:00,2026-07,00115d2dd0b6,deb0f3fb0961,naive1,live,,
2026-07,4,china,F4,DFF,2026-11-01,12843,12714,12972,12167,13519,True,naive1,0.1684,q_h,51956b995f32,289465d7f768,2026-07-05T00:16:57+00:00,2026-07,00115d2dd0b6,deb0f3fb0961,naive1,live,,
2026-07,5,china,F4,DFF,2026-12-01,12843,12683,13003,12167,13519,True,naive1,0.1684,q_h,0ab316a61dd9,68b6b7ec260d,2026-07-05T00:16:57+00:00,2026-07,00115d2dd0b6,deb0f3fb0961,naive1,live,,
2026-07,6,china,F4,DFF,2027-01-01,12843,12655,13031,12133,13553,True,naive1,0.1684,q_h,7a97562f1c66,2d2d00dda408,2026-07-05T00:16:57+00:00,2026-07,00115d2dd0b6,deb0f3fb0961,naive1,live,,
2026-07,7,china,F4,DFF,2027-02-01,12843,12655,13031,12116,13570,True,naive1,0.1684,q_h,0589ea93bd22,8d09c5adfe31,2026-07-05T00:16:57+00:00,2026-07,00115d2dd0b6,deb0f3fb0961,naive1,live,,
2026-07,8,china,F4,DFF,2027-03-01,12843,12655,13031,12116,13570,True,naive1,0.1684,q_h,a0ece369ddde,050d7a1ec188,2026-07-05T00:16:57+00:00,2026-07,00115d2dd0b6,deb0f3fb0961,naive1,live,,
2026-07,9,china,F4,DFF,2027-04-01,12843,12574,13112,12116,13570,True,naive1,0.1684,q_h,1b7f1b4ba7b4,e1bd157bf329,2026-07-05T00:16:57+00:00,2026-07,00115d2dd0b6,deb0f3fb0961,naive1,live,,
2026-07,10,china,F4,DFF,2027-05-01,12843,12545,13141,12116,13570,True,naive1,0.1684,q_h,fc28c4698250,8a0e7aef4752,2026-07-05T00:16:57+00:00,2026-07,00115d2dd0b6,deb0f3fb0961,naive1,live,,
2026-07,11,china,F4,DFF,2027-06-01,12843,12522,13164,12116,13570,True,naive1,0.1684,q_h,b0583e1a2898,b0ec48376733,2026-07-05T00:16:57+00:00,2026-07,00115d2dd0b6,deb0f3fb0961,naive1,live,,
2026-07,12,china,F4,DFF,2027-07-01,12843,12476,13210,12116,13570,True,naive1,0.1684,q_h,7023782b61aa,0d77381bc8a0,2026-07-05T00:16:57+00:00,2026-07,00115d2dd0b6,deb0f3fb0961,naive1,live,,
2026-07,1,china,F4,FAD,2026-08-01,12419,12266,12572,12266,12572,True,naive1,0.0692,q_h,7ea0c5b770a1,db1f487d8a22,2026-07-05T00:16:57+00:00,2026-07,00115d2dd0b6,deb0f3fb0961,naive1,live,,
2026-07,2,china,F4,FAD,2026-09-01,12419,12266,12572,12266,12572,True,naive1,0.0692,q_h,fdee49f63e5c,163f370b8acd,2026-07-05T00:16:57+00:00,2026-07,00115d2dd0b6,deb0f3fb0961,naive1,live,,
2026-07,3,china,F4,FAD,2026-10-01,12419,12266,12572,12099,12739,True,naive1,0.0692,q_h,53fbc9988eb7,bbcbcbb39995,2026-07-05T00:16:57+00:00,2026-07,00115d2dd0b6,deb0f3fb0961,naive1,live,,
2026-07,4,china,F4,FAD,2026-11-01,12419,12266,12572,11847,12991,True,naive1,0.0692,q_h,e58b19a7f288,4fd1fd4fd19e,2026-07-05T00:16:57+00:00,2026-07,00115d2dd0b6,deb0f3fb0961,naive1,live,,
2026-07,5,china,F4,FAD,2026-12-01,12419,12250,12588,11847,12991,True,naive1,0.0692,q_h,a5d5c13d0a95,9e7376f33c21,2026-07-05T00:16:57+00:00,2026-07,00115d2dd0b6,deb0f3fb0961,naive1,live,,
2026-07,6,china,F4,FAD,2027-01-01,12419,12224,12614,11819,13019,True,naive1,0.0692,q_h,0af37074ef4f,8ed90db61506,2026-07-05T00:16:57+00:00,2026-07,00115d2dd0b6,deb0f3fb0961,naive1,live,,
2026-07,7,china,F4,FAD,2027-02-01,12419,12224,12614,11664,13174,True,naive1,0.0692,q_h,d3d55501dbdb,f4cf3157b2cf,2026-07-05T00:16:57+00:00,2026-07,00115d2dd0b6,deb0f3fb0961,naive1,live,,
2026-07,8,china,F4,FAD,2027-03-01,12419,12224,12614,11664,13174,True,naive1,0.0692,q_h,3e6e7c43394f,d4023d18f063,2026-07-05T00:16:57+00:00,2026-07,00115d2dd0b6,deb0f3fb0961,naive1,live,,
2026-07,9,china,F4,FAD,2027-04-01,12419,12156,12682,11664,13174,True,naive1,0.0692,q_h,940d98eb90e4,f5c3d7fcf6cc,2026-07-05T00:16:57+00:00,2026-07,00115d2dd0b6,deb0f3fb0961,naive1,live,,
2026-07,10,china,F4,FAD,2027-05-01,12419,12156,12682,11664,13174,True,naive1,0.0692,q_h,b4a1422f4982,6c5702b0366b,2026-07-05T00:16:57+00:00,2026-07,00115d2dd0b6,deb0f3fb0961,naive1,live,,
2026-07,11,china,F4,FAD,2027-06-01,12419,12156,12682,11664,13174,True,naive1,0.0692,q_h,8ce935208da7,ded64d463db7,2026-07-05T00:16:57+00:00,2026-07,00115d2dd0b6,deb0f3fb0961,naive1,live,,
2026-07,12,china,F4,FAD,2027-07-01,12419,12138,12700,11623,13215,True,naive1,0.0692,q_h,99967bf2c3fd,692431e80a94,2026-07-05T00:16:57+00:00,2026-07,00115d2dd0b6,deb0f3fb0961,naive1,live,,
2026-07,1,india,EB1,DFF,2026-08-01,17866,17501,18231,15720,20012,True,naive1,0.0369,q_h,3d86bf2dbf68,5eb7e292622c,2026-07-05T00:16:57+00:00,2026-07,00115d2dd0b6,deb0f3fb0961,naive1,live,,
2026-07,2,india,EB1,DFF,2026-09-01,17866,17501,18231,15720,20012,True,naive1,0.0369,q_h,4a7b99113fc4,908ac5ecb186,2026-07-05T00:16:57+00:00,2026-07,00115d2dd0b6,deb0f3fb0961,naive1,live,,
2026-07,3,india,EB1,DFF,2026-10-01,17866,17501,18231,15720,20012,True,naive1,0.0369,q_h,00a0379c6f63,7544403dc63e,2026-07-05T00:16:57+00:00,2026-07,00115d2dd0b6,deb0f3fb0961,naive1,live,,
2026-07,4,india,EB1,DFF,2026-11-01,17866,17456,18276,15720,20012,True,naive1,0.0369,q_h,64819bc4c643,dfdb9a878f16,2026-07-05T00:16:57+00:00,2026-07,00115d2dd0b6,deb0f3fb0961,naive1,live,,
2026-07,5,india,EB1,DFF,2026-12-01,17866,17360,18372,15720,20012,True,naive1,0.0369,q_h,5ab4c74a15c1,bcd0ff0e44e7,2026-07-05T00:16:57+00:00,2026-07,00115d2dd0b6,deb0f3fb0961,naive1,live,,
2026-07,6,india,EB1,DFF,2027-01-01,17866,17268,18464,15613,20119,True,naive1,0.0369,q_h,6dd41ba05a52,bbd3b2b78e13,2026-07-05T00:16:57+00:00,2026-07,00115d2dd0b6,deb0f3fb0961,naive1,live,,
2026-07,7,india,EB1,DFF,2027-02-01,17866,17268,18464,15559,20173,True,naive1,0.0369,q_h,e3aebb885036,e657f42822a7,2026-07-05T00:16:57+00:00,2026-07,00115d2dd0b6,deb0f3fb0961,naive1,live,,
2026-07,8,india,EB1,DFF,2027-03-01,17866,17268,18464,15559,20173,True,naive1,0.0369,q_h,0b998a141543,faaf3eaca980,2026-07-05T00:16:57+00:00,2026-07,00115d2dd0b6,deb0f3fb0961,naive1,live,,
2026-07,9,india,EB1,DFF,2027-04-01,17866,17014,18718,15559,20173,True,naive1,0.0369,q_h,597168eef23b,88e33c803674,2026-07-05T00:16:57+00:00,2026-07,00115d2dd0b6,deb0f3fb0961,naive1,live,,
2026-07,10,india,EB1,DFF,2027-05-01,17866,16921,18811,15559,20173,True,naive1,0.0369,q_h,b4d4a9bf423b,08ffe29bfc4f,2026-07-05T00:16:57+00:00,2026-07,00115d2dd0b6,deb0f3fb0961,naive1,live,,
2026-07,11,india,EB1,DFF,2027-06-01,17866,16847,18885,15559,20173,True,naive1,0.0369,q_h,5e1cb554d411,e6eaf90e242d,2026-07-05T00:16:57+00:00,2026-07,00115d2dd0b6,deb0f3fb0961,naive1,live,,
2026-07,12,india,EB1,DFF,2027-07-01,17866,16701,19031,15559,20173,True,naive1,0.0369,q_h,b7c3994d251b,3486a29c8a45,2026-07-05T00:16:57+00:00,2026-07,00115d2dd0b6,deb0f3fb0961,naive1,live,,
2026-07,1,india,EB1,FAD,2026-08-01,17454,17131,17777,17131,17777,True,naive1,0.0172,q_h,1dbe48878ac3,eb12e793874f,2026-07-05T00:16:57+00:00,2026-07,00115d2dd0b6,deb0f3fb0961,naive1,live,,
2026-07,2,india,EB1,FAD,2026-09-01,17454,17131,17777,17131,17777,True,naive1,0.0172,q_h,efac724a97df,cdd15d85ebf9,2026-07-05T00:16:57+00:00,2026-07,00115d2dd0b6,deb0f3fb0961,naive1,live,,
2026-07,3,india,EB1,FAD,2026-10-01,17454,17131,17777,16778,18130,True,naive1,0.0172,q_h,ce41daac9d75,e35179904d33,2026-07-05T00:16:57+00:00,2026-07,00115d2dd0b6,deb0f3fb0961,naive1,live,,
2026-07,4,india,EB1,FAD,2026-11-01,17454,17131,17777,16246,18662,True,naive1,0.0172,q_h,811e9651ff35,9e189be567de,2026-07-05T00:16:57+00:00,2026-07,00115d2dd0b6,deb0f3fb0961,naive1,live,,
2026-07,5,india,EB1,FAD,2026-12-01,17454,17097,17811,16246,18662,True,naive1,0.0172,q_h,a9ada1882f2c,7e7bcd970a43,2026-07-05T00:16:57+00:00,2026-07,00115d2dd0b6,deb0f3fb0961,naive1,live,,
2026-07,6,india,EB1,FAD,2027-01-01,17454,17042,17866,16188,18720,True,naive1,0.0172,q_h,9e8cd58535ba,b2f6b26639fd,2026-07-05T00:16:57+00:00,2026-07,00115d2dd0b6,deb0f3fb0961,naive1,live,,
2026-07,7,india,EB1,FAD,2027-02-01,17454,17042,17866,15860,19048,True,naive1,0.0172,q_h,9fee8b25ee69,03f25a22d09e,2026-07-05T00:16:57+00:00,2026-07,00115d2dd0b6,deb0f3fb0961,naive1,live,,
2026-07,8,india,EB1,FAD,2027-03-01,17454,17042,17866,15859,19049,True,naive1,0.0172,q_h,49f5525dc37f,490965185221,2026-07-05T00:16:57+00:00,2026-07,00115d2dd0b6,deb0f3fb0961,naive1,live,,
2026-07,9,india,EB1,FAD,2027-04-01,17454,16899,18009,15859,19049,True,naive1,0.0172,q_h,bc50c1a93eb2,91d01ffc8e10,2026-07-05T00:16:57+00:00,2026-07,00115d2dd0b6,deb0f3fb0961,naive1,live,,
2026-07,10,india,EB1,FAD,2027-05-01,17454,16899,18009,15859,19049,True,naive1,0.0172,q_h,34d0b5282379,8782a13fc336,2026-07-05T00:16:57+00:00,2026-07,00115d2dd0b6,deb0f3fb0961,naive1,live,,
2026-07,11,india,EB1,FAD,2027-06-01,17454,16899,18009,15859,19049,True,naive1,0.0172,q_h,fb11cc456ec8,03371e4677aa,2026-07-05T00:16:57+00:00,2026-07,00115d2dd0b6,deb0f3fb0961,naive1,live,,
2026-07,12,india,EB1,FAD,2027-07-01,17454,16860,18048,15773,19135,True,naive1,0.0172,q_h,612458d7689e,c2289f0bbe57,2026-07-05T00:16:57+00:00,2026-07,00115d2dd0b6,deb0f3fb0961,naive1,live,,
2026-07,1,india,EB2,DFF,2026-08-01,14624,14289,14959,12654,16594,True,naive1,0.1156,q_h,043835fdf50e,1fb1b230f539,2026-07-05T00:16:57+00:00,2026-07,00115d2dd0b6,deb0f3fb0961,naive1,live,,
2026-07,2,india,EB2,DFF,2026-09-01,14624,14289,14959,12654,16594,True,naive1,0.1156,q_h,2430ec8ee89b,05e88dd95e7d,2026-07-05T00:16:57+00:00,2026-07,00115d2dd0b6,deb0f3fb0961,naive1,live,,
2026-07,3,india,EB2,DFF,2026-10-01,14624,14289,14959,12654,16594,True,naive1,0.1156,q_h,4779df1494c0,1a591b2ff252,2026-07-05T00:16:57+00:00,2026-07,00115d2dd0b6,deb0f3fb0961,naive1,live,,
2026-07,4,india,EB2,DFF,2026-11-01,14624,14247,15001,12654,16594,True,naive1,0.1156,q_h,96d2c6642d9f,72dca71501fc,2026-07-05T00:16:57+00:00,2026-07,00115d2dd0b6,deb0f3fb0961,naive1,live,,
2026-07,5,india,EB2,DFF,2026-12-01,14624,14159,15089,12654,16594,True,naive1,0.1156,q_h,aab83f2379aa,f8499e38e27f,2026-07-05T00:16:57+00:00,2026-07,00115d2dd0b6,deb0f3fb0961,naive1,live,,
2026-07,6,india,EB2,DFF,2027-01-01,14624,14075,15173,12557,16691,True,naive1,0.1156,q_h,b4669af26415,700ffe40abf1,2026-07-05T00:16:57+00:00,2026-07,00115d2dd0b6,deb0f3fb0961,naive1,live,,
2026-07,7,india,EB2,DFF,2027-02-01,14624,14075,15173,12507,16741,True,naive1,0.1156,q_h,3bbbe1a7e449,6439e901c1fe,2026-07-05T00:16:57+00:00,2026-07,00115d2dd0b6,deb0f3fb0961,naive1,live,,
2026-07,8,india,EB2,DFF,2027-03-01,14624,14075,15173,12507,16741,True,naive1,0.1156,q_h,2ba018c4e7cd,ba13816f437d,2026-07-05T00:16:57+00:00,2026-07,00115d2dd0b6,deb0f3fb0961,naive1,live,,
2026-07,9,india,EB2,DFF,2027-04-01,14624,13842,15406,12507,16741,True,naive1,0.1156,q_h,ea9a15ec84d8,4e2a42f94231,2026-07-05T00:16:57+00:00,2026-07,00115d2dd0b6,deb0f3fb0961,naive1,live,,
2026-07,10,india,EB2,DFF,2027-05-01,14624,13756,15492,12507,16741,True,naive1,0.1156,q_h,bbba0931bc34,c739aeec9ab4,2026-07-05T00:16:57+00:00,2026-07,00115d2dd0b6,deb0f3fb0961,naive1,live,,
2026-07,11,india,EB2,DFF,2027-06-01,14624,13689,15559,12507,16741,True,naive1,0.1156,q_h,dcc2424a1025,968ba1504b38,2026-07-05T00:16:57+00:00,2026-07,00115d2dd0b6,deb0f3fb0961,naive1,live,,
2026-07,12,india,EB2,DFF,2027-07-01,14624,13555,15693,12507,16741,True,naive1,0.1156,q_h,aa4104b65a3f,ada295ca8e4c,2026-07-05T00:16:57+00:00,2026-07,00115d2dd0b6,deb0f3fb0961,naive1,live,,
2026-07,1,india,EB3,DFF,2026-08-01,14624,14191,15057,12078,17170,True,naive1,0.0647,q_h,4200fd4c0a2e,cdfde294ecb2,2026-07-05T00:16:57+00:00,2026-07,00115d2dd0b6,deb0f3fb0961,naive1,live,,
2026-07,2,india,EB3,DFF,2026-09-01,14624,14191,15057,12078,17170,True,naive1,0.0647,q_h,4df590f02125,b62997b3dd47,2026-07-05T00:16:57+00:00,2026-07,00115d2dd0b6,deb0f3fb0961,naive1,live,,
2026-07,3,india,EB3,DFF,2026-10-01,14624,14191,15057,12078,17170,True,naive1,0.0647,q_h,a06cd13d5da9,ee76fd8c5330,2026-07-05T00:16:57+00:00,2026-07,00115d2dd0b6,deb0f3fb0961,naive1,live,,
2026-07,4,india,EB3,DFF,2026-11-01,14624,14137,15111,12078,17170,True,naive1,0.0647,q_h,12e1417cbe37,8b19b581a461,2026-07-05T00:16:57+00:00,2026-07,00115d2dd0b6,deb0f3fb0961,naive1,live,,
2026-07,5,india,EB3,DFF,2026-12-01,14624,14023,15225,12078,17170,True,naive1,0.0647,q_h,f7d196474624,94e8ff7f9d32,2026-07-05T00:16:57+00:00,2026-07,00115d2dd0b6,deb0f3fb0961,naive1,live,,
2026-07,6,india,EB3,DFF,2027-01-01,14624,13915,15333,11952,17296,True,naive1,0.0647,q_h,f93cae267102,7467c34a0f83,2026-07-05T00:16:57+00:00,2026-07,00115d2dd0b6,deb0f3fb0961,naive1,live,,
2026-07,7,india,EB3,DFF,2027-02-01,14624,13915,15333,11887,17361,True,naive1,0.0647,q_h,847ae2eece4f,b54bb88a1f31,2026-07-05T00:16:57+00:00,2026-07,00115d2dd0b6,deb0f3fb0961,naive1,live,,
2026-07,8,india,EB3,DFF,2027-03-01,14624,13915,15333,11887,17361,True,naive1,0.0647,q_h,f897193b3ae9,21a1e1fea7bc,2026-07-05T00:16:57+00:00,2026-07,00115d2dd0b6,deb0f3fb0961,naive1,live,,
2026-07,9,india,EB3,DFF,2027-04-01,14624,13613,15635,11887,17361,True,naive1,0.0647,q_h,3908030edc6f,3afabb0c47ce,2026-07-05T00:16:57+00:00,2026-07,00115d2dd0b6,deb0f3fb0961,naive1,live,,
2026-07,10,india,EB3,DFF,2027-05-01,14624,13502,15746,11887,17361,True,naive1,0.0647,q_h,8f4cbf2393f5,22835cf5891b,2026-07-05T00:16:57+00:00,2026-07,00115d2dd0b6,deb0f3fb0961,naive1,live,,
2026-07,11,india,EB3,DFF,2027-06-01,14624,13416,15832,11887,17361,True,naive1,0.0647,q_h,8c4ca3b7f7cf,718aa1c74650,2026-07-05T00:16:57+00:00,2026-07,00115d2dd0b6,deb0f3fb0961,naive1,live,,
2026-07,12,india,EB3,DFF,2027-07-01,14624,13242,16006,11887,17361,True,naive1,0.0647,q_h,f0f80a2b9ba9,8dfb38884573,2026-07-05T00:16:57+00:00,2026-07,00115d2dd0b6,deb0f3fb0961,naive1,live,,
2026-07,1,india,EB3,FAD,2026-08-01,14245,14153,14337,14153,14337,True,naive1,0.0573,q_h,2ab179d5b9fb,b58b86a79910,2026-07-05T00:16:57+00:00,2026-07,00115d2dd0b6,deb0f3fb0961,naive1,live,,
2026-07,2,india,EB3,FAD,2026-09-01,14245,14153,14337,14153,14337,True,naive1,0.0573,q_h,e2f7a4a99e8e,9d1a436b28a2,2026-07-05T00:16:57+00:00,2026-07,00115d2dd0b6,deb0f3fb0961,naive1,live,,
2026-07,3,india,EB3,FAD,2026-10-01,14245,14153,14337,14052,14438,True,naive1,0.0573,q_h,8325a20f60f0,29022e4bfa38,2026-07-05T00:16:57+00:00,2026-07,00115d2dd0b6,deb0f3fb0961,naive1,live,,
2026-07,4,india,EB3,FAD,2026-11-01,14245,14153,14337,13901,14589,True,naive1,0.0573,q_h,eda6b922b4a1,e4c9e3744373,2026-07-05T00:16:57+00:00,2026-07,00115d2dd0b6,deb0f3fb0961,naive1,live,,
2026-07,5,india,EB3,FAD,2026-12-01,14245,14143,14347,13901,14589,True,naive1,0.0573,q_h,0eae48deaa40,640440176d5c,2026-07-05T00:16:57+00:00,2026-07,00115d2dd0b6,deb0f3fb0961,naive1,live,,
2026-07,6,india,EB3,FAD,2027-01-01,14245,14128,14362,13884,14606,True,naive1,0.0573,q_h,d7f0a0d13d53,d2397477e292,2026-07-05T00:16:57+00:00,2026-07,00115d2dd0b6,deb0f3fb0961,naive1,live,,
2026-07,7,india,EB3,FAD,2027-02-01,14245,14128,14362,13791,14699,True,naive1,0.0573,q_h,439a0c806734,f70fe85c198a,2026-07-05T00:16:57+00:00,2026-07,00115d2dd0b6,deb0f3fb0961,naive1,live,,
2026-07,8,india,EB3,FAD,2027-03-01,14245,14128,14362,13791,14699,True,naive1,0.0573,q_h,06ff5423d61e,5fdee2da0c77,2026-07-05T00:16:57+00:00,2026-07,00115d2dd0b6,deb0f3fb0961,naive1,live,,
2026-07,9,india,EB3,FAD,2027-04-01,14245,14087,14403,13791,14699,True,naive1,0.0573,q_h,a56b7563afe7,e371ddf49d05,2026-07-05T00:16:57+00:00,2026-07,00115d2dd0b6,deb0f3fb0961,naive1,live,,
2026-07,10,india,EB3,FAD,2027-05-01,14245,14087,14403,13791,14699,True,naive1,0.0573,q_h,920b2a8bdc96,67048f51bbc8,2026-07-05T00:16:57+00:00,2026-07,00115d2dd0b6,deb0f3fb0961,naive1,live,,
2026-07,11,india,EB3,FAD,2027-06-01,14245,14087,14403,13791,14699,True,naive1,0.0573,q_h,bb63247b2572,1eb23e977b2b,2026-07-05T00:16:57+00:00,2026-07,00115d2dd0b6,deb0f3fb0961,naive1,live,,
2026-07,12,india,EB3,FAD,2027-07-01,14245,14076,14414,13766,14724,True,naive1,0.0573,q_h,46366e241654,73a7a4e17709,2026-07-05T00:16:57+00:00,2026-07,00115d2dd0b6,deb0f3fb0961,naive1,live,,
2026-07,1,india,EB3_OW,DFF,2026-08-01,14624,14191,15057,12078,17170,True,naive1,0.0647,q_h,8de87e5ad5a7,cdfde294ecb2,2026-07-05T00:16:57+00:00,2026-07,00115d2dd0b6,deb0f3fb0961,naive1,live,,
2026-07,2,india,EB3_OW,DFF,2026-09-01,14624,14191,15057,12078,17170,True,naive1,0.0647,q_h,a89f2452fa07,b62997b3dd47,2026-07-05T00:16:57+00:00,2026-07,00115d2dd0b6,deb0f3fb0961,naive1,live,,
2026-07,3,india,EB3_OW,DFF,2026-10-01,14624,14191,15057,12078,17170,True,naive1,0.0647,q_h,a399fec7d03f,ee76fd8c5330,2026-07-05T00:16:57+00:00,2026-07,00115d2dd0b6,deb0f3fb0961,naive1,live,,
2026-07,4,india,EB3_OW,DFF,2026-11-01,14624,14137,15111,12078,17170,True,naive1,0.0647,q_h,a7ea4fa7baaa,8b19b581a461,2026-07-05T00:16:57+00:00,2026-07,00115d2dd0b6,deb0f3fb0961,naive1,live,,
2026-07,5,india,EB3_OW,DFF,2026-12-01,14624,14023,15225,12078,17170,True,naive1,0.0647,q_h,44a365035fab,94e8ff7f9d32,2026-07-05T00:16:57+00:00,2026-07,00115d2dd0b6,deb0f3fb0961,naive1,live,,
2026-07,6,india,EB3_OW,DFF,2027-01-01,14624,13915,15333,11952,17296,True,naive1,0.0647,q_h,9650fc0325d7,7467c34a0f83,2026-07-05T00:16:57+00:00,2026-07,00115d2dd0b6,deb0f3fb0961,naive1,live,,
2026-07,7,india,EB3_OW,DFF,2027-02-01,14624,13915,15333,11887,17361,True,naive1,0.0647,q_h,76e4e7b18558,b54bb88a1f31,2026-07-05T00:16:57+00:00,2026-07,00115d2dd0b6,deb0f3fb0961,naive1,live,,
2026-07,8,india,EB3_OW,DFF,2027-03-01,14624,13915,15333,11887,17361,True,naive1,0.0647,q_h,79815701197c,21a1e1fea7bc,2026-07-05T00:16:57+00:00,2026-07,00115d2dd0b6,deb0f3fb0961,naive1,live,,
2026-07,9,india,EB3_OW,DFF,2027-04-01,14624,13613,15635,11887,17361,True,naive1,0.0647,q_h,d544c0c4e87a,3afabb0c47ce,2026-07-05T00:16:57+00:00,2026-07,00115d2dd0b6,deb0f3fb0961,naive1,live,,
2026-07,10,india,EB3_OW,DFF,2027-05-01,14624,13502,15746,11887,17361,True,naive1,0.0647,q_h,b272e3e9fd7e,22835cf5891b,2026-07-05T00:16:57+00:00,2026-07,00115d2dd0b6,deb0f3fb0961,naive1,live,,
2026-07,11,india,EB3_OW,DFF,2027-06-01,14624,13416,15832,11887,17361,True,naive1,0.0647,q_h,b7d641794c58,718aa1c74650,2026-07-05T00:16:57+00:00,2026-07,00115d2dd0b6,deb0f3fb0961,naive1,live,,
2026-07,12,india,EB3_OW,DFF,2027-07-01,14624,13242,16006,11887,17361,True,naive1,0.0647,q_h,c0d0bcbe1606,8dfb38884573,2026-07-05T00:16:57+00:00,2026-07,00115d2dd0b6,deb0f3fb0961,naive1,live,,
2026-07,1,india,EB3_OW,FAD,2026-08-01,14245,14153,14337,14153,14337,True,naive1,0.0516,q_h,71eab8623d7b,b58b86a79910,2026-07-05T00:16:57+00:00,2026-07,00115d2dd0b6,deb0f3fb0961,naive1,live,,
2026-07,2,india,EB3_OW,FAD,2026-09-01,14245,14153,14337,14153,14337,True,naive1,0.0516,q_h,e71b18fc3ebd,9d1a436b28a2,2026-07-05T00:16:57+00:00,2026-07,00115d2dd0b6,deb0f3fb0961,naive1,live,,
2026-07,3,india,EB3_OW,FAD,2026-10-01,14245,14153,14337,14052,14438,True,naive1,0.0516,q_h,a96e93586e88,29022e4bfa38,2026-07-05T00:16:57+00:00,2026-07,00115d2dd0b6,deb0f3fb0961,naive1,live,,
2026-07,4,india,EB3_OW,FAD,2026-11-01,14245,14153,14337,13901,14589,True,naive1,0.0516,q_h,975edba2fff6,e4c9e3744373,2026-07-05T00:16:57+00:00,2026-07,00115d2dd0b6,deb0f3fb0961,naive1,live,,
2026-07,5,india,EB3_OW,FAD,2026-12-01,14245,14143,14347,13901,14589,True,naive1,0.0516,q_h,b4656961cd85,640440176d5c,2026-07-05T00:16:57+00:00,2026-07,00115d2dd0b6,deb0f3fb0961,naive1,live,,
2026-07,6,india,EB3_OW,FAD,2027-01-01,14245,14128,14362,13884,14606,True,naive1,0.0516,q_h,e042dda885b1,d2397477e292,2026-07-05T00:16:57+00:00,2026-07,00115d2dd0b6,deb0f3fb0961,naive1,live,,
2026-07,7,india,EB3_OW,FAD,2027-02-01,14245,14128,14362,13791,14699,True,naive1,0.0516,q_h,c3669291bcd3,f70fe85c198a,2026-07-05T00:16:57+00:00,2026-07,00115d2dd0b6,deb0f3fb0961,naive1,live,,
2026-07,8,india,EB3_OW,FAD,2027-03-01,14245,14128,14362,13791,14699,True,naive1,0.0516,q_h,56973cc5f7bf,5fdee2da0c77,2026-07-05T00:16:57+00:00,2026-07,00115d2dd0b6,deb0f3fb0961,naive1,live,,
2026-07,9,india,EB3_OW,FAD,2027-04-01,14245,14087,14403,13791,14699,True,naive1,0.0516,q_h,7f3ad314e1d6,e371ddf49d05,2026-07-05T00:16:57+00:00,2026-07,00115d2dd0b6,deb0f3fb0961,naive1,live,,
2026-07,10,india,EB3_OW,FAD,2027-05-01,14245,14087,14403,13791,14699,True,naive1,0.0516,q_h,fb4e7bd5e78c,67048f51bbc8,2026-07-05T00:16:57+00:00,2026-07,00115d2dd0b6,deb0f3fb0961,naive1,live,,
2026-07,11,india,EB3_OW,FAD,2027-06-01,14245,14087,14403,13791,14699,True,naive1,0.0516,q_h,03154f142659,1eb23e977b2b,2026-07-05T00:16:57+00:00,2026-07,00115d2dd0b6,deb0f3fb0961,naive1,live,,
2026-07,12,india,EB3_OW,FAD,2027-07-01,14245,14076,14414,13766,14724,True,naive1,0.0516,q_h,8aa557b2c057,73a7a4e17709,2026-07-05T00:16:57+00:00,2026-07,00115d2dd0b6,deb0f3fb0961,naive1,live,,
2026-07,1,india,EB4,FAD,2026-08-01,17424,16905,17943,16905,17943,True,naive1,0.0527,q_h,1e63241c3050,cebef1123488,2026-07-05T00:16:57+00:00,2026-07,00115d2dd0b6,deb0f3fb0961,naive1,live,,
2026-07,2,india,EB4,FAD,2026-09-01,17424,16905,17943,16905,17943,True,naive1,0.0527,q_h,1c1054af6d29,706a602460d8,2026-07-05T00:16:57+00:00,2026-07,00115d2dd0b6,deb0f3fb0961,naive1,live,,
2026-07,3,india,EB4,FAD,2026-10-01,17424,16905,17943,16338,18510,True,naive1,0.0527,q_h,7ff8c0c15fea,a883bf2c7d19,2026-07-05T00:16:57+00:00,2026-07,00115d2dd0b6,deb0f3fb0961,naive1,live,,
2026-07,4,india,EB4,FAD,2026-11-01,17424,16905,17943,15483,19365,True,naive1,0.0527,q_h,679c0ff2aad1,c79eb8cd939a,2026-07-05T00:16:57+00:00,2026-07,00115d2dd0b6,deb0f3fb0961,naive1,live,,
2026-07,5,india,EB4,FAD,2026-12-01,17424,16850,17998,15483,19365,True,naive1,0.0527,q_h,967bedbeabb8,cd7403d5f6d1,2026-07-05T00:16:57+00:00,2026-07,00115d2dd0b6,deb0f3fb0961,naive1,live,,
2026-07,6,india,EB4,FAD,2027-01-01,17424,16762,18086,15390,19458,True,naive1,0.0527,q_h,bb44954ebf7e,5b096b910562,2026-07-05T00:16:57+00:00,2026-07,00115d2dd0b6,deb0f3fb0961,naive1,live,,
2026-07,7,india,EB4,FAD,2027-02-01,17424,16762,18086,14863,19985,True,naive1,0.0527,q_h,c27c3977a5b9,4745509dbec3,2026-07-05T00:16:57+00:00,2026-07,00115d2dd0b6,deb0f3fb0961,naive1,live,,
2026-07,8,india,EB4,FAD,2027-03-01,17424,16762,18086,14862,19986,True,naive1,0.0527,q_h,8fb6e3e99ba7,67fc54a88c27,2026-07-05T00:16:57+00:00,2026-07,00115d2dd0b6,deb0f3fb0961,naive1,live,,
2026-07,9,india,EB4,FAD,2027-04-01,17424,16532,18316,14862,19986,True,naive1,0.0527,q_h,81b25d018904,d0e5d6540580,2026-07-05T00:16:57+00:00,2026-07,00115d2dd0b6,deb0f3fb0961,naive1,live,,
2026-07,10,india,EB4,FAD,2027-05-01,17424,16532,18316,14862,19986,True,naive1,0.0527,q_h,ceb050bef948,dbdb7475d4bb,2026-07-05T00:16:57+00:00,2026-07,00115d2dd0b6,deb0f3fb0961,naive1,live,,
2026-07,11,india,EB4,FAD,2027-06-01,17424,16532,18316,14862,19986,True,naive1,0.0527,q_h,101f503817c9,b8493ccf0e02,2026-07-05T00:16:57+00:00,2026-07,00115d2dd0b6,deb0f3fb0961,naive1,live,,
2026-07,12,india,EB4,FAD,2027-07-01,17424,16470,18378,14723,20125,True,naive1,0.0527,q_h,01ce2b4aef08,c3c4faac0664,2026-07-05T00:16:57+00:00,2026-07,00115d2dd0b6,deb0f3fb0961,naive1,live,,
2026-07,1,india,EB4_RW,FAD,2026-08-01,17424,16905,17943,16905,17943,True,naive1,0.0593,q_h,7f8eb8bd79f2,cebef1123488,2026-07-05T00:16:57+00:00,2026-07,00115d2dd0b6,deb0f3fb0961,naive1,live,,
2026-07,2,india,EB4_RW,FAD,2026-09-01,17424,16905,17943,16905,17943,True,naive1,0.0593,q_h,316eb84df50a,706a602460d8,2026-07-05T00:16:57+00:00,2026-07,00115d2dd0b6,deb0f3fb0961,naive1,live,,
2026-07,3,india,EB4_RW,FAD,2026-10-01,17424,16905,17943,16338,18510,True,naive1,0.0593,q_h,00d7bb1a5f04,a883bf2c7d19,2026-07-05T00:16:57+00:00,2026-07,00115d2dd0b6,deb0f3fb0961,naive1,live,,
2026-07,4,india,EB4_RW,FAD,2026-11-01,17424,16905,17943,15483,19365,True,naive1,0.0593,q_h,5464ec1d1b30,c79eb8cd939a,2026-07-05T00:16:57+00:00,2026-07,00115d2dd0b6,deb0f3fb0961,naive1,live,,
2026-07,5,india,EB4_RW,FAD,2026-12-01,17424,16850,17998,15483,19365,True,naive1,0.0593,q_h,ac08b9ff494e,cd7403d5f6d1,2026-07-05T00:16:57+00:00,2026-07,00115d2dd0b6,deb0f3fb0961,naive1,live,,
2026-07,6,india,EB4_RW,FAD,2027-01-01,17424,16762,18086,15390,19458,True,naive1,0.0593,q_h,6ab855ee7eba,5b096b910562,2026-07-05T00:16:57+00:00,2026-07,00115d2dd0b6,deb0f3fb0961,naive1,live,,
2026-07,7,india,EB4_RW,FAD,2027-02-01,17424,16762,18086,14863,19985,True,naive1,0.0593,q_h,bb768df70b48,4745509dbec3,2026-07-05T00:16:57+00:00,2026-07,00115d2dd0b6,deb0f3fb0961,naive1,live,,
2026-07,8,india,EB4_RW,FAD,2027-03-01,17424,16762,18086,14862,19986,True,naive1,0.0593,q_h,97f0c70a19ae,67fc54a88c27,2026-07-05T00:16:57+00:00,2026-07,00115d2dd0b6,deb0f3fb0961,naive1,live,,
2026-07,9,india,EB4_RW,FAD,2027-04-01,17424,16532,18316,14862,19986,True,naive1,0.0593,q_h,1ed2ed33cfe7,d0e5d6540580,2026-07-05T00:16:57+00:00,2026-07,00115d2dd0b6,deb0f3fb0961,naive1,live,,
2026-07,10,india,EB4_RW,FAD,2027-05-01,17424,16532,18316,14862,19986,True,naive1,0.0593,q_h,138ca16236e1,dbdb7475d4bb,2026-07-05T00:16:57+00:00,2026-07,00115d2dd0b6,deb0f3fb0961,naive1,live,,
2026-07,11,india,EB4_RW,FAD,2027-06-01,17424,16532,18316,14862,19986,True,naive1,0.0593,q_h,8b0f80e8fc1f,b8493ccf0e02,2026-07-05T00:16:57+00:00,2026-07,00115d2dd0b6,deb0f3fb0961,naive1,live,,
2026-07,12,india,EB4_RW,FAD,2027-07-01,17424,16470,18378,14723,20125,True,naive1,0.0593,q_h,52bd4cb5ea09,c3c4faac0664,2026-07-05T00:16:57+00:00,2026-07,00115d2dd0b6,deb0f3fb0961,naive1,live,,
2026-07,1,india,F1,DFF,2026-08-01,16071,15857,16285,14813,17329,True,naive1,0.0545,q_h,735b0f6f705b,c4347a59e042,2026-07-05T00:16:57+00:00,2026-07,00115d2dd0b6,deb0f3fb0961,naive1,live,,
2026-07,2,india,F1,DFF,2026-09-01,16071,15857,16285,14813,17329,True,naive1,0.0545,q_h,4ecf172e33a0,0cf5c743f0de,2026-07-05T00:16:57+00:00,2026-07,00115d2dd0b6,deb0f3fb0961,naive1,live,,
2026-07,3,india,F1,DFF,2026-10-01,16071,15857,16285,14813,17329,True,naive1,0.0545,q_h,3eb433fe5f05,1a08713a2e2b,2026-07-05T00:16:57+00:00,2026-07,00115d2dd0b6,deb0f3fb0961,naive1,live,,
2026-07,4,india,F1,DFF,2026-11-01,16071,15830,16312,14813,17329,True,naive1,0.0545,q_h,f20508c48643,7b398d541688,2026-07-05T00:16:57+00:00,2026-07,00115d2dd0b6,deb0f3fb0961,naive1,live,,
2026-07,5,india,F1,DFF,2026-12-01,16071,15774,16368,14813,17329,True,naive1,0.0545,q_h,77c880b78d6a,109fc563ca91,2026-07-05T00:16:57+00:00,2026-07,00115d2dd0b6,deb0f3fb0961,naive1,live,,
2026-07,6,india,F1,DFF,2027-01-01,16071,15720,16422,14750,17392,True,naive1,0.0545,q_h,e390f15998cb,c6275ad0006d,2026-07-05T00:16:57+00:00,2026-07,00115d2dd0b6,deb0f3fb0961,naive1,live,,
2026-07,7,india,F1,DFF,2027-02-01,16071,15720,16422,14718,17424,True,naive1,0.0545,q_h,ea6deb9120be,4f2e3ec13056,2026-07-05T00:16:57+00:00,2026-07,00115d2dd0b6,deb0f3fb0961,naive1,live,,
2026-07,8,india,F1,DFF,2027-03-01,16071,15720,16422,14718,17424,True,naive1,0.0545,q_h,0ab83291418b,a78b1a2e3b17,2026-07-05T00:16:57+00:00,2026-07,00115d2dd0b6,deb0f3fb0961,naive1,live,,
2026-07,9,india,F1,DFF,2027-04-01,16071,15571,16571,14718,17424,True,naive1,0.0545,q_h,852629631993,d257ffa9553f,2026-07-05T00:16:57+00:00,2026-07,00115d2dd0b6,deb0f3fb0961,naive1,live,,
2026-07,10,india,F1,DFF,2027-05-01,16071,15517,16625,14718,17424,True,naive1,0.0545,q_h,97c1232a67f8,c704d955798a,2026-07-05T00:16:57+00:00,2026-07,00115d2dd0b6,deb0f3fb0961,naive1,live,,
2026-07,11,india,F1,DFF,2027-06-01,16071,15474,16668,14718,17424,True,naive1,0.0545,q_h,5189aec07ceb,9a2fe1da4b08,2026-07-05T00:16:57+00:00,2026-07,00115d2dd0b6,deb0f3fb0961,naive1,live,,
2026-07,12,india,F1,DFF,2027-07-01,16071,15388,16754,14718,17424,True,naive1,0.0545,q_h,c8850993a2fc,063ae542bf30,2026-07-05T00:16:57+00:00,2026-07,00115d2dd0b6,deb0f3fb0961,naive1,live,,
2026-07,1,india,F1,FAD,2026-08-01,15737,15563,15911,15563,15911,True,naive1,0.1008,q_h,6ab84fcda5ec,7c1bd77c07e8,2026-07-05T00:16:57+00:00,2026-07,00115d2dd0b6,deb0f3fb0961,naive1,live,,
2026-07,2,india,F1,FAD,2026-09-01,15737,15563,15911,15563,15911,True,naive1,0.1008,q_h,3666b8bc7d4d,94d7507481ca,2026-07-05T00:16:57+00:00,2026-07,00115d2dd0b6,deb0f3fb0961,naive1,live,,
2026-07,3,india,F1,FAD,2026-10-01,15737,15563,15911,15373,16101,True,naive1,0.1008,q_h,504f214a40db,ebe2604296ee,2026-07-05T00:16:57+00:00,2026-07,00115d2dd0b6,deb0f3fb0961,naive1,live,,
2026-07,4,india,F1,FAD,2026-11-01,15737,15563,15911,15086,16388,True,naive1,0.1008,q_h,5d30f362fe72,d2eef4ab0634,2026-07-05T00:16:57+00:00,2026-07,00115d2dd0b6,deb0f3fb0961,naive1,live,,
2026-07,5,india,F1,FAD,2026-12-01,15737,15545,15929,15086,16388,True,naive1,0.1008,q_h,8192794931d2,90f354b2863d,2026-07-05T00:16:57+00:00,2026-07,00115d2dd0b6,deb0f3fb0961,naive1,live,,
2026-07,6,india,F1,FAD,2027-01-01,15737,15515,15959,15055,16419,True,naive1,0.1008,q_h,5be6f00fac59,60d73da04958,2026-07-05T00:16:57+00:00,2026-07,00115d2dd0b6,deb0f3fb0961,naive1,live,,
2026-07,7,india,F1,FAD,2027-02-01,15737,15515,15959,14878,16596,True,naive1,0.1008,q_h,7f2649db2cbb,40c00a817c01,2026-07-05T00:16:57+00:00,2026-07,00115d2dd0b6,deb0f3fb0961,naive1,live,,
2026-07,8,india,F1,FAD,2027-03-01,15737,15515,15959,14878,16596,True,naive1,0.1008,q_h,6eb27346bc99,b1ffecd94eeb,2026-07-05T00:16:57+00:00,2026-07,00115d2dd0b6,deb0f3fb0961,naive1,live,,
2026-07,9,india,F1,FAD,2027-04-01,15737,15438,16036,14878,16596,True,naive1,0.1008,q_h,943de2ae6dfb,1fb35f90f2a6,2026-07-05T00:16:57+00:00,2026-07,00115d2dd0b6,deb0f3fb0961,naive1,live,,
2026-07,10,india,F1,FAD,2027-05-01,15737,15438,16036,14878,16596,True,naive1,0.1008,q_h,fe441dcbef8a,5e207777e0e5,2026-07-05T00:16:57+00:00,2026-07,00115d2dd0b6,deb0f3fb0961,naive1,live,,
2026-07,11,india,F1,FAD,2027-06-01,15737,15438,16036,14878,16596,True,naive1,0.1008,q_h,9aeab253e64b,4a016e1e7277,2026-07-05T00:16:57+00:00,2026-07,00115d2dd0b6,deb0f3fb0961,naive1,live,,
2026-07,12,india,F1,FAD,2027-07-01,15737,15417,16057,14832,16642,True,naive1,0.1008,q_h,3881e8765b05,c5bcf443a61d,2026-07-05T00:16:57+00:00,2026-07,00115d2dd0b6,deb0f3fb0961,naive1,live,,
2026-07,1,india,F2A,FAD,2026-08-01,18263,17745,18781,17745,18781,True,naive1,0.0878,q_h,aacbb00908f8,6b8354fd3d25,2026-07-05T00:16:57+00:00,2026-07,00115d2dd0b6,deb0f3fb0961,naive1,live,,
2026-07,2,india,F2A,FAD,2026-09-01,18263,17745,18781,17745,18781,True,naive1,0.0878,q_h,cb266e945bb2,699b6f67c41a,2026-07-05T00:16:57+00:00,2026-07,00115d2dd0b6,deb0f3fb0961,naive1,live,,
2026-07,3,india,F2A,FAD,2026-10-01,18263,17745,18781,17179,19347,True,naive1,0.0878,q_h,f2be7bdb93a0,d042994ed744,2026-07-05T00:16:57+00:00,2026-07,00115d2dd0b6,deb0f3fb0961,naive1,live,,
2026-07,4,india,F2A,FAD,2026-11-01,18263,17745,18781,16326,20200,True,naive1,0.0878,q_h,bbb43407e0eb,e61f57481e34,2026-07-05T00:16:57+00:00,2026-07,00115d2dd0b6,deb0f3fb0961,naive1,live,,
2026-07,5,india,F2A,FAD,2026-12-01,18263,17690,18836,16326,20200,True,naive1,0.0878,q_h,c33acc365d5e,c9682b25ad3a,2026-07-05T00:16:57+00:00,2026-07,00115d2dd0b6,deb0f3fb0961,naive1,live,,
2026-07,6,india,F2A,FAD,2027-01-01,18263,17603,18923,16233,20293,True,naive1,0.0878,q_h,69c8ef9ac5d6,31ea4fb1cca9,2026-07-05T00:16:57+00:00,2026-07,00115d2dd0b6,deb0f3fb0961,naive1,live,,
2026-07,7,india,F2A,FAD,2027-02-01,18263,17603,18923,15707,20819,True,naive1,0.0878,q_h,fd1a9ba86943,02d6da2cfe9f,2026-07-05T00:16:57+00:00,2026-07,00115d2dd0b6,deb0f3fb0961,naive1,live,,
2026-07,8,india,F2A,FAD,2027-03-01,18263,17603,18923,15706,20820,True,naive1,0.0878,q_h,5a4ceae38a27,13fa1eda88bb,2026-07-05T00:16:57+00:00,2026-07,00115d2dd0b6,deb0f3fb0961,naive1,live,,
2026-07,9,india,F2A,FAD,2027-04-01,18263,17373,19153,15706,20820,True,naive1,0.0878,q_h,718c85dd65a8,0a3fd6676077,2026-07-05T00:16:57+00:00,2026-07,00115d2dd0b6,deb0f3fb0961,naive1,live,,
2026-07,10,india,F2A,FAD,2027-05-01,18263,17373,19153,15706,20820,True,naive1,0.0878,q_h,0f40779a0c07,bb6c06bcc0ad,2026-07-05T00:16:57+00:00,2026-07,00115d2dd0b6,deb0f3fb0961,naive1,live,,
2026-07,11,india,F2A,FAD,2027-06-01,18263,17373,19153,15706,20820,True,naive1,0.0878,q_h,c57e6866e78f,61f17bb82de1,2026-07-05T00:16:57+00:00,2026-07,00115d2dd0b6,deb0f3fb0961,naive1,live,,
2026-07,12,india,F2A,FAD,2027-07-01,18263,17311,19215,15567,20959,True,naive1,0.0878,q_h,eaf2fad5dd94,71e255cf018f,2026-07-05T00:16:57+00:00,2026-07,00115d2dd0b6,deb0f3fb0961,naive1,live,,
2026-07,1,india,F2B,DFF,2026-08-01,15864,15718,16010,15005,16723,True,naive1,0.0762,q_h,5ab2b7550818,ddb904e4ad6b,2026-07-05T00:16:57+00:00,2026-07,00115d2dd0b6,deb0f3fb0961,naive1,live,,
2026-07,2,india,F2B,DFF,2026-09-01,15864,15718,16010,15005,16723,True,naive1,0.0762,q_h,a9929ac9822a,4b657b02eb81,2026-07-05T00:16:57+00:00,2026-07,00115d2dd0b6,deb0f3fb0961,naive1,live,,
2026-07,3,india,F2B,DFF,2026-10-01,15864,15718,16010,15005,16723,True,naive1,0.0762,q_h,89a99659e5cd,84cef0804a75,2026-07-05T00:16:57+00:00,2026-07,00115d2dd0b6,deb0f3fb0961,naive1,live,,
2026-07,4,india,F2B,DFF,2026-11-01,15864,15700,16028,15005,16723,True,naive1,0.0762,q_h,aee4acbf80e2,dddcc58e12cb,2026-07-05T00:16:57+00:00,2026-07,00115d2dd0b6,deb0f3fb0961,naive1,live,,
2026-07,5,india,F2B,DFF,2026-12-01,15864,15661,16067,15005,16723,True,naive1,0.0762,q_h,39b4ebc308e9,b029217340a4,2026-07-05T00:16:57+00:00,2026-07,00115d2dd0b6,deb0f3fb0961,naive1,live,,
2026-07,6,india,F2B,DFF,2027-01-01,15864,15625,16103,14963,16765,True,naive1,0.0762,q_h,3be3d81e8681,4e74b6439d1e,2026-07-05T00:16:57+00:00,2026-07,00115d2dd0b6,deb0f3fb0961,naive1,live,,
2026-07,7,india,F2B,DFF,2027-02-01,15864,15625,16103,14941,16787,True,naive1,0.0762,q_h,47d6cc503b05,f2715b8bac18,2026-07-05T00:16:57+00:00,2026-07,00115d2dd0b6,deb0f3fb0961,naive1,live,,
2026-07,8,india,F2B,DFF,2027-03-01,15864,15625,16103,14941,16787,True,naive1,0.0762,q_h,33d8724076be,c903f5a2dd7c,2026-07-05T00:16:57+00:00,2026-07,00115d2dd0b6,deb0f3fb0961,naive1,live,,
2026-07,9,india,F2B,DFF,2027-04-01,15864,15523,16205,14941,16787,True,naive1,0.0762,q_h,5eaf73998b52,754fb60eec2c,2026-07-05T00:16:57+00:00,2026-07,00115d2dd0b6,deb0f3fb0961,naive1,live,,
2026-07,10,india,F2B,DFF,2027-05-01,15864,15486,16242,14941,16787,True,naive1,0.0762,q_h,e1c8b0d50f17,00c302c69ebb,2026-07-05T00:16:57+00:00,2026-07,00115d2dd0b6,deb0f3fb0961,naive1,live,,
2026-07,11,india,F2B,DFF,2027-06-01,15864,15457,16271,14941,16787,True,naive1,0.0762,q_h,e2b0dab6e478,a068ae2ef75b,2026-07-05T00:16:57+00:00,2026-07,00115d2dd0b6,deb0f3fb0961,naive1,live,,
2026-07,12,india,F2B,DFF,2027-07-01,15864,15398,16330,14941,16787,True,naive1,0.0762,q_h,b4058011188f,82e11d078bdd,2026-07-05T00:16:57+00:00,2026-07,00115d2dd0b6,deb0f3fb0961,naive1,live,,
2026-07,1,india,F2B,FAD,2026-08-01,15666,15494,15838,15494,15838,True,naive1,0.0587,q_h,4b7799044ae6,c8e834dc1e61,2026-07-05T00:16:57+00:00,2026-07,00115d2dd0b6,deb0f3fb0961,naive1,live,,
2026-07,2,india,F2B,FAD,2026-09-01,15666,15494,15838,15494,15838,True,naive1,0.0587,q_h,1b85e326a4da,b60908e66393,2026-07-05T00:16:57+00:00,2026-07,00115d2dd0b6,deb0f3fb0961,naive1,live,,
2026-07,3,india,F2B,FAD,2026-10-01,15666,15494,15838,15306,16026,True,naive1,0.0587,q_h,f239f3ca8202,84868ad08ee3,2026-07-05T00:16:57+00:00,2026-07,00115d2dd0b6,deb0f3fb0961,naive1,live,,
2026-07,4,india,F2B,FAD,2026-11-01,15666,15494,15838,15023,16309,True,naive1,0.0587,q_h,fd7d521d6969,ff7ddf7cb829,2026-07-05T00:16:57+00:00,2026-07,00115d2dd0b6,deb0f3fb0961,naive1,live,,
2026-07,5,india,F2B,FAD,2026-12-01,15666,15476,15856,15023,16309,True,naive1,0.0587,q_h,2d2fbd25767e,4366baaad454,2026-07-05T00:16:57+00:00,2026-07,00115d2dd0b6,deb0f3fb0961,naive1,live,,
2026-07,6,india,F2B,FAD,2027-01-01,15666,15447,15885,14992,16340,True,naive1,0.0587,q_h,e5953328fb29,598188c694a3,2026-07-05T00:16:57+00:00,2026-07,00115d2dd0b6,deb0f3fb0961,naive1,live,,
2026-07,7,india,F2B,FAD,2027-02-01,15666,15447,15885,14817,16515,True,naive1,0.0587,q_h,db64df60b69f,8930b5a73bb2,2026-07-05T00:16:57+00:00,2026-07,00115d2dd0b6,deb0f3fb0961,naive1,live,,
2026-07,8,india,F2B,FAD,2027-03-01,15666,15447,15885,14817,16515,True,naive1,0.0587,q_h,f6c35a6dc6da,7c8873ed0c9c,2026-07-05T00:16:57+00:00,2026-07,00115d2dd0b6,deb0f3fb0961,naive1,live,,
2026-07,9,india,F2B,FAD,2027-04-01,15666,15371,15961,14817,16515,True,naive1,0.0587,q_h,19f930568eff,c21b13c8c484,2026-07-05T00:16:57+00:00,2026-07,00115d2dd0b6,deb0f3fb0961,naive1,live,,
2026-07,10,india,F2B,FAD,2027-05-01,15666,15371,15961,14817,16515,True,naive1,0.0587,q_h,67c3e16b3833,2ed768fa643a,2026-07-05T00:16:57+00:00,2026-07,00115d2dd0b6,deb0f3fb0961,naive1,live,,
2026-07,11,india,F2B,FAD,2027-06-01,15666,15371,15961,14817,16515,True,naive1,0.0587,q_h,f2aa2c9add28,424941881f34,2026-07-05T00:16:57+00:00,2026-07,00115d2dd0b6,deb0f3fb0961,naive1,live,,
2026-07,12,india,F2B,FAD,2027-07-01,15666,15350,15982,14771,16561,True,naive1,0.0587,q_h,659c927e95e8,8a86540de941,2026-07-05T00:16:57+00:00,2026-07,00115d2dd0b6,deb0f3fb0961,naive1,live,,
2026-07,1,india,F3,DFF,2026-08-01,13856,13560,14152,12115,15597,True,naive1,0.1498,q_h,b75629ef2758,00536906ded1,2026-07-05T00:16:57+00:00,2026-07,00115d2dd0b6,deb0f3fb0961,naive1,live,,
2026-07,2,india,F3,DFF,2026-09-01,13856,13560,14152,12115,15597,True,naive1,0.1498,q_h,6e1ff8af5e04,04083d145f34,2026-07-05T00:16:57+00:00,2026-07,00115d2dd0b6,deb0f3fb0961,naive1,live,,
2026-07,3,india,F3,DFF,2026-10-01,13856,13560,14152,12115,15597,True,naive1,0.1498,q_h,8d8f70810eca,a9635615bb77,2026-07-05T00:16:57+00:00,2026-07,00115d2dd0b6,deb0f3fb0961,naive1,live,,
2026-07,4,india,F3,DFF,2026-11-01,13856,13523,14189,12115,15597,True,naive1,0.1498,q_h,05e1a53bdd11,adf1a802dad1,2026-07-05T00:16:57+00:00,2026-07,00115d2dd0b6,deb0f3fb0961,naive1,live,,
2026-07,5,india,F3,DFF,2026-12-01,13856,13445,14267,12115,15597,True,naive1,0.1498,q_h,10bdaed0109c,6786f5288aec,2026-07-05T00:16:57+00:00,2026-07,00115d2dd0b6,deb0f3fb0961,naive1,live,,
2026-07,6,india,F3,DFF,2027-01-01,13856,13371,14341,12029,15683,True,naive1,0.1498,q_h,df813cfd6120,4d01b86b9cca,2026-07-05T00:16:57+00:00,2026-07,00115d2dd0b6,deb0f3fb0961,naive1,live,,
2026-07,7,india,F3,DFF,2027-02-01,13856,13371,14341,11985,15727,True,naive1,0.1498,q_h,e48857630738,18143b7d353e,2026-07-05T00:16:57+00:00,2026-07,00115d2dd0b6,deb0f3fb0961,naive1,live,,
2026-07,8,india,F3,DFF,2027-03-01,13856,13371,14341,11985,15727,True,naive1,0.1498,q_h,b0a174d5fe3d,b91cd9a46ef6,2026-07-05T00:16:57+00:00,2026-07,00115d2dd0b6,deb0f3fb0961,naive1,live,,
2026-07,9,india,F3,DFF,2027-04-01,13856,13165,14547,11985,15727,True,naive1,0.1498,q_h,3c5ab8db9454,2dbf40797777,2026-07-05T00:16:57+00:00,2026-07,00115d2dd0b6,deb0f3fb0961,naive1,live,,
2026-07,10,india,F3,DFF,2027-05-01,13856,13089,14623,11985,15727,True,naive1,0.1498,q_h,57d16416863e,fa559697753a,2026-07-05T00:16:57+00:00,2026-07,00115d2dd0b6,deb0f3fb0961,naive1,live,,
2026-07,11,india,F3,DFF,2027-06-01,13856,13030,14682,11985,15727,True,naive1,0.1498,q_h,96c297d686e4,64e2ee433ef8,2026-07-05T00:16:57+00:00,2026-07,00115d2dd0b6,deb0f3fb0961,naive1,live,,
2026-07,12,india,F3,DFF,2027-07-01,13856,12912,14800,11985,15727,True,naive1,0.1498,q_h,315e72bae5ea,d637951461af,2026-07-05T00:16:57+00:00,2026-07,00115d2dd0b6,deb0f3fb0961,naive1,live,,
2026-07,1,india,F3,FAD,2026-08-01,13619,13345,13893,13345,13893,True,naive1,0.1309,q_h,d358bf31097f,899d15ed8067,2026-07-05T00:16:57+00:00,2026-07,00115d2dd0b6,deb0f3fb0961,naive1,live,,
2026-07,2,india,F3,FAD,2026-09-01,13619,13345,13893,13345,13893,True,naive1,0.1309,q_h,3a2099282c2a,0d6d33106c5f,2026-07-05T00:16:57+00:00,2026-07,00115d2dd0b6,deb0f3fb0961,naive1,live,,
2026-07,3,india,F3,FAD,2026-10-01,13619,13345,13893,13045,14193,True,naive1,0.1309,q_h,e8f301af38dc,439136d54cd0,2026-07-05T00:16:57+00:00,2026-07,00115d2dd0b6,deb0f3fb0961,naive1,live,,
2026-07,4,india,F3,FAD,2026-11-01,13619,13345,13893,12594,14644,True,naive1,0.1309,q_h,dc6410ecbf58,93b18de2d76b,2026-07-05T00:16:57+00:00,2026-07,00115d2dd0b6,deb0f3fb0961,naive1,live,,
2026-07,5,india,F3,FAD,2026-12-01,13619,13316,13922,12594,14644,True,naive1,0.1309,q_h,89267d264960,07b68a24bdde,2026-07-05T00:16:57+00:00,2026-07,00115d2dd0b6,deb0f3fb0961,naive1,live,,
2026-07,6,india,F3,FAD,2027-01-01,13619,13270,13968,12545,14693,True,naive1,0.1309,q_h,1cac7d7f347f,7d23726e6183,2026-07-05T00:16:57+00:00,2026-07,00115d2dd0b6,deb0f3fb0961,naive1,live,,
2026-07,7,india,F3,FAD,2027-02-01,13619,13270,13968,12267,14971,True,naive1,0.1309,q_h,52519cf77835,91978ba74d97,2026-07-05T00:16:57+00:00,2026-07,00115d2dd0b6,deb0f3fb0961,naive1,live,,
2026-07,8,india,F3,FAD,2027-03-01,13619,13270,13968,12266,14972,True,naive1,0.1309,q_h,e30094592831,7017c190a085,2026-07-05T00:16:57+00:00,2026-07,00115d2dd0b6,deb0f3fb0961,naive1,live,,
2026-07,9,india,F3,FAD,2027-04-01,13619,13148,14090,12266,14972,True,naive1,0.1309,q_h,85456f2ad4f9,cc5c0d64365d,2026-07-05T00:16:57+00:00,2026-07,00115d2dd0b6,deb0f3fb0961,naive1,live,,
2026-07,10,india,F3,FAD,2027-05-01,13619,13148,14090,12266,14972,True,naive1,0.1309,q_h,00e5cdb40cea,7a3e0282a266,2026-07-05T00:16:57+00:00,2026-07,00115d2dd0b6,deb0f3fb0961,naive1,live,,
2026-07,11,india,F3,FAD,2027-06-01,13619,13148,14090,12266,14972,True,naive1,0.1309,q_h,6b50879a992e,76c433ae02da,2026-07-05T00:16:57+00:00,2026-07,00115d2dd0b6,deb0f3fb0961,naive1,live,,
2026-07,12,india,F3,FAD,2027-07-01,13619,13115,14123,12193,15045,True,naive1,0.1309,q_h,671221724318,15dc66969d51,2026-07-05T00:16:57+00:00,2026-07,00115d2dd0b6,deb0f3fb0961,naive1,live,,
2026-07,1,india,F4,DFF,2026-08-01,11671,11610,11732,11312,12030,True,naive1,0.0834,q_h,b46a9b13d3f8,d4454d47b75e,2026-07-05T00:16:57+00:00,2026-07,00115d2dd0b6,deb0f3fb0961,naive1,live,,
2026-07,2,india,F4,DFF,2026-09-01,11671,11610,11732,11312,12030,True,naive1,0.0834,q_h,a778a2dffadc,fee00cf8e10d,2026-07-05T00:16:57+00:00,2026-07,00115d2dd0b6,deb0f3fb0961,naive1,live,,
2026-07,3,india,F4,DFF,2026-10-01,11671,11610,11732,11312,12030,True,naive1,0.0834,q_h,e404cedc69e7,593632d260e4,2026-07-05T00:16:57+00:00,2026-07,00115d2dd0b6,deb0f3fb0961,naive1,live,,
2026-07,4,india,F4,DFF,2026-11-01,11671,11602,11740,11312,12030,True,naive1,0.0834,q_h,923db7182512,d997537f80a2,2026-07-05T00:16:57+00:00,2026-07,00115d2dd0b6,deb0f3fb0961,naive1,live,,
2026-07,5,india,F4,DFF,2026-12-01,11671,11586,11756,11312,12030,True,naive1,0.0834,q_h,c6d58cf5ab06,ea5a7a75e4e4,2026-07-05T00:16:57+00:00,2026-07,00115d2dd0b6,deb0f3fb0961,naive1,live,,
2026-07,6,india,F4,DFF,2027-01-01,11671,11571,11771,11295,12047,True,naive1,0.0834,q_h,cbccebb06b53,891d2653316f,2026-07-05T00:16:57+00:00,2026-07,00115d2dd0b6,deb0f3fb0961,naive1,live,,
2026-07,7,india,F4,DFF,2027-02-01,11671,11571,11771,11285,12057,True,naive1,0.0834,q_h,53e087ba5af0,88469ccf0ec4,2026-07-05T00:16:57+00:00,2026-07,00115d2dd0b6,deb0f3fb0961,naive1,live,,
2026-07,8,india,F4,DFF,2027-03-01,11671,11571,11771,11285,12057,True,naive1,0.0834,q_h,1fb87ca3f36c,b58e50b66974,2026-07-05T00:16:57+00:00,2026-07,00115d2dd0b6,deb0f3fb0961,naive1,live,,
2026-07,9,india,F4,DFF,2027-04-01,11671,11529,11813,11285,12057,True,naive1,0.0834,q_h,2bd9a01e298c,51dbd22fcfb2,2026-07-05T00:16:57+00:00,2026-07,00115d2dd0b6,deb0f3fb0961,naive1,live,,
2026-07,10,india,F4,DFF,2027-05-01,11671,11513,11829,11285,12057,True,naive1,0.0834,q_h,24041f0abc2f,dca882c9f248,2026-07-05T00:16:57+00:00,2026-07,00115d2dd0b6,deb0f3fb0961,naive1,live,,
2026-07,11,india,F4,DFF,2027-06-01,11671,11501,11841,11285,12057,True,naive1,0.0834,q_h,22dc7c9e46bd,fe29dec02200,2026-07-05T00:16:57+00:00,2026-07,00115d2dd0b6,deb0f3fb0961,naive1,live,,
2026-07,12,india,F4,DFF,2027-07-01,11671,11476,11866,11285,12057,True,naive1,0.0834,q_h,1f374056abe3,eb3e9307b44b,2026-07-05T00:16:57+00:00,2026-07,00115d2dd0b6,deb0f3fb0961,naive1,live,,
2026-07,1,india,F4,FAD,2026-08-01,11627,11511,11743,11511,11743,True,naive1,0.0348,q_h,dcda9f2a4a0b,d011a9105859,2026-07-05T00:16:57+00:00,2026-07,00115d2dd0b6,deb0f3fb0961,naive1,live,,
2026-07,2,india,F4,FAD,2026-09-01,11627,11511,11743,11511,11743,True,naive1,0.0348,q_h,5753a686a77a,32fe6dfdd482,2026-07-05T00:16:57+00:00,2026-07,00115d2dd0b6,deb0f3fb0961,naive1,live,,
2026-07,3,india,F4,FAD,2026-10-01,11627,11511,11743,11384,11870,True,naive1,0.0348,q_h,90dd758bf111,58bd6b46c328,2026-07-05T00:16:57+00:00,2026-07,00115d2dd0b6,deb0f3fb0961,naive1,live,,
2026-07,4,india,F4,FAD,2026-11-01,11627,11511,11743,11193,12061,True,naive1,0.0348,q_h,7e89244d6232,5a576da7a106,2026-07-05T00:16:57+00:00,2026-07,00115d2dd0b6,deb0f3fb0961,naive1,live,,
2026-07,5,india,F4,FAD,2026-12-01,11627,11499,11755,11193,12061,True,naive1,0.0348,q_h,87b17e38a023,1ca6fafcd957,2026-07-05T00:16:57+00:00,2026-07,00115d2dd0b6,deb0f3fb0961,naive1,live,,
2026-07,6,india,F4,FAD,2027-01-01,11627,11479,11775,11172,12082,True,naive1,0.0348,q_h,77874b6ce589,444f45d307b5,2026-07-05T00:16:57+00:00,2026-07,00115d2dd0b6,deb0f3fb0961,naive1,live,,
2026-07,7,india,F4,FAD,2027-02-01,11627,11479,11775,11055,12199,True,naive1,0.0348,q_h,fb34639f17da,063093b036da,2026-07-05T00:16:57+00:00,2026-07,00115d2dd0b6,deb0f3fb0961,naive1,live,,
2026-07,8,india,F4,FAD,2027-03-01,11627,11479,11775,11054,12200,True,naive1,0.0348,q_h,5338fc301dcc,18de17350c1a,2026-07-05T00:16:57+00:00,2026-07,00115d2dd0b6,deb0f3fb0961,naive1,live,,
2026-07,9,india,F4,FAD,2027-04-01,11627,11428,11826,11054,12200,True,naive1,0.0348,q_h,d8d93ccf2238,5248dfe6b0ca,2026-07-05T00:16:57+00:00,2026-07,00115d2dd0b6,deb0f3fb0961,naive1,live,,
2026-07,10,india,F4,FAD,2027-05-01,11627,11428,11826,11054,12200,True,naive1,0.0348,q_h,7c46cd16ad42,9d8ee6931bd6,2026-07-05T00:16:57+00:00,2026-07,00115d2dd0b6,deb0f3fb0961,naive1,live,,
2026-07,11,india,F4,FAD,2027-06-01,11627,11428,11826,11054,12200,True,naive1,0.0348,q_h,75718e19534f,d9b5e485fa8b,2026-07-05T00:16:57+00:00,2026-07,00115d2dd0b6,deb0f3fb0961,naive1,live,,
2026-07,12,india,F4,FAD,2027-07-01,11627,11414,11840,11023,12231,True,naive1,0.0348,q_h,86b02ad93efe,e6cf0ddc0618,2026-07-05T00:16:57+00:00,2026-07,00115d2dd0b6,deb0f3fb0961,naive1,live,,
2026-07,1,mexico,EB3,FAD,2026-08-01,18110,17396,18824,17396,18824,True,naive1,0.1011,q_h,22e12246d018,e45b4831bb2d,2026-07-05T00:16:57+00:00,2026-07,00115d2dd0b6,deb0f3fb0961,naive1,live,,
2026-07,2,mexico,EB3,FAD,2026-09-01,18110,17396,18824,17396,18824,True,naive1,0.1011,q_h,37baa76ca44a,2c5862b699a4,2026-07-05T00:16:57+00:00,2026-07,00115d2dd0b6,deb0f3fb0961,naive1,live,,
2026-07,3,mexico,EB3,FAD,2026-10-01,18110,17396,18824,16615,19605,True,naive1,0.1011,q_h,7903f60a9057,47f652759b0c,2026-07-05T00:16:57+00:00,2026-07,00115d2dd0b6,deb0f3fb0961,naive1,live,,
2026-07,4,mexico,EB3,FAD,2026-11-01,18110,17396,18824,15440,20780,True,naive1,0.1011,q_h,4a97d1dfcdc8,4cd64f030b92,2026-07-05T00:16:57+00:00,2026-07,00115d2dd0b6,deb0f3fb0961,naive1,live,,
2026-07,5,mexico,EB3,FAD,2026-12-01,18110,17320,18900,15440,20780,True,naive1,0.1011,q_h,d56293817507,c854bd12592e,2026-07-05T00:16:57+00:00,2026-07,00115d2dd0b6,deb0f3fb0961,naive1,live,,
2026-07,6,mexico,EB3,FAD,2027-01-01,18110,17200,19020,15312,20908,True,naive1,0.1011,q_h,9f9fc58f8811,36ac03830624,2026-07-05T00:16:57+00:00,2026-07,00115d2dd0b6,deb0f3fb0961,naive1,live,,
2026-07,7,mexico,EB3,FAD,2027-02-01,18110,17200,19020,14587,21633,True,naive1,0.1011,q_h,72807a81eb72,984e066d7fdd,2026-07-05T00:16:57+00:00,2026-07,00115d2dd0b6,deb0f3fb0961,naive1,live,,
2026-07,8,mexico,EB3,FAD,2027-03-01,18110,17200,19020,14585,21635,True,naive1,0.1011,q_h,569d2ff09a22,e1b007434309,2026-07-05T00:16:57+00:00,2026-07,00115d2dd0b6,deb0f3fb0961,naive1,live,,
2026-07,9,mexico,EB3,FAD,2027-04-01,18110,16883,19337,14585,21635,True,naive1,0.1011,q_h,87356c87c758,3e6322703ae9,2026-07-05T00:16:57+00:00,2026-07,00115d2dd0b6,deb0f3fb0961,naive1,live,,
2026-07,10,mexico,EB3,FAD,2027-05-01,18110,16883,19337,14585,21635,True,naive1,0.1011,q_h,d2551d14d873,ad7661cdf06f,2026-07-05T00:16:57+00:00,2026-07,00115d2dd0b6,deb0f3fb0961,naive1,live,,
2026-07,11,mexico,EB3,FAD,2027-06-01,18110,16883,19337,14585,21635,True,naive1,0.1011,q_h,b18ed4e1c69e,0d28fbc026e0,2026-07-05T00:16:57+00:00,2026-07,00115d2dd0b6,deb0f3fb0961,naive1,live,,
2026-07,12,mexico,EB3,FAD,2027-07-01,18110,16798,19422,14394,21826,True,naive1,0.1011,q_h,392d01ba99b8,4cf3fb605f1b,2026-07-05T00:16:57+00:00,2026-07,00115d2dd0b6,deb0f3fb0961,naive1,live,,
2026-07,1,mexico,EB3_OW,DFF,2026-08-01,17379,17176,17582,16185,18573,True,naive1,0.0303,q_h,3529caf9833e,39897a348d97,2026-07-05T00:16:57+00:00,2026-07,00115d2dd0b6,deb0f3fb0961,naive1,live,,
2026-07,2,mexico,EB3_OW,DFF,2026-09-01,17379,17176,17582,16185,18573,True,naive1,0.0303,q_h,b48b73c2e0ca,ac334eb3e3ec,2026-07-05T00:16:57+00:00,2026-07,00115d2dd0b6,deb0f3fb0961,naive1,live,,
2026-07,3,mexico,EB3_OW,DFF,2026-10-01,17379,17176,17582,16185,18573,True,naive1,0.0303,q_h,bb2956e48831,0961b1b71960,2026-07-05T00:16:57+00:00,2026-07,00115d2dd0b6,deb0f3fb0961,naive1,live,,
2026-07,4,mexico,EB3_OW,DFF,2026-11-01,17379,17151,17607,16185,18573,True,naive1,0.0303,q_h,112206b6ca7c,5a358c5e96c3,2026-07-05T00:16:57+00:00,2026-07,00115d2dd0b6,deb0f3fb0961,naive1,live,,
2026-07,5,mexico,EB3_OW,DFF,2026-12-01,17379,17097,17661,16185,18573,True,naive1,0.0303,q_h,a34ac1cc4c06,9133e89d536f,2026-07-05T00:16:57+00:00,2026-07,00115d2dd0b6,deb0f3fb0961,naive1,live,,
2026-07,6,mexico,EB3_OW,DFF,2027-01-01,17379,17046,17712,16126,18632,True,naive1,0.0303,q_h,9e5a3a7518d1,e076d15da1b4,2026-07-05T00:16:57+00:00,2026-07,00115d2dd0b6,deb0f3fb0961,naive1,live,,
2026-07,7,mexico,EB3_OW,DFF,2027-02-01,17379,17046,17712,16096,18662,True,naive1,0.0303,q_h,cfb9e10ec5f5,6e71b5ca8690,2026-07-05T00:16:57+00:00,2026-07,00115d2dd0b6,deb0f3fb0961,naive1,live,,
2026-07,8,mexico,EB3_OW,DFF,2027-03-01,17379,17046,17712,16096,18662,True,naive1,0.0303,q_h,c17720318bf2,30b42cc19ace,2026-07-05T00:16:57+00:00,2026-07,00115d2dd0b6,deb0f3fb0961,naive1,live,,
2026-07,9,mexico,EB3_OW,DFF,2027-04-01,17379,16905,17853,16096,18662,True,naive1,0.0303,q_h,9457ac84f1f7,51c14f0db0e0,2026-07-05T00:16:57+00:00,2026-07,00115d2dd0b6,deb0f3fb0961,naive1,live,,
2026-07,10,mexico,EB3_OW,DFF,2027-05-01,17379,16853,17905,16096,18662,True,naive1,0.0303,q_h,8afb7421155d,afb39a912024,2026-07-05T00:16:57+00:00,2026-07,00115d2dd0b6,deb0f3fb0961,naive1,live,,
2026-07,11,mexico,EB3_OW,DFF,2027-06-01,17379,16812,17946,16096,18662,True,naive1,0.0303,q_h,56730fa76952,340ab723b61a,2026-07-05T00:16:57+00:00,2026-07,00115d2dd0b6,deb0f3fb0961,naive1,live,,
2026-07,12,mexico,EB3_OW,DFF,2027-07-01,17379,16731,18027,16096,18662,True,naive1,0.0303,q_h,69a1f5b01cdd,053a838613b9,2026-07-05T00:16:57+00:00,2026-07,00115d2dd0b6,deb0f3fb0961,naive1,live,,
2026-07,1,mexico,EB3_OW,FAD,2026-08-01,17226,17116,17336,17116,17336,True,naive1,0.031,q_h,204a01bf9aaf,68a65904e214,2026-07-05T00:16:57+00:00,2026-07,00115d2dd0b6,deb0f3fb0961,naive1,live,,
2026-07,2,mexico,EB3_OW,FAD,2026-09-01,17226,17116,17336,17116,17336,True,naive1,0.031,q_h,d6624cab1fd3,3edcc3ef66d0,2026-07-05T00:16:57+00:00,2026-07,00115d2dd0b6,deb0f3fb0961,naive1,live,,
2026-07,3,mexico,EB3_OW,FAD,2026-10-01,17226,17116,17336,16996,17456,True,naive1,0.031,q_h,0b5ba8ddbb66,bff4124a9fe4,2026-07-05T00:16:57+00:00,2026-07,00115d2dd0b6,deb0f3fb0961,naive1,live,,
2026-07,4,mexico,EB3_OW,FAD,2026-11-01,17226,17116,17336,16815,17637,True,naive1,0.031,q_h,b4d8ebb4d27d,63f7e6cbe8db,2026-07-05T00:16:57+00:00,2026-07,00115d2dd0b6,deb0f3fb0961,naive1,live,,
2026-07,5,mexico,EB3_OW,FAD,2026-12-01,17226,17104,17348,16815,17637,True,naive1,0.031,q_h,872efc01ad90,d6ce0884acd0,2026-07-05T00:16:57+00:00,2026-07,00115d2dd0b6,deb0f3fb0961,naive1,live,,
2026-07,6,mexico,EB3_OW,FAD,2027-01-01,17226,17086,17366,16795,17657,True,naive1,0.031,q_h,9ca175e1dbea,3b1faff6ee83,2026-07-05T00:16:57+00:00,2026-07,00115d2dd0b6,deb0f3fb0961,naive1,live,,
2026-07,7,mexico,EB3_OW,FAD,2027-02-01,17226,17086,17366,16683,17769,True,naive1,0.031,q_h,0834e4cb6afb,8f6b4340e3c7,2026-07-05T00:16:57+00:00,2026-07,00115d2dd0b6,deb0f3fb0961,naive1,live,,
2026-07,8,mexico,EB3_OW,FAD,2027-03-01,17226,17086,17366,16683,17769,True,naive1,0.031,q_h,756b3758a724,d27639b1cabb,2026-07-05T00:16:57+00:00,2026-07,00115d2dd0b6,deb0f3fb0961,naive1,live,,
2026-07,9,mexico,EB3_OW,FAD,2027-04-01,17226,17037,17415,16683,17769,True,naive1,0.031,q_h,7e91d359f5f8,d26e7a3de17e,2026-07-05T00:16:57+00:00,2026-07,00115d2dd0b6,deb0f3fb0961,naive1,live,,
2026-07,10,mexico,EB3_OW,FAD,2027-05-01,17226,17037,17415,16683,17769,True,naive1,0.031,q_h,02860aad7302,eb45bc35c7cc,2026-07-05T00:16:57+00:00,2026-07,00115d2dd0b6,deb0f3fb0961,naive1,live,,
2026-07,11,mexico,EB3_OW,FAD,2027-06-01,17226,17037,17415,16683,17769,True,naive1,0.031,q_h,67d92353d8fe,59fdaaeda126,2026-07-05T00:16:57+00:00,2026-07,00115d2dd0b6,deb0f3fb0961,naive1,live,,
2026-07,12,mexico,EB3_OW,FAD,2027-07-01,17226,17024,17428,16654,17798,True,naive1,0.031,q_h,82d34f58e989,41f3606bf3a7,2026-07-05T00:16:57+00:00,2026-07,00115d2dd0b6,deb0f3fb0961,naive1,live,,
2026-07,1,mexico,EB4,FAD,2026-08-01,17424,16905,17943,16905,17943,True,naive1,0.1548,q_h,775456b3e74f,cebef1123488,2026-07-05T00:16:57+00:00,2026-07,00115d2dd0b6,deb0f3fb0961,naive1,live,,
2026-07,2,mexico,EB4,FAD,2026-09-01,17424,16905,17943,16905,17943,True,naive1,0.1548,q_h,4c7bf9c46dc9,706a602460d8,2026-07-05T00:16:57+00:00,2026-07,00115d2dd0b6,deb0f3fb0961,naive1,live,,
2026-07,3,mexico,EB4,FAD,2026-10-01,17424,16905,17943,16338,18510,True,naive1,0.1548,q_h,c3e089a8e8be,a883bf2c7d19,2026-07-05T00:16:57+00:00,2026-07,00115d2dd0b6,deb0f3fb0961,naive1,live,,
2026-07,4,mexico,EB4,FAD,2026-11-01,17424,16905,17943,15483,19365,True,naive1,0.1548,q_h,5137f84cc3b4,c79eb8cd939a,2026-07-05T00:16:57+00:00,2026-07,00115d2dd0b6,deb0f3fb0961,naive1,live,,
2026-07,5,mexico,EB4,FAD,2026-12-01,17424,16850,17998,15483,19365,True,naive1,0.1548,q_h,d360fe089296,cd7403d5f6d1,2026-07-05T00:16:57+00:00,2026-07,00115d2dd0b6,deb0f3fb0961,naive1,live,,
2026-07,6,mexico,EB4,FAD,2027-01-01,17424,16762,18086,15390,19458,True,naive1,0.1548,q_h,bec3b073fe21,5b096b910562,2026-07-05T00:16:57+00:00,2026-07,00115d2dd0b6,deb0f3fb0961,naive1,live,,
2026-07,7,mexico,EB4,FAD,2027-02-01,17424,16762,18086,14863,19985,True,naive1,0.1548,q_h,7f3aede6d8b8,4745509dbec3,2026-07-05T00:16:57+00:00,2026-07,00115d2dd0b6,deb0f3fb0961,naive1,live,,
2026-07,8,mexico,EB4,FAD,2027-03-01,17424,16762,18086,14862,19986,True,naive1,0.1548,q_h,7241f466bf28,67fc54a88c27,2026-07-05T00:16:57+00:00,2026-07,00115d2dd0b6,deb0f3fb0961,naive1,live,,
2026-07,9,mexico,EB4,FAD,2027-04-01,17424,16532,18316,14862,19986,True,naive1,0.1548,q_h,8723a1d0dfef,d0e5d6540580,2026-07-05T00:16:57+00:00,2026-07,00115d2dd0b6,deb0f3fb0961,naive1,live,,
2026-07,10,mexico,EB4,FAD,2027-05-01,17424,16532,18316,14862,19986,True,naive1,0.1548,q_h,828c853bb15f,dbdb7475d4bb,2026-07-05T00:16:57+00:00,2026-07,00115d2dd0b6,deb0f3fb0961,naive1,live,,
2026-07,11,mexico,EB4,FAD,2027-06-01,17424,16532,18316,14862,19986,True,naive1,0.1548,q_h,fc49fa896b24,b8493ccf0e02,2026-07-05T00:16:57+00:00,2026-07,00115d2dd0b6,deb0f3fb0961,naive1,live,,
2026-07,12,mexico,EB4,FAD,2027-07-01,17424,16470,18378,14723,20125,True,naive1,0.1548,q_h,2259e1ef1ee5,c3c4faac0664,2026-07-05T00:16:57+00:00,2026-07,00115d2dd0b6,deb0f3fb0961,naive1,live,,
2026-07,1,mexico,EB4_RW,FAD,2026-08-01,17424,16905,17943,16905,17943,True,naive1,0.1581,q_h,59b216c8ea0f,cebef1123488,2026-07-05T00:16:57+00:00,2026-07,00115d2dd0b6,deb0f3fb0961,naive1,live,,
2026-07,2,mexico,EB4_RW,FAD,2026-09-01,17424,16905,17943,16905,17943,True,naive1,0.1581,q_h,c59182a21a7f,706a602460d8,2026-07-05T00:16:57+00:00,2026-07,00115d2dd0b6,deb0f3fb0961,naive1,live,,
2026-07,3,mexico,EB4_RW,FAD,2026-10-01,17424,16905,17943,16338,18510,True,naive1,0.1581,q_h,2cad0748bc20,a883bf2c7d19,2026-07-05T00:16:57+00:00,2026-07,00115d2dd0b6,deb0f3fb0961,naive1,live,,
2026-07,4,mexico,EB4_RW,FAD,2026-11-01,17424,16905,17943,15483,19365,True,naive1,0.1581,q_h,32ded668118d,c79eb8cd939a,2026-07-05T00:16:57+00:00,2026-07,00115d2dd0b6,deb0f3fb0961,naive1,live,,
2026-07,5,mexico,EB4_RW,FAD,2026-12-01,17424,16850,17998,15483,19365,True,naive1,0.1581,q_h,2804e55ed5b0,cd7403d5f6d1,2026-07-05T00:16:57+00:00,2026-07,00115d2dd0b6,deb0f3fb0961,naive1,live,,
2026-07,6,mexico,EB4_RW,FAD,2027-01-01,17424,16762,18086,15390,19458,True,naive1,0.1581,q_h,745aec91f8f3,5b096b910562,2026-07-05T00:16:57+00:00,2026-07,00115d2dd0b6,deb0f3fb0961,naive1,live,,
2026-07,7,mexico,EB4_RW,FAD,2027-02-01,17424,16762,18086,14863,19985,True,naive1,0.1581,q_h,6971128950a8,4745509dbec3,2026-07-05T00:16:57+00:00,2026-07,00115d2dd0b6,deb0f3fb0961,naive1,live,,
2026-07,8,mexico,EB4_RW,FAD,2027-03-01,17424,16762,18086,14862,19986,True,naive1,0.1581,q_h,75f1ff50fc9f,67fc54a88c27,2026-07-05T00:16:57+00:00,2026-07,00115d2dd0b6,deb0f3fb0961,naive1,live,,
2026-07,9,mexico,EB4_RW,FAD,2027-04-01,17424,16532,18316,14862,19986,True,naive1,0.1581,q_h,432fb54c19c2,d0e5d6540580,2026-07-05T00:16:57+00:00,2026-07,00115d2dd0b6,deb0f3fb0961,naive1,live,,
2026-07,10,mexico,EB4_RW,FAD,2027-05-01,17424,16532,18316,14862,19986,True,naive1,0.1581,q_h,955caca11083,dbdb7475d4bb,2026-07-05T00:16:57+00:00,2026-07,00115d2dd0b6,deb0f3fb0961,naive1,live,,
2026-07,11,mexico,EB4_RW,FAD,2027-06-01,17424,16532,18316,14862,19986,True,naive1,0.1581,q_h,ccd3c74b4b9f,b8493ccf0e02,2026-07-05T00:16:57+00:00,2026-07,00115d2dd0b6,deb0f3fb0961,naive1,live,,
2026-07,12,mexico,EB4_RW,FAD,2027-07-01,17424,16470,18378,14723,20125,True,naive1,0.1581,q_h,0fe31f65c598,c3c4faac0664,2026-07-05T00:16:57+00:00,2026-07,00115d2dd0b6,deb0f3fb0961,naive1,live,,
2026-07,1,mexico,F1,DFF,2026-08-01,12327,12143,12511,11245,13409,True,naive1,0.1143,q_h,0cb73336bee1,e853bd6d4d9e,2026-07-05T00:16:57+00:00,2026-07,00115d2dd0b6,deb0f3fb0961,naive1,live,,
2026-07,2,mexico,F1,DFF,2026-09-01,12327,12143,12511,11245,13409,True,naive1,0.1143,q_h,2bd5c3bbaf14,d44b36707e5d,2026-07-05T00:16:57+00:00,2026-07,00115d2dd0b6,deb0f3fb0961,naive1,live,,
2026-07,3,mexico,F1,DFF,2026-10-01,12327,12143,12511,11245,13409,True,naive1,0.1143,q_h,8a1372cda9e8,132cdf37a1cb,2026-07-05T00:16:57+00:00,2026-07,00115d2dd0b6,deb0f3fb0961,naive1,live,,
2026-07,4,mexico,F1,DFF,2026-11-01,12327,12120,12534,11245,13409,True,naive1,0.1143,q_h,34b6deea0caa,27f734349b78,2026-07-05T00:16:57+00:00,2026-07,00115d2dd0b6,deb0f3fb0961,naive1,live,,
2026-07,5,mexico,F1,DFF,2026-12-01,12327,12072,12582,11245,13409,True,naive1,0.1143,q_h,4480db059e8c,2c6e9b7128f9,2026-07-05T00:16:57+00:00,2026-07,00115d2dd0b6,deb0f3fb0961,naive1,live,,
2026-07,6,mexico,F1,DFF,2027-01-01,12327,12026,12628,11191,13463,True,naive1,0.1143,q_h,119331e3e9cc,e0c796a2d0ac,2026-07-05T00:16:57+00:00,2026-07,00115d2dd0b6,deb0f3fb0961,naive1,live,,
2026-07,7,mexico,F1,DFF,2027-02-01,12327,12026,12628,11164,13490,True,naive1,0.1143,q_h,e4c115b04998,dbcc80523068,2026-07-05T00:16:57+00:00,2026-07,00115d2dd0b6,deb0f3fb0961,naive1,live,,
2026-07,8,mexico,F1,DFF,2027-03-01,12327,12026,12628,11164,13490,True,naive1,0.1143,q_h,076a3e71cee2,e1027a5c0620,2026-07-05T00:16:57+00:00,2026-07,00115d2dd0b6,deb0f3fb0961,naive1,live,,
2026-07,9,mexico,F1,DFF,2027-04-01,12327,11897,12757,11164,13490,True,naive1,0.1143,q_h,d0244505dcf7,b53273b43916,2026-07-05T00:16:57+00:00,2026-07,00115d2dd0b6,deb0f3fb0961,naive1,live,,
2026-07,10,mexico,F1,DFF,2027-05-01,12327,11850,12804,11164,13490,True,naive1,0.1143,q_h,1bda793ca5ec,2ba99112d202,2026-07-05T00:16:57+00:00,2026-07,00115d2dd0b6,deb0f3fb0961,naive1,live,,
2026-07,11,mexico,F1,DFF,2027-06-01,12327,11813,12841,11164,13490,True,naive1,0.1143,q_h,dfef4d5578e1,9aecd680e6b8,2026-07-05T00:16:57+00:00,2026-07,00115d2dd0b6,deb0f3fb0961,naive1,live,,
2026-07,12,mexico,F1,DFF,2027-07-01,12327,11740,12914,11164,13490,True,naive1,0.1143,q_h,60c3ea685c61,b3c455a485b1,2026-07-05T00:16:57+00:00,2026-07,00115d2dd0b6,deb0f3fb0961,naive1,live,,
2026-07,1,mexico,F1,FAD,2026-08-01,11999,11308,12690,11308,12690,True,naive1,0.2395,q_h,d0104688bd14,27e9432f5e62,2026-07-05T00:16:57+00:00,2026-07,00115d2dd0b6,deb0f3fb0961,naive1,live,,
2026-07,2,mexico,F1,FAD,2026-09-01,11999,11308,12690,11308,12690,True,naive1,0.2395,q_h,4daba5961108,669598f4057f,2026-07-05T00:16:57+00:00,2026-07,00115d2dd0b6,deb0f3fb0961,naive1,live,,
2026-07,3,mexico,F1,FAD,2026-10-01,11999,11308,12690,10553,13445,True,naive1,0.2395,q_h,d173a6a1128d,0885c151fd3b,2026-07-05T00:16:57+00:00,2026-07,00115d2dd0b6,deb0f3fb0961,naive1,live,,
2026-07,4,mexico,F1,FAD,2026-11-01,11999,11308,12690,9415,14583,True,naive1,0.2395,q_h,1400849b92a2,9bf198a45943,2026-07-05T00:16:57+00:00,2026-07,00115d2dd0b6,deb0f3fb0961,naive1,live,,
2026-07,5,mexico,F1,FAD,2026-12-01,11999,11235,12763,9415,14583,True,naive1,0.2395,q_h,9caeb2cdfdfe,889a11d0baef,2026-07-05T00:16:57+00:00,2026-07,00115d2dd0b6,deb0f3fb0961,naive1,live,,
2026-07,6,mexico,F1,FAD,2027-01-01,11999,11118,12880,9291,14707,True,naive1,0.2395,q_h,168e3a4b472c,2417791e48ea,2026-07-05T00:16:57+00:00,2026-07,00115d2dd0b6,deb0f3fb0961,naive1,live,,
2026-07,7,mexico,F1,FAD,2027-02-01,11999,11118,12880,8590,15408,True,naive1,0.2395,q_h,e1f2e81981ef,d9bc72c873a3,2026-07-05T00:16:57+00:00,2026-07,00115d2dd0b6,deb0f3fb0961,naive1,live,,
2026-07,8,mexico,F1,FAD,2027-03-01,11999,11118,12880,8588,15410,True,naive1,0.2395,q_h,0476389ea45e,c095b1449e19,2026-07-05T00:16:57+00:00,2026-07,00115d2dd0b6,deb0f3fb0961,naive1,live,,
2026-07,9,mexico,F1,FAD,2027-04-01,11999,10812,13186,8588,15410,True,naive1,0.2395,q_h,ecba4dd60418,c345c376da76,2026-07-05T00:16:57+00:00,2026-07,00115d2dd0b6,deb0f3fb0961,naive1,live,,
2026-07,10,mexico,F1,FAD,2027-05-01,11999,10812,13186,8588,15410,True,naive1,0.2395,q_h,363686034f75,b2bcfa6e0cfd,2026-07-05T00:16:57+00:00,2026-07,00115d2dd0b6,deb0f3fb0961,naive1,live,,
2026-07,11,mexico,F1,FAD,2027-06-01,11999,10812,13186,8588,15410,True,naive1,0.2395,q_h,391c24718198,9fca60d23c8d,2026-07-05T00:16:57+00:00,2026-07,00115d2dd0b6,deb0f3fb0961,naive1,live,,
2026-07,12,mexico,F1,FAD,2027-07-01,11999,10729,13269,8403,15595,True,naive1,0.2395,q_h,5aab57e4bbb0,043d89778cda,2026-07-05T00:16:57+00:00,2026-07,00115d2dd0b6,deb0f3fb0961,naive1,live,,
2026-07,1,mexico,F2A,FAD,2026-08-01,17897,17532,18262,17532,18262,True,naive1,0.0808,q_h,a01547b68a13,cf20f85b3eb9,2026-07-05T00:16:57+00:00,2026-07,00115d2dd0b6,deb0f3fb0961,naive1,live,,
2026-07,2,mexico,F2A,FAD,2026-09-01,17897,17532,18262,17532,18262,True,naive1,0.0808,q_h,d2ac6ac8b08f,5a5610c79b9e,2026-07-05T00:16:57+00:00,2026-07,00115d2dd0b6,deb0f3fb0961,naive1,live,,
2026-07,3,mexico,F2A,FAD,2026-10-01,17897,17532,18262,17133,18661,True,naive1,0.0808,q_h,2ddd684377c6,a5daf9028372,2026-07-05T00:16:57+00:00,2026-07,00115d2dd0b6,deb0f3fb0961,naive1,live,,
2026-07,4,mexico,F2A,FAD,2026-11-01,17897,17532,18262,16532,19262,True,naive1,0.0808,q_h,7692e6eee1f4,3647415f8fe5,2026-07-05T00:16:57+00:00,2026-07,00115d2dd0b6,deb0f3fb0961,naive1,live,,
2026-07,5,mexico,F2A,FAD,2026-12-01,17897,17493,18301,16532,19262,True,naive1,0.0808,q_h,c974d5e010ae,b5d9aae435d4,2026-07-05T00:16:57+00:00,2026-07,00115d2dd0b6,deb0f3fb0961,naive1,live,,
2026-07,6,mexico,F2A,FAD,2027-01-01,17897,17432,18362,16466,19328,True,naive1,0.0808,q_h,be62621ffd07,f1ecefb973d4,2026-07-05T00:16:57+00:00,2026-07,00115d2dd0b6,deb0f3fb0961,naive1,live,,
2026-07,7,mexico,F2A,FAD,2027-02-01,17897,17432,18362,16096,19698,True,naive1,0.0808,q_h,50db5332b007,dd252fff3bff,2026-07-05T00:16:57+00:00,2026-07,00115d2dd0b6,deb0f3fb0961,naive1,live,,
2026-07,8,mexico,F2A,FAD,2027-03-01,17897,17432,18362,16095,19699,True,naive1,0.0808,q_h,2edb33cbbad8,c4db17b65464,2026-07-05T00:16:57+00:00,2026-07,00115d2dd0b6,deb0f3fb0961,naive1,live,,
2026-07,9,mexico,F2A,FAD,2027-04-01,17897,17270,18524,16095,19699,True,naive1,0.0808,q_h,82b4b98993e7,d31ac32ab037,2026-07-05T00:16:57+00:00,2026-07,00115d2dd0b6,deb0f3fb0961,naive1,live,,
2026-07,10,mexico,F2A,FAD,2027-05-01,17897,17270,18524,16095,19699,True,naive1,0.0808,q_h,401fbfa4a40f,af8aae02119a,2026-07-05T00:16:57+00:00,2026-07,00115d2dd0b6,deb0f3fb0961,naive1,live,,
2026-07,11,mexico,F2A,FAD,2027-06-01,17897,17270,18524,16095,19699,True,naive1,0.0808,q_h,91f8202afcba,54211e88a312,2026-07-05T00:16:57+00:00,2026-07,00115d2dd0b6,deb0f3fb0961,naive1,live,,
2026-07,12,mexico,F2A,FAD,2027-07-01,17897,17226,18568,15998,19796,True,naive1,0.0808,q_h,a0639b17a30d,f27f40363d53,2026-07-05T00:16:57+00:00,2026-07,00115d2dd0b6,deb0f3fb0961,naive1,live,,
2026-07,1,mexico,F2B,DFF,2026-08-01,12918,12552,13284,10766,15070,True,naive1,0.1957,q_h,4e3b70df6503,912eeb7f71a8,2026-07-05T00:16:57+00:00,2026-07,00115d2dd0b6,deb0f3fb0961,naive1,live,,
2026-07,2,mexico,F2B,DFF,2026-09-01,12918,12552,13284,10766,15070,True,naive1,0.1957,q_h,588af198f790,0b33584ca40f,2026-07-05T00:16:57+00:00,2026-07,00115d2dd0b6,deb0f3fb0961,naive1,live,,
2026-07,3,mexico,F2B,DFF,2026-10-01,12918,12552,13284,10766,15070,True,naive1,0.1957,q_h,fac163473ae0,ca184ad806a8,2026-07-05T00:16:57+00:00,2026-07,00115d2dd0b6,deb0f3fb0961,naive1,live,,
2026-07,4,mexico,F2B,DFF,2026-11-01,12918,12506,13330,10766,15070,True,naive1,0.1957,q_h,0e554044c38a,29aa4050108b,2026-07-05T00:16:57+00:00,2026-07,00115d2dd0b6,deb0f3fb0961,naive1,live,,
2026-07,5,mexico,F2B,DFF,2026-12-01,12918,12410,13426,10766,15070,True,naive1,0.1957,q_h,ae07fae22566,2f5ed95fd693,2026-07-05T00:16:57+00:00,2026-07,00115d2dd0b6,deb0f3fb0961,naive1,live,,
2026-07,6,mexico,F2B,DFF,2027-01-01,12918,12318,13518,10659,15177,True,naive1,0.1957,q_h,68db9028e56f,b362aa2d3c4e,2026-07-05T00:16:57+00:00,2026-07,00115d2dd0b6,deb0f3fb0961,naive1,live,,
2026-07,7,mexico,F2B,DFF,2027-02-01,12918,12318,13518,10605,15231,True,naive1,0.1957,q_h,1f06659544fa,0e723719e5dd,2026-07-05T00:16:57+00:00,2026-07,00115d2dd0b6,deb0f3fb0961,naive1,live,,
2026-07,8,mexico,F2B,DFF,2027-03-01,12918,12318,13518,10605,15231,True,naive1,0.1957,q_h,b90981ed5dca,e46c3e8231f7,2026-07-05T00:16:57+00:00,2026-07,00115d2dd0b6,deb0f3fb0961,naive1,live,,
2026-07,9,mexico,F2B,DFF,2027-04-01,12918,12063,13773,10605,15231,True,naive1,0.1957,q_h,ef02369effab,da51d98978cb,2026-07-05T00:16:57+00:00,2026-07,00115d2dd0b6,deb0f3fb0961,naive1,live,,
2026-07,10,mexico,F2B,DFF,2027-05-01,12918,11970,13866,10605,15231,True,naive1,0.1957,q_h,343df99bd776,f8f8e24f78a1,2026-07-05T00:16:57+00:00,2026-07,00115d2dd0b6,deb0f3fb0961,naive1,live,,
2026-07,11,mexico,F2B,DFF,2027-06-01,12918,11897,13939,10605,15231,True,naive1,0.1957,q_h,6992242cc1fa,cc88df304391,2026-07-05T00:16:57+00:00,2026-07,00115d2dd0b6,deb0f3fb0961,naive1,live,,
2026-07,12,mexico,F2B,DFF,2027-07-01,12918,11750,14086,10605,15231,True,naive1,0.1957,q_h,93c54625e722,fc2ba639c239,2026-07-05T00:16:57+00:00,2026-07,00115d2dd0b6,deb0f3fb0961,naive1,live,,
2026-07,1,mexico,F2B,FAD,2026-08-01,12464,12099,12829,12099,12829,True,naive1,0.3283,q_h,84358d8ea6e9,77c2a8e7fad3,2026-07-05T00:16:57+00:00,2026-07,00115d2dd0b6,deb0f3fb0961,naive1,live,,
2026-07,2,mexico,F2B,FAD,2026-09-01,12464,12099,12829,12099,12829,True,naive1,0.3283,q_h,f1cda7eaf9ef,142dadd9cc87,2026-07-05T00:16:57+00:00,2026-07,00115d2dd0b6,deb0f3fb0961,naive1,live,,
2026-07,3,mexico,F2B,FAD,2026-10-01,12464,12099,12829,11700,13228,True,naive1,0.3283,q_h,a6d3d329b7b9,7d379aa9821f,2026-07-05T00:16:57+00:00,2026-07,00115d2dd0b6,deb0f3fb0961,naive1,live,,
2026-07,4,mexico,F2B,FAD,2026-11-01,12464,12099,12829,11099,13829,True,naive1,0.3283,q_h,3568d7241ab9,91b678dcfac8,2026-07-05T00:16:57+00:00,2026-07,00115d2dd0b6,deb0f3fb0961,naive1,live,,
2026-07,5,mexico,F2B,FAD,2026-12-01,12464,12060,12868,11099,13829,True,naive1,0.3283,q_h,3aaf12d9d0e9,5ef81812cd50,2026-07-05T00:16:57+00:00,2026-07,00115d2dd0b6,deb0f3fb0961,naive1,live,,
2026-07,6,mexico,F2B,FAD,2027-01-01,12464,11999,12929,11033,13895,True,naive1,0.3283,q_h,e4b02ca79e97,b3b1e98982c3,2026-07-05T00:16:57+00:00,2026-07,00115d2dd0b6,deb0f3fb0961,naive1,live,,
2026-07,7,mexico,F2B,FAD,2027-02-01,12464,11999,12929,10663,14265,True,naive1,0.3283,q_h,cd2a1c6c6b9f,130477463b33,2026-07-05T00:16:57+00:00,2026-07,00115d2dd0b6,deb0f3fb0961,naive1,live,,
2026-07,8,mexico,F2B,FAD,2027-03-01,12464,11999,12929,10662,14266,True,naive1,0.3283,q_h,1642c621e20c,25c3721f6dde,2026-07-05T00:16:57+00:00,2026-07,00115d2dd0b6,deb0f3fb0961,naive1,live,,
2026-07,9,mexico,F2B,FAD,2027-04-01,12464,11837,13091,10662,14266,True,naive1,0.3283,q_h,2eee6279079a,57a974388ab7,2026-07-05T00:16:57+00:00,2026-07,00115d2dd0b6,deb0f3fb0961,naive1,live,,
2026-07,10,mexico,F2B,FAD,2027-05-01,12464,11837,13091,10662,14266,True,naive1,0.3283,q_h,9e2462402d3b,1a73ce363d4d,2026-07-05T00:16:57+00:00,2026-07,00115d2dd0b6,deb0f3fb0961,naive1,live,,
2026-07,11,mexico,F2B,FAD,2027-06-01,12464,11837,13091,10662,14266,True,naive1,0.3283,q_h,371c4a081cab,56fb7738542d,2026-07-05T00:16:57+00:00,2026-07,00115d2dd0b6,deb0f3fb0961,naive1,live,,
2026-07,12,mexico,F2B,FAD,2027-07-01,12464,11793,13135,10565,14363,True,naive1,0.3283,q_h,3e3229112462,4efdc9fa17de,2026-07-05T00:16:57+00:00,2026-07,00115d2dd0b6,deb0f3fb0961,naive1,live,,
2026-07,1,mexico,F3,DFF,2026-08-01,9692,9676,9708,9598,9786,True,naive1,0.0044,q_h,8e2e8ca8c741,20d8ac335e0e,2026-07-05T00:16:57+00:00,2026-07,00115d2dd0b6,deb0f3fb0961,naive1,live,,
2026-07,2,mexico,F3,DFF,2026-09-01,9692,9676,9708,9598,9786,True,naive1,0.0044,q_h,347ad46fb3d9,2e947cf8828e,2026-07-05T00:16:57+00:00,2026-07,00115d2dd0b6,deb0f3fb0961,naive1,live,,
2026-07,3,mexico,F3,DFF,2026-10-01,9692,9676,9708,9598,9786,True,naive1,0.0044,q_h,0e980fa4018b,115279421f0a,2026-07-05T00:16:57+00:00,2026-07,00115d2dd0b6,deb0f3fb0961,naive1,live,,
2026-07,4,mexico,F3,DFF,2026-11-01,9692,9674,9710,9598,9786,True,naive1,0.0044,q_h,bbb0073e3f50,62d651e26340,2026-07-05T00:16:57+00:00,2026-07,00115d2dd0b6,deb0f3fb0961,naive1,live,,
2026-07,5,mexico,F3,DFF,2026-12-01,9692,9670,9714,9598,9786,True,naive1,0.0044,q_h,4e8b42ccec9d,33f36a8d0349,2026-07-05T00:16:57+00:00,2026-07,00115d2dd0b6,deb0f3fb0961,naive1,live,,
2026-07,6,mexico,F3,DFF,2027-01-01,9692,9666,9718,9593,9791,True,naive1,0.0044,q_h,4ff2b3075abc,e2d49f2446aa,2026-07-05T00:16:57+00:00,2026-07,00115d2dd0b6,deb0f3fb0961,naive1,live,,
2026-07,7,mexico,F3,DFF,2027-02-01,9692,9666,9718,9591,9793,True,naive1,0.0044,q_h,33a37d3f8877,9d8299c4c716,2026-07-05T00:16:57+00:00,2026-07,00115d2dd0b6,deb0f3fb0961,naive1,live,,
2026-07,8,mexico,F3,DFF,2027-03-01,9692,9666,9718,9591,9793,True,naive1,0.0044,q_h,83e99498fe88,2fdb7ca2deee,2026-07-05T00:16:57+00:00,2026-07,00115d2dd0b6,deb0f3fb0961,naive1,live,,
2026-07,9,mexico,F3,DFF,2027-04-01,9692,9655,9729,9591,9793,True,naive1,0.0044,q_h,540fea6ba6b0,d7050143f616,2026-07-05T00:16:57+00:00,2026-07,00115d2dd0b6,deb0f3fb0961,naive1,live,,
2026-07,10,mexico,F3,DFF,2027-05-01,9692,9651,9733,9591,9793,True,naive1,0.0044,q_h,5c9c7f95570c,487e34abf6c7,2026-07-05T00:16:57+00:00,2026-07,00115d2dd0b6,deb0f3fb0961,naive1,live,,
2026-07,11,mexico,F3,DFF,2027-06-01,9692,9647,9737,9591,9793,True,naive1,0.0044,q_h,e209c9c28a7b,1eeda28e6930,2026-07-05T00:16:57+00:00,2026-07,00115d2dd0b6,deb0f3fb0961,naive1,live,,
2026-07,12,mexico,F3,DFF,2027-07-01,9692,9641,9743,9591,9793,True,naive1,0.0044,q_h,a8fcbe2367d5,466b07f55159,2026-07-05T00:16:57+00:00,2026-07,00115d2dd0b6,deb0f3fb0961,naive1,live,,
2026-07,1,mexico,F3,FAD,2026-08-01,9648,9474,9822,9474,9822,True,naive1,0.0602,q_h,571de2e9539c,a8f784d892b6,2026-07-05T00:16:57+00:00,2026-07,00115d2dd0b6,deb0f3fb0961,naive1,live,,
2026-07,2,mexico,F3,FAD,2026-09-01,9648,9474,9822,9474,9822,True,naive1,0.0602,q_h,dba3bb71c336,0d3f2bb7936a,2026-07-05T00:16:57+00:00,2026-07,00115d2dd0b6,deb0f3fb0961,naive1,live,,
2026-07,3,mexico,F3,FAD,2026-10-01,9648,9474,9822,9284,10012,True,naive1,0.0602,q_h,1f1f5848cb58,9fd4991a4e7e,2026-07-05T00:16:57+00:00,2026-07,00115d2dd0b6,deb0f3fb0961,naive1,live,,
2026-07,4,mexico,F3,FAD,2026-11-01,9648,9474,9822,8997,10299,True,naive1,0.0602,q_h,fdc4d54edbcd,9912ab69b4f4,2026-07-05T00:16:57+00:00,2026-07,00115d2dd0b6,deb0f3fb0961,naive1,live,,
2026-07,5,mexico,F3,FAD,2026-12-01,9648,9456,9840,8997,10299,True,naive1,0.0602,q_h,89b8e6e642f9,b374c31411f6,2026-07-05T00:16:57+00:00,2026-07,00115d2dd0b6,deb0f3fb0961,naive1,live,,
2026-07,6,mexico,F3,FAD,2027-01-01,9648,9426,9870,8966,10330,True,naive1,0.0602,q_h,d05074d238f8,7ea80e0075cb,2026-07-05T00:16:57+00:00,2026-07,00115d2dd0b6,deb0f3fb0961,naive1,live,,
2026-07,7,mexico,F3,FAD,2027-02-01,9648,9426,9870,8789,10507,True,naive1,0.0602,q_h,45174956b338,3669a0ebf849,2026-07-05T00:16:57+00:00,2026-07,00115d2dd0b6,deb0f3fb0961,naive1,live,,
2026-07,8,mexico,F3,FAD,2027-03-01,9648,9426,9870,8789,10507,True,naive1,0.0602,q_h,de517dccc78f,4dca431b073a,2026-07-05T00:16:57+00:00,2026-07,00115d2dd0b6,deb0f3fb0961,naive1,live,,
2026-07,9,mexico,F3,FAD,2027-04-01,9648,9349,9947,8789,10507,True,naive1,0.0602,q_h,4e22f8e73c72,00df18b3c0e9,2026-07-05T00:16:57+00:00,2026-07,00115d2dd0b6,deb0f3fb0961,naive1,live,,
2026-07,10,mexico,F3,FAD,2027-05-01,9648,9349,9947,8789,10507,True,naive1,0.0602,q_h,cc5a10ca3e25,02a10203947f,2026-07-05T00:16:57+00:00,2026-07,00115d2dd0b6,deb0f3fb0961,naive1,live,,
2026-07,11,mexico,F3,FAD,2027-06-01,9648,9349,9947,8789,10507,True,naive1,0.0602,q_h,8d5b76f899b5,1901210fdc32,2026-07-05T00:16:57+00:00,2026-07,00115d2dd0b6,deb0f3fb0961,naive1,live,,
2026-07,12,mexico,F3,FAD,2027-07-01,9648,9328,9968,8743,10553,True,naive1,0.0602,q_h,20d2a5067ac8,d7406318a19d,2026-07-05T00:16:57+00:00,2026-07,00115d2dd0b6,deb0f3fb0961,naive1,live,,
2026-07,1,mexico,F4,DFF,2026-08-01,9616,9614,9618,9604,9628,True,naive1,0.0005,q_h,875f52261fa5,92ea0bcc3c8a,2026-07-05T00:16:57+00:00,2026-07,00115d2dd0b6,deb0f3fb0961,naive1,live,,
2026-07,2,mexico,F4,DFF,2026-09-01,9616,9614,9618,9604,9628,True,naive1,0.0005,q_h,bb2bf0ad2e99,fd35c8a19c85,2026-07-05T00:16:57+00:00,2026-07,00115d2dd0b6,deb0f3fb0961,naive1,live,,
2026-07,3,mexico,F4,DFF,2026-10-01,9616,9614,9618,9604,9628,True,naive1,0.0005,q_h,4f481c1765b9,226f777ccac3,2026-07-05T00:16:57+00:00,2026-07,00115d2dd0b6,deb0f3fb0961,naive1,live,,
2026-07,4,mexico,F4,DFF,2026-11-01,9616,9614,9618,9604,9628,True,naive1,0.0005,q_h,ae01bad13f6c,4f94bb252fb8,2026-07-05T00:16:57+00:00,2026-07,00115d2dd0b6,deb0f3fb0961,naive1,live,,
2026-07,5,mexico,F4,DFF,2026-12-01,9616,9613,9619,9604,9628,True,naive1,0.0005,q_h,fbede805d808,5396a1be4342,2026-07-05T00:16:57+00:00,2026-07,00115d2dd0b6,deb0f3fb0961,naive1,live,,
2026-07,6,mexico,F4,DFF,2027-01-01,9616,9613,9619,9604,9628,True,naive1,0.0005,q_h,584ccb393eba,896c7c92b352,2026-07-05T00:16:57+00:00,2026-07,00115d2dd0b6,deb0f3fb0961,naive1,live,,
2026-07,7,mexico,F4,DFF,2027-02-01,9616,9613,9619,9603,9629,True,naive1,0.0005,q_h,dd29ce7af1bf,54decf47c3d4,2026-07-05T00:16:57+00:00,2026-07,00115d2dd0b6,deb0f3fb0961,naive1,live,,
2026-07,8,mexico,F4,DFF,2027-03-01,9616,9613,9619,9603,9629,True,naive1,0.0005,q_h,b95d1f0ae0e7,9d20e591fbef,2026-07-05T00:16:57+00:00,2026-07,00115d2dd0b6,deb0f3fb0961,naive1,live,,
2026-07,9,mexico,F4,DFF,2027-04-01,9616,9611,9621,9603,9629,True,naive1,0.0005,q_h,fd32d14a25bd,ed82a87197b0,2026-07-05T00:16:57+00:00,2026-07,00115d2dd0b6,deb0f3fb0961,naive1,live,,
2026-07,10,mexico,F4,DFF,2027-05-01,9616,9611,9621,9603,9629,True,naive1,0.0005,q_h,c2fca77acc1a,504e77ba13aa,2026-07-05T00:16:57+00:00,2026-07,00115d2dd0b6,deb0f3fb0961,naive1,live,,
2026-07,11,mexico,F4,DFF,2027-06-01,9616,9610,9622,9603,9629,True,naive1,0.0005,q_h,cc709b147955,959f5b968465,2026-07-05T00:16:57+00:00,2026-07,00115d2dd0b6,deb0f3fb0961,naive1,live,,
2026-07,12,mexico,F4,DFF,2027-07-01,9616,9610,9622,9603,9629,True,naive1,0.0005,q_h,753f0a4a6acd,ef53ca81824f,2026-07-05T00:16:57+00:00,2026-07,00115d2dd0b6,deb0f3fb0961,naive1,live,,
2026-07,1,mexico,F4,FAD,2026-08-01,9594,9570,9618,9570,9618,True,naive1,0.0093,q_h,e76be2ce9e21,b48cf3cff560,2026-07-05T00:16:57+00:00,2026-07,00115d2dd0b6,deb0f3fb0961,naive1,live,,
2026-07,2,mexico,F4,FAD,2026-09-01,9594,9570,9618,9570,9618,True,naive1,0.0093,q_h,af58ed902697,4320964caab3,2026-07-05T00:16:57+00:00,2026-07,00115d2dd0b6,deb0f3fb0961,naive1,live,,
2026-07,3,mexico,F4,FAD,2026-10-01,9594,9570,9618,9544,9644,True,naive1,0.0093,q_h,3bc6058992ac,3e81752bbf81,2026-07-05T00:16:57+00:00,2026-07,00115d2dd0b6,deb0f3fb0961,naive1,live,,
2026-07,4,mexico,F4,FAD,2026-11-01,9594,9570,9618,9504,9684,True,naive1,0.0093,q_h,d084f67ddb16,c468f61c4961,2026-07-05T00:16:57+00:00,2026-07,00115d2dd0b6,deb0f3fb0961,naive1,live,,
2026-07,5,mexico,F4,FAD,2026-12-01,9594,9567,9621,9504,9684,True,naive1,0.0093,q_h,0735c4165432,06c508449c72,2026-07-05T00:16:57+00:00,2026-07,00115d2dd0b6,deb0f3fb0961,naive1,live,,
2026-07,6,mexico,F4,FAD,2027-01-01,9594,9563,9625,9500,9688,True,naive1,0.0093,q_h,6b351e7f792c,fd17b8ff06e0,2026-07-05T00:16:57+00:00,2026-07,00115d2dd0b6,deb0f3fb0961,naive1,live,,
2026-07,7,mexico,F4,FAD,2027-02-01,9594,9563,9625,9476,9712,True,naive1,0.0093,q_h,30b491dad706,33770842961e,2026-07-05T00:16:57+00:00,2026-07,00115d2dd0b6,deb0f3fb0961,naive1,live,,
2026-07,8,mexico,F4,FAD,2027-03-01,9594,9563,9625,9476,9712,True,naive1,0.0093,q_h,13fdeec4ff13,9b4d2a88b0a8,2026-07-05T00:16:57+00:00,2026-07,00115d2dd0b6,deb0f3fb0961,naive1,live,,
2026-07,9,mexico,F4,FAD,2027-04-01,9594,9553,9635,9476,9712,True,naive1,0.0093,q_h,98b0cf6643c5,2dbd2dcabdc1,2026-07-05T00:16:57+00:00,2026-07,00115d2dd0b6,deb0f3fb0961,naive1,live,,
2026-07,10,mexico,F4,FAD,2027-05-01,9594,9553,9635,9476,9712,True,naive1,0.0093,q_h,bf27c59c38ec,8c0a7540545a,2026-07-05T00:16:57+00:00,2026-07,00115d2dd0b6,deb0f3fb0961,naive1,live,,
2026-07,11,mexico,F4,FAD,2027-06-01,9594,9553,9635,9476,9712,True,naive1,0.0093,q_h,3fa70eab1669,7d450483f949,2026-07-05T00:16:57+00:00,2026-07,00115d2dd0b6,deb0f3fb0961,naive1,live,,
2026-07,12,mexico,F4,FAD,2027-07-01,9594,9550,9638,9469,9719,True,naive1,0.0093,q_h,eff1237f40e5,149b408c4b8f,2026-07-05T00:16:57+00:00,2026-07,00115d2dd0b6,deb0f3fb0961,naive1,live,,
2026-07,1,philippines,EB3,DFF,2026-08-01,17897,17805,17989,17356,18438,True,naive1,0.0156,q_h,5b389524e925,2d73f4555bf6,2026-07-05T00:16:57+00:00,2026-07,00115d2dd0b6,deb0f3fb0961,naive1,live,,
2026-07,2,philippines,EB3,DFF,2026-09-01,17897,17805,17989,17356,18438,True,naive1,0.0156,q_h,8c750571d24d,e476f4907a99,2026-07-05T00:16:57+00:00,2026-07,00115d2dd0b6,deb0f3fb0961,naive1,live,,
2026-07,3,philippines,EB3,DFF,2026-10-01,17897,17805,17989,17356,18438,True,naive1,0.0156,q_h,eeba9e60b8e0,5c7faabc2a2a,2026-07-05T00:16:57+00:00,2026-07,00115d2dd0b6,deb0f3fb0961,naive1,live,,
2026-07,4,philippines,EB3,DFF,2026-11-01,17897,17794,18000,17356,18438,True,naive1,0.0156,q_h,61ce1d310629,160c723c94bb,2026-07-05T00:16:57+00:00,2026-07,00115d2dd0b6,deb0f3fb0961,naive1,live,,
2026-07,5,philippines,EB3,DFF,2026-12-01,17897,17769,18025,17356,18438,True,naive1,0.0156,q_h,3576342d1485,975fbb573e7e,2026-07-05T00:16:57+00:00,2026-07,00115d2dd0b6,deb0f3fb0961,naive1,live,,
2026-07,6,philippines,EB3,DFF,2027-01-01,17897,17746,18048,17329,18465,True,naive1,0.0156,q_h,2228519fd492,5411ace8d3a5,2026-07-05T00:16:57+00:00,2026-07,00115d2dd0b6,deb0f3fb0961,naive1,live,,
2026-07,7,philippines,EB3,DFF,2027-02-01,17897,17746,18048,17316,18478,True,naive1,0.0156,q_h,1e2cf297e084,eabfa90ec421,2026-07-05T00:16:57+00:00,2026-07,00115d2dd0b6,deb0f3fb0961,naive1,live,,
2026-07,8,philippines,EB3,DFF,2027-03-01,17897,17746,18048,17316,18478,True,naive1,0.0156,q_h,284c5582754e,ab6aa6aaebe1,2026-07-05T00:16:57+00:00,2026-07,00115d2dd0b6,deb0f3fb0961,naive1,live,,
2026-07,9,philippines,EB3,DFF,2027-04-01,17897,17682,18112,17316,18478,True,naive1,0.0156,q_h,3228048b872a,3e75ba9a6b97,2026-07-05T00:16:57+00:00,2026-07,00115d2dd0b6,deb0f3fb0961,naive1,live,,
2026-07,10,philippines,EB3,DFF,2027-05-01,17897,17659,18135,17316,18478,True,naive1,0.0156,q_h,87349a63f4ec,7d4359e78301,2026-07-05T00:16:57+00:00,2026-07,00115d2dd0b6,deb0f3fb0961,naive1,live,,
2026-07,11,philippines,EB3,DFF,2027-06-01,17897,17640,18154,17316,18478,True,naive1,0.0156,q_h,00aa46d52c84,f180fa1b069c,2026-07-05T00:16:57+00:00,2026-07,00115d2dd0b6,deb0f3fb0961,naive1,live,,
2026-07,12,philippines,EB3,DFF,2027-07-01,17897,17603,18191,17316,18478,True,naive1,0.0156,q_h,490bd2093dd5,79fbac21530e,2026-07-05T00:16:57+00:00,2026-07,00115d2dd0b6,deb0f3fb0961,naive1,live,,
2026-07,1,philippines,EB3,FAD,2026-08-01,17744,17030,18458,17030,18458,True,naive1,0.0628,q_h,44b4cb04da62,609c9e631c86,2026-07-05T00:16:57+00:00,2026-07,00115d2dd0b6,deb0f3fb0961,naive1,live,,
2026-07,2,philippines,EB3,FAD,2026-09-01,17744,17030,18458,17030,18458,True,naive1,0.0628,q_h,bfecf67a95d1,31d89a3ae9a3,2026-07-05T00:16:57+00:00,2026-07,00115d2dd0b6,deb0f3fb0961,naive1,live,,
2026-07,3,philippines,EB3,FAD,2026-10-01,17744,17030,18458,16249,19239,True,naive1,0.0628,q_h,4ecfb1c24c15,5c898014cc8c,2026-07-05T00:16:57+00:00,2026-07,00115d2dd0b6,deb0f3fb0961,naive1,live,,
2026-07,4,philippines,EB3,FAD,2026-11-01,17744,17030,18458,15074,20414,True,naive1,0.0628,q_h,8f111f251ebd,057bcac0883a,2026-07-05T00:16:57+00:00,2026-07,00115d2dd0b6,deb0f3fb0961,naive1,live,,
2026-07,5,philippines,EB3,FAD,2026-12-01,17744,16954,18534,15074,20414,True,naive1,0.0628,q_h,cc0c3cfe8799,940e1edf8a36,2026-07-05T00:16:57+00:00,2026-07,00115d2dd0b6,deb0f3fb0961,naive1,live,,
2026-07,6,philippines,EB3,FAD,2027-01-01,17744,16834,18654,14946,20542,True,naive1,0.0628,q_h,b58c6ee27991,9dd99123ecf3,2026-07-05T00:16:57+00:00,2026-07,00115d2dd0b6,deb0f3fb0961,naive1,live,,
2026-07,7,philippines,EB3,FAD,2027-02-01,17744,16834,18654,14221,21267,True,naive1,0.0628,q_h,e3f30192ef71,a8605e82e08f,2026-07-05T00:16:57+00:00,2026-07,00115d2dd0b6,deb0f3fb0961,naive1,live,,
2026-07,8,philippines,EB3,FAD,2027-03-01,17744,16834,18654,14219,21269,True,naive1,0.0628,q_h,4cdaa059e795,4a860cd338be,2026-07-05T00:16:57+00:00,2026-07,00115d2dd0b6,deb0f3fb0961,naive1,live,,
2026-07,9,philippines,EB3,FAD,2027-04-01,17744,16517,18971,14219,21269,True,naive1,0.0628,q_h,ca5259b63115,af088c272fa2,2026-07-05T00:16:57+00:00,2026-07,00115d2dd0b6,deb0f3fb0961,naive1,live,,
2026-07,10,philippines,EB3,FAD,2027-05-01,17744,16517,18971,14219,21269,True,naive1,0.0628,q_h,cfb309e38c2c,2ef1b223f125,2026-07-05T00:16:57+00:00,2026-07,00115d2dd0b6,deb0f3fb0961,naive1,live,,
2026-07,11,philippines,EB3,FAD,2027-06-01,17744,16517,18971,14219,21269,True,naive1,0.0628,q_h,672783a19c76,a4b90ef61768,2026-07-05T00:16:57+00:00,2026-07,00115d2dd0b6,deb0f3fb0961,naive1,live,,
2026-07,12,philippines,EB3,FAD,2027-07-01,17744,16432,19056,14028,21460,True,naive1,0.0628,q_h,efba0b0e0d45,c8b97c255c7e,2026-07-05T00:16:57+00:00,2026-07,00115d2dd0b6,deb0f3fb0961,naive1,live,,
2026-07,1,philippines,EB3_OW,DFF,2026-08-01,17379,17007,17751,15191,19567,True,naive1,0.043,q_h,d0389333ca16,3a7a4c1f06de,2026-07-05T00:16:57+00:00,2026-07,00115d2dd0b6,deb0f3fb0961,naive1,live,,
2026-07,2,philippines,EB3_OW,DFF,2026-09-01,17379,17007,17751,15191,19567,True,naive1,0.043,q_h,72e8cc7b67b6,1bdc6d34e5a9,2026-07-05T00:16:57+00:00,2026-07,00115d2dd0b6,deb0f3fb0961,naive1,live,,
2026-07,3,philippines,EB3_OW,DFF,2026-10-01,17379,17007,17751,15191,19567,True,naive1,0.043,q_h,298d2cfca3e2,bee874fb794c,2026-07-05T00:16:57+00:00,2026-07,00115d2dd0b6,deb0f3fb0961,naive1,live,,
2026-07,4,philippines,EB3_OW,DFF,2026-11-01,17379,16961,17797,15191,19567,True,naive1,0.043,q_h,cce35e11e6c0,7b3e7ff911bb,2026-07-05T00:16:57+00:00,2026-07,00115d2dd0b6,deb0f3fb0961,naive1,live,,
2026-07,5,philippines,EB3_OW,DFF,2026-12-01,17379,16863,17895,15191,19567,True,naive1,0.043,q_h,4592f33d4ad3,3c7aa7efded4,2026-07-05T00:16:57+00:00,2026-07,00115d2dd0b6,deb0f3fb0961,naive1,live,,
2026-07,6,philippines,EB3_OW,DFF,2027-01-01,17379,16770,17988,15083,19675,True,naive1,0.043,q_h,bb25dd2cd6ee,e24b5a2651dc,2026-07-05T00:16:57+00:00,2026-07,00115d2dd0b6,deb0f3fb0961,naive1,live,,
2026-07,7,philippines,EB3_OW,DFF,2027-02-01,17379,16770,17988,15028,19730,True,naive1,0.043,q_h,512405a7a36c,f2399748a8f4,2026-07-05T00:16:57+00:00,2026-07,00115d2dd0b6,deb0f3fb0961,naive1,live,,
2026-07,8,philippines,EB3_OW,DFF,2027-03-01,17379,16770,17988,15028,19730,True,naive1,0.043,q_h,e4125ba65618,2678c9ffd9e1,2026-07-05T00:16:57+00:00,2026-07,00115d2dd0b6,deb0f3fb0961,naive1,live,,
2026-07,9,philippines,EB3_OW,DFF,2027-04-01,17379,16510,18248,15028,19730,True,naive1,0.043,q_h,59944970b5bd,d9fe4880d344,2026-07-05T00:16:57+00:00,2026-07,00115d2dd0b6,deb0f3fb0961,naive1,live,,
2026-07,10,philippines,EB3_OW,DFF,2027-05-01,17379,16415,18343,15028,19730,True,naive1,0.043,q_h,3c0c90e5e5fd,891fe845b0d5,2026-07-05T00:16:57+00:00,2026-07,00115d2dd0b6,deb0f3fb0961,naive1,live,,
2026-07,11,philippines,EB3_OW,DFF,2027-06-01,17379,16341,18417,15028,19730,True,naive1,0.043,q_h,b157e08371a8,c9d2e024b12e,2026-07-05T00:16:57+00:00,2026-07,00115d2dd0b6,deb0f3fb0961,naive1,live,,
2026-07,12,philippines,EB3_OW,DFF,2027-07-01,17379,16192,18566,15028,19730,True,naive1,0.043,q_h,01fb238913eb,43a918eac539,2026-07-05T00:16:57+00:00,2026-07,00115d2dd0b6,deb0f3fb0961,naive1,live,,
2026-07,1,philippines,EB3_OW,FAD,2026-08-01,17136,16922,17350,16922,17350,True,naive1,0.0303,q_h,de0ba6d53291,54faf7747d4e,2026-07-05T00:16:57+00:00,2026-07,00115d2dd0b6,deb0f3fb0961,naive1,live,,
2026-07,2,philippines,EB3_OW,FAD,2026-09-01,17136,16922,17350,16922,17350,True,naive1,0.0303,q_h,22e1d59fedcd,31979320d151,2026-07-05T00:16:57+00:00,2026-07,00115d2dd0b6,deb0f3fb0961,naive1,live,,
2026-07,3,philippines,EB3_OW,FAD,2026-10-01,17136,16922,17350,16688,17584,True,naive1,0.0303,q_h,57afd823c03d,ce5562a6ead7,2026-07-05T00:16:57+00:00,2026-07,00115d2dd0b6,deb0f3fb0961,naive1,live,,
2026-07,4,philippines,EB3_OW,FAD,2026-11-01,17136,16922,17350,16336,17936,True,naive1,0.0303,q_h,07b9295a93eb,aec32c5fbdee,2026-07-05T00:16:57+00:00,2026-07,00115d2dd0b6,deb0f3fb0961,naive1,live,,
2026-07,5,philippines,EB3_OW,FAD,2026-12-01,17136,16899,17373,16336,17936,True,naive1,0.0303,q_h,484799dac9ff,afd0d79b5f31,2026-07-05T00:16:57+00:00,2026-07,00115d2dd0b6,deb0f3fb0961,naive1,live,,
2026-07,6,philippines,EB3_OW,FAD,2027-01-01,17136,16863,17409,16297,17975,True,naive1,0.0303,q_h,1687780bef3d,f4af4b8bdf76,2026-07-05T00:16:57+00:00,2026-07,00115d2dd0b6,deb0f3fb0961,naive1,live,,
2026-07,7,philippines,EB3_OW,FAD,2027-02-01,17136,16863,17409,16080,18192,True,naive1,0.0303,q_h,df6ef19a9679,df536efdd920,2026-07-05T00:16:57+00:00,2026-07,00115d2dd0b6,deb0f3fb0961,naive1,live,,
2026-07,8,philippines,EB3_OW,FAD,2027-03-01,17136,16863,17409,16080,18192,True,naive1,0.0303,q_h,5ed2acb23b8a,ef82cb556bae,2026-07-05T00:16:57+00:00,2026-07,00115d2dd0b6,deb0f3fb0961,naive1,live,,
2026-07,9,philippines,EB3_OW,FAD,2027-04-01,17136,16768,17504,16080,18192,True,naive1,0.0303,q_h,9902ee581d67,9b5b50f398bc,2026-07-05T00:16:57+00:00,2026-07,00115d2dd0b6,deb0f3fb0961,naive1,live,,
2026-07,10,philippines,EB3_OW,FAD,2027-05-01,17136,16768,17504,16080,18192,True,naive1,0.0303,q_h,d484d0bfd3b0,e59e47edb9f5,2026-07-05T00:16:57+00:00,2026-07,00115d2dd0b6,deb0f3fb0961,naive1,live,,
2026-07,11,philippines,EB3_OW,FAD,2027-06-01,17136,16768,17504,16080,18192,True,naive1,0.0303,q_h,152fcb086f6e,971a6c8eb1ed,2026-07-05T00:16:57+00:00,2026-07,00115d2dd0b6,deb0f3fb0961,naive1,live,,
2026-07,12,philippines,EB3_OW,FAD,2027-07-01,17136,16743,17529,16022,18250,True,naive1,0.0303,q_h,aa779d37600c,71090ff8c971,2026-07-05T00:16:57+00:00,2026-07,00115d2dd0b6,deb0f3fb0961,naive1,live,,
2026-07,1,philippines,EB4,FAD,2026-08-01,17424,16905,17943,16905,17943,True,naive1,0.0575,q_h,b0eb898fffd2,cebef1123488,2026-07-05T00:16:57+00:00,2026-07,00115d2dd0b6,deb0f3fb0961,naive1,live,,
2026-07,2,philippines,EB4,FAD,2026-09-01,17424,16905,17943,16905,17943,True,naive1,0.0575,q_h,6c95c77b08a3,706a602460d8,2026-07-05T00:16:57+00:00,2026-07,00115d2dd0b6,deb0f3fb0961,naive1,live,,
2026-07,3,philippines,EB4,FAD,2026-10-01,17424,16905,17943,16338,18510,True,naive1,0.0575,q_h,de3704ac3fd5,a883bf2c7d19,2026-07-05T00:16:57+00:00,2026-07,00115d2dd0b6,deb0f3fb0961,naive1,live,,
2026-07,4,philippines,EB4,FAD,2026-11-01,17424,16905,17943,15483,19365,True,naive1,0.0575,q_h,9d2865cb32dc,c79eb8cd939a,2026-07-05T00:16:57+00:00,2026-07,00115d2dd0b6,deb0f3fb0961,naive1,live,,
2026-07,5,philippines,EB4,FAD,2026-12-01,17424,16850,17998,15483,19365,True,naive1,0.0575,q_h,f553af5e5bb2,cd7403d5f6d1,2026-07-05T00:16:57+00:00,2026-07,00115d2dd0b6,deb0f3fb0961,naive1,live,,
2026-07,6,philippines,EB4,FAD,2027-01-01,17424,16762,18086,15390,19458,True,naive1,0.0575,q_h,0d5677e32522,5b096b910562,2026-07-05T00:16:57+00:00,2026-07,00115d2dd0b6,deb0f3fb0961,naive1,live,,
2026-07,7,philippines,EB4,FAD,2027-02-01,17424,16762,18086,14863,19985,True,naive1,0.0575,q_h,fe2971028e9a,4745509dbec3,2026-07-05T00:16:57+00:00,2026-07,00115d2dd0b6,deb0f3fb0961,naive1,live,,
2026-07,8,philippines,EB4,FAD,2027-03-01,17424,16762,18086,14862,19986,True,naive1,0.0575,q_h,f8b926d2545d,67fc54a88c27,2026-07-05T00:16:57+00:00,2026-07,00115d2dd0b6,deb0f3fb0961,naive1,live,,
2026-07,9,philippines,EB4,FAD,2027-04-01,17424,16532,18316,14862,19986,True,naive1,0.0575,q_h,ae487cb9ed9b,d0e5d6540580,2026-07-05T00:16:57+00:00,2026-07,00115d2dd0b6,deb0f3fb0961,naive1,live,,
2026-07,10,philippines,EB4,FAD,2027-05-01,17424,16532,18316,14862,19986,True,naive1,0.0575,q_h,511624c277d4,dbdb7475d4bb,2026-07-05T00:16:57+00:00,2026-07,00115d2dd0b6,deb0f3fb0961,naive1,live,,
2026-07,11,philippines,EB4,FAD,2027-06-01,17424,16532,18316,14862,19986,True,naive1,0.0575,q_h,e6beb1a3266b,b8493ccf0e02,2026-07-05T00:16:57+00:00,2026-07,00115d2dd0b6,deb0f3fb0961,naive1,live,,
2026-07,12,philippines,EB4,FAD,2027-07-01,17424,16470,18378,14723,20125,True,naive1,0.0575,q_h,e3bd22900040,c3c4faac0664,2026-07-05T00:16:57+00:00,2026-07,00115d2dd0b6,deb0f3fb0961,naive1,live,,
2026-07,1,philippines,EB4_RW,FAD,2026-08-01,17424,16905,17943,16905,17943,True,naive1,0.0632,q_h,3f3bf441750b,cebef1123488,2026-07-05T00:16:57+00:00,2026-07,00115d2dd0b6,deb0f3fb0961,naive1,live,,
2026-07,2,philippines,EB4_RW,FAD,2026-09-01,17424,16905,17943,16905,17943,True,naive1,0.0632,q_h,7221bf0d3912,706a602460d8,2026-07-05T00:16:57+00:00,2026-07,00115d2dd0b6,deb0f3fb0961,naive1,live,,
2026-07,3,philippines,EB4_RW,FAD,2026-10-01,17424,16905,17943,16338,18510,True,naive1,0.0632,q_h,182e772ccc9f,a883bf2c7d19,2026-07-05T00:16:57+00:00,2026-07,00115d2dd0b6,deb0f3fb0961,naive1,live,,
2026-07,4,philippines,EB4_RW,FAD,2026-11-01,17424,16905,17943,15483,19365,True,naive1,0.0632,q_h,3e092c949d7d,c79eb8cd939a,2026-07-05T00:16:57+00:00,2026-07,00115d2dd0b6,deb0f3fb0961,naive1,live,,
2026-07,5,philippines,EB4_RW,FAD,2026-12-01,17424,16850,17998,15483,19365,True,naive1,0.0632,q_h,a06a5f656215,cd7403d5f6d1,2026-07-05T00:16:57+00:00,2026-07,00115d2dd0b6,deb0f3fb0961,naive1,live,,
2026-07,6,philippines,EB4_RW,FAD,2027-01-01,17424,16762,18086,15390,19458,True,naive1,0.0632,q_h,580f6f7c32a3,5b096b910562,2026-07-05T00:16:57+00:00,2026-07,00115d2dd0b6,deb0f3fb0961,naive1,live,,
2026-07,7,philippines,EB4_RW,FAD,2027-02-01,17424,16762,18086,14863,19985,True,naive1,0.0632,q_h,f78d04140c96,4745509dbec3,2026-07-05T00:16:57+00:00,2026-07,00115d2dd0b6,deb0f3fb0961,naive1,live,,
2026-07,8,philippines,EB4_RW,FAD,2027-03-01,17424,16762,18086,14862,19986,True,naive1,0.0632,q_h,9c5b7584252f,67fc54a88c27,2026-07-05T00:16:57+00:00,2026-07,00115d2dd0b6,deb0f3fb0961,naive1,live,,
2026-07,9,philippines,EB4_RW,FAD,2027-04-01,17424,16532,18316,14862,19986,True,naive1,0.0632,q_h,cb444b5aa41b,d0e5d6540580,2026-07-05T00:16:57+00:00,2026-07,00115d2dd0b6,deb0f3fb0961,naive1,live,,
2026-07,10,philippines,EB4_RW,FAD,2027-05-01,17424,16532,18316,14862,19986,True,naive1,0.0632,q_h,22025a61430d,dbdb7475d4bb,2026-07-05T00:16:57+00:00,2026-07,00115d2dd0b6,deb0f3fb0961,naive1,live,,
2026-07,11,philippines,EB4_RW,FAD,2027-06-01,17424,16532,18316,14862,19986,True,naive1,0.0632,q_h,2fff775c8a1d,b8493ccf0e02,2026-07-05T00:16:57+00:00,2026-07,00115d2dd0b6,deb0f3fb0961,naive1,live,,
2026-07,12,philippines,EB4_RW,FAD,2027-07-01,17424,16470,18378,14723,20125,True,naive1,0.0632,q_h,c9c104c78250,c3c4faac0664,2026-07-05T00:16:57+00:00,2026-07,00115d2dd0b6,deb0f3fb0961,naive1,live,,
2026-07,1,philippines,F1,DFF,2026-08-01,14721,14721,14721,14721,14721,True,naive1,0.0,q_h,0625181df593,022d05d00b0a,2026-07-05T00:16:57+00:00,2026-07,00115d2dd0b6,deb0f3fb0961,naive1,live,,
2026-07,2,philippines,F1,DFF,2026-09-01,14721,14721,14721,14721,14721,True,naive1,0.0,q_h,9ed4f256c55b,b17d2ca327be,2026-07-05T00:16:57+00:00,2026-07,00115d2dd0b6,deb0f3fb0961,naive1,live,,
2026-07,3,philippines,F1,DFF,2026-10-01,14721,14721,14721,14721,14721,True,naive1,0.0,q_h,c330564ea25f,dada3fe4d739,2026-07-05T00:16:57+00:00,2026-07,00115d2dd0b6,deb0f3fb0961,naive1,live,,
2026-07,4,philippines,F1,DFF,2026-11-01,14721,14721,14721,14721,14721,True,naive1,0.0,q_h,8beef20bcdf6,bed16f284076,2026-07-05T00:16:57+00:00,2026-07,00115d2dd0b6,deb0f3fb0961,naive1,live,,
2026-07,5,philippines,F1,DFF,2026-12-01,14721,14721,14721,14721,14721,True,naive1,0.0,q_h,f4389ee0e9a7,fabfefc7da19,2026-07-05T00:16:57+00:00,2026-07,00115d2dd0b6,deb0f3fb0961,naive1,live,,
2026-07,6,philippines,F1,DFF,2027-01-01,14721,14721,14721,14721,14721,True,naive1,0.0,q_h,05a98a79bd86,954aa28c8456,2026-07-05T00:16:57+00:00,2026-07,00115d2dd0b6,deb0f3fb0961,naive1,live,,
2026-07,7,philippines,F1,DFF,2027-02-01,14721,14721,14721,14721,14721,True,naive1,0.0,q_h,138ec6477ac6,af8c963cc5f2,2026-07-05T00:16:57+00:00,2026-07,00115d2dd0b6,deb0f3fb0961,naive1,live,,
2026-07,8,philippines,F1,DFF,2027-03-01,14721,14721,14721,14721,14721,True,naive1,0.0,q_h,565f4b170c8c,897f47ce5218,2026-07-05T00:16:57+00:00,2026-07,00115d2dd0b6,deb0f3fb0961,naive1,live,,
2026-07,9,philippines,F1,DFF,2027-04-01,14721,14721,14721,14721,14721,True,naive1,0.0,q_h,7a459ce6fc04,1f227edd1d9d,2026-07-05T00:16:57+00:00,2026-07,00115d2dd0b6,deb0f3fb0961,naive1,live,,
2026-07,10,philippines,F1,DFF,2027-05-01,14721,14721,14721,14721,14721,True,naive1,0.0,q_h,2dd86e2cf300,f63a6088428f,2026-07-05T00:16:57+00:00,2026-07,00115d2dd0b6,deb0f3fb0961,naive1,live,,
2026-07,11,philippines,F1,DFF,2027-06-01,14721,14721,14721,14721,14721,True,naive1,0.0,q_h,58af0dac07eb,530996df94dc,2026-07-05T00:16:57+00:00,2026-07,00115d2dd0b6,deb0f3fb0961,naive1,live,,
2026-07,12,philippines,F1,DFF,2027-07-01,14721,14721,14721,14721,14721,True,naive1,0.0,q_h,8eaf53274ec4,ae05156f49e6,2026-07-05T00:16:57+00:00,2026-07,00115d2dd0b6,deb0f3fb0961,naive1,live,,
2026-07,1,philippines,F1,FAD,2026-08-01,14000,13809,14191,13809,14191,True,naive1,0.036,q_h,6db9ecfb9675,8facc5737354,2026-07-05T00:16:57+00:00,2026-07,00115d2dd0b6,deb0f3fb0961,naive1,live,,
2026-07,2,philippines,F1,FAD,2026-09-01,14000,13809,14191,13809,14191,True,naive1,0.036,q_h,7e66bf5a6fb7,bbd0f26ac1ff,2026-07-05T00:16:57+00:00,2026-07,00115d2dd0b6,deb0f3fb0961,naive1,live,,
2026-07,3,philippines,F1,FAD,2026-10-01,14000,13809,14191,13600,14400,True,naive1,0.036,q_h,8fa7ce05f20e,114dc5b61049,2026-07-05T00:16:57+00:00,2026-07,00115d2dd0b6,deb0f3fb0961,naive1,live,,
2026-07,4,philippines,F1,FAD,2026-11-01,14000,13809,14191,13286,14714,True,naive1,0.036,q_h,c3a8a9dc41eb,62e757a9d681,2026-07-05T00:16:57+00:00,2026-07,00115d2dd0b6,deb0f3fb0961,naive1,live,,
2026-07,5,philippines,F1,FAD,2026-12-01,14000,13789,14211,13286,14714,True,naive1,0.036,q_h,3cd495a6f390,2d938bd96687,2026-07-05T00:16:57+00:00,2026-07,00115d2dd0b6,deb0f3fb0961,naive1,live,,
2026-07,6,philippines,F1,FAD,2027-01-01,14000,13756,14244,13251,14749,True,naive1,0.036,q_h,26158f61d338,5b99b8b777e6,2026-07-05T00:16:57+00:00,2026-07,00115d2dd0b6,deb0f3fb0961,naive1,live,,
2026-07,7,philippines,F1,FAD,2027-02-01,14000,13756,14244,13058,14942,True,naive1,0.036,q_h,179312ea5180,75ec299edc83,2026-07-05T00:16:57+00:00,2026-07,00115d2dd0b6,deb0f3fb0961,naive1,live,,
2026-07,8,philippines,F1,FAD,2027-03-01,14000,13756,14244,13057,14943,True,naive1,0.036,q_h,d1dd87907048,372ed463dbe4,2026-07-05T00:16:57+00:00,2026-07,00115d2dd0b6,deb0f3fb0961,naive1,live,,
2026-07,9,philippines,F1,FAD,2027-04-01,14000,13672,14328,13057,14943,True,naive1,0.036,q_h,7a445346e351,a5de3018ed13,2026-07-05T00:16:57+00:00,2026-07,00115d2dd0b6,deb0f3fb0961,naive1,live,,
2026-07,10,philippines,F1,FAD,2027-05-01,14000,13672,14328,13057,14943,True,naive1,0.036,q_h,3362e617505a,7a64fd31a08b,2026-07-05T00:16:57+00:00,2026-07,00115d2dd0b6,deb0f3fb0961,naive1,live,,
2026-07,11,philippines,F1,FAD,2027-06-01,14000,13672,14328,13057,14943,True,naive1,0.036,q_h,fda55c5ad6ab,f8c3c16568cb,2026-07-05T00:16:57+00:00,2026-07,00115d2dd0b6,deb0f3fb0961,naive1,live,,
2026-07,12,philippines,F1,FAD,2027-07-01,14000,13649,14351,13006,14994,True,naive1,0.036,q_h,ac10b3bd1524,259091641a97,2026-07-05T00:16:57+00:00,2026-07,00115d2dd0b6,deb0f3fb0961,naive1,live,,
2026-07,1,philippines,F2A,FAD,2026-08-01,18263,17745,18781,17745,18781,True,naive1,0.0908,q_h,c69b8d1aaea0,6b8354fd3d25,2026-07-05T00:16:57+00:00,2026-07,00115d2dd0b6,deb0f3fb0961,naive1,live,,
2026-07,2,philippines,F2A,FAD,2026-09-01,18263,17745,18781,17745,18781,True,naive1,0.0908,q_h,119bf4d5a569,699b6f67c41a,2026-07-05T00:16:57+00:00,2026-07,00115d2dd0b6,deb0f3fb0961,naive1,live,,
2026-07,3,philippines,F2A,FAD,2026-10-01,18263,17745,18781,17179,19347,True,naive1,0.0908,q_h,fb4e62297c83,d042994ed744,2026-07-05T00:16:57+00:00,2026-07,00115d2dd0b6,deb0f3fb0961,naive1,live,,
2026-07,4,philippines,F2A,FAD,2026-11-01,18263,17745,18781,16326,20200,True,naive1,0.0908,q_h,7edfb9f91961,e61f57481e34,2026-07-05T00:16:57+00:00,2026-07,00115d2dd0b6,deb0f3fb0961,naive1,live,,
2026-07,5,philippines,F2A,FAD,2026-12-01,18263,17690,18836,16326,20200,True,naive1,0.0908,q_h,861413bb0f20,c9682b25ad3a,2026-07-05T00:16:57+00:00,2026-07,00115d2dd0b6,deb0f3fb0961,naive1,live,,
2026-07,6,philippines,F2A,FAD,2027-01-01,18263,17603,18923,16233,20293,True,naive1,0.0908,q_h,138aa331f214,31ea4fb1cca9,2026-07-05T00:16:57+00:00,2026-07,00115d2dd0b6,deb0f3fb0961,naive1,live,,
2026-07,7,philippines,F2A,FAD,2027-02-01,18263,17603,18923,15707,20819,True,naive1,0.0908,q_h,e1be35aff752,02d6da2cfe9f,2026-07-05T00:16:57+00:00,2026-07,00115d2dd0b6,deb0f3fb0961,naive1,live,,
2026-07,8,philippines,F2A,FAD,2027-03-01,18263,17603,18923,15706,20820,True,naive1,0.0908,q_h,25aee79333ef,13fa1eda88bb,2026-07-05T00:16:57+00:00,2026-07,00115d2dd0b6,deb0f3fb0961,naive1,live,,
2026-07,9,philippines,F2A,FAD,2027-04-01,18263,17373,19153,15706,20820,True,naive1,0.0908,q_h,bc871a98fd76,0a3fd6676077,2026-07-05T00:16:57+00:00,2026-07,00115d2dd0b6,deb0f3fb0961,naive1,live,,
2026-07,10,philippines,F2A,FAD,2027-05-01,18263,17373,19153,15706,20820,True,naive1,0.0908,q_h,0cb9e9baa04b,bb6c06bcc0ad,2026-07-05T00:16:57+00:00,2026-07,00115d2dd0b6,deb0f3fb0961,naive1,live,,
2026-07,11,philippines,F2A,FAD,2027-06-01,18263,17373,19153,15706,20820,True,naive1,0.0908,q_h,81641814ba3b,61f17bb82de1,2026-07-05T00:16:57+00:00,2026-07,00115d2dd0b6,deb0f3fb0961,naive1,live,,
2026-07,12,philippines,F2A,FAD,2027-07-01,18263,17311,19215,15567,20959,True,naive1,0.0908,q_h,47815db1f794,71e255cf018f,2026-07-05T00:16:57+00:00,2026-07,00115d2dd0b6,deb0f3fb0961,naive1,live,,
2026-07,1,philippines,F2B,DFF,2026-08-01,14153,14153,14153,14153,14153,True,naive1,0.0,q_h,d138f282c3eb,44ea3aaddf83,2026-07-05T00:16:57+00:00,2026-07,00115d2dd0b6,deb0f3fb0961,naive1,live,,
2026-07,2,philippines,F2B,DFF,2026-09-01,14153,14153,14153,14153,14153,True,naive1,0.0,q_h,b69b73a946e1,e3c3ae001ed2,2026-07-05T00:16:57+00:00,2026-07,00115d2dd0b6,deb0f3fb0961,naive1,live,,
2026-07,3,philippines,F2B,DFF,2026-10-01,14153,14153,14153,14153,14153,True,naive1,0.0,q_h,63a432a2a33d,3d606a0a0911,2026-07-05T00:16:57+00:00,2026-07,00115d2dd0b6,deb0f3fb0961,naive1,live,,
2026-07,4,philippines,F2B,DFF,2026-11-01,14153,14153,14153,14153,14153,True,naive1,0.0,q_h,67bb05e56be2,6de2af9263b5,2026-07-05T00:16:57+00:00,2026-07,00115d2dd0b6,deb0f3fb0961,naive1,live,,
2026-07,5,philippines,F2B,DFF,2026-12-01,14153,14153,14153,14153,14153,True,naive1,0.0,q_h,6c8a3fe97a0d,5297f7b31150,2026-07-05T00:16:57+00:00,2026-07,00115d2dd0b6,deb0f3fb0961,naive1,live,,
2026-07,6,philippines,F2B,DFF,2027-01-01,14153,14153,14153,14153,14153,True,naive1,0.0,q_h,82b9a631cc28,b60f6df2f1b5,2026-07-05T00:16:57+00:00,2026-07,00115d2dd0b6,deb0f3fb0961,naive1,live,,
2026-07,7,philippines,F2B,DFF,2027-02-01,14153,14153,14153,14153,14153,True,naive1,0.0,q_h,3561243f5eda,fbed93513876,2026-07-05T00:16:57+00:00,2026-07,00115d2dd0b6,deb0f3fb0961,naive1,live,,
2026-07,8,philippines,F2B,DFF,2027-03-01,14153,14153,14153,14153,14153,True,naive1,0.0,q_h,ba6f27f8a1d2,1bc5634634b3,2026-07-05T00:16:57+00:00,2026-07,00115d2dd0b6,deb0f3fb0961,naive1,live,,
2026-07,9,philippines,F2B,DFF,2027-04-01,14153,14153,14153,14153,14153,True,naive1,0.0,q_h,b43be8c4859b,253704d4d1f8,2026-07-05T00:16:57+00:00,2026-07,00115d2dd0b6,deb0f3fb0961,naive1,live,,
2026-07,10,philippines,F2B,DFF,2027-05-01,14153,14153,14153,14153,14153,True,naive1,0.0,q_h,4bd1a2af1de8,d87ebf19062b,2026-07-05T00:16:57+00:00,2026-07,00115d2dd0b6,deb0f3fb0961,naive1,live,,
2026-07,11,philippines,F2B,DFF,2027-06-01,14153,14153,14153,14153,14153,True,naive1,0.0,q_h,5ba1c2e09a76,d7085d9ed699,2026-07-05T00:16:57+00:00,2026-07,00115d2dd0b6,deb0f3fb0961,naive1,live,,
2026-07,12,philippines,F2B,DFF,2027-07-01,14153,14153,14153,14153,14153,True,naive1,0.0,q_h,87324ec71210,a57af1f567fc,2026-07-05T00:16:57+00:00,2026-07,00115d2dd0b6,deb0f3fb0961,naive1,live,,
2026-07,1,philippines,F2B,FAD,2026-08-01,14014,13861,14167,13861,14167,True,naive1,0.0713,q_h,2528c19c0766,ab8eb7ce41c5,2026-07-05T00:16:57+00:00,2026-07,00115d2dd0b6,deb0f3fb0961,naive1,live,,
2026-07,2,philippines,F2B,FAD,2026-09-01,14014,13861,14167,13861,14167,True,naive1,0.0713,q_h,d6cfe74a6040,6b6181c3e506,2026-07-05T00:16:57+00:00,2026-07,00115d2dd0b6,deb0f3fb0961,naive1,live,,
2026-07,3,philippines,F2B,FAD,2026-10-01,14014,13861,14167,13694,14334,True,naive1,0.0713,q_h,d20473c64ced,8256147ee136,2026-07-05T00:16:57+00:00,2026-07,00115d2dd0b6,deb0f3fb0961,naive1,live,,
2026-07,4,philippines,F2B,FAD,2026-11-01,14014,13861,14167,13442,14586,True,naive1,0.0713,q_h,0a58f02f982c,ad4598bfd36f,2026-07-05T00:16:57+00:00,2026-07,00115d2dd0b6,deb0f3fb0961,naive1,live,,
2026-07,5,philippines,F2B,FAD,2026-12-01,14014,13845,14183,13442,14586,True,naive1,0.0713,q_h,d7f4e78c0103,00d01e21cd2c,2026-07-05T00:16:57+00:00,2026-07,00115d2dd0b6,deb0f3fb0961,naive1,live,,
2026-07,6,philippines,F2B,FAD,2027-01-01,14014,13819,14209,13414,14614,True,naive1,0.0713,q_h,cb55a8a14ba6,a451b24d6851,2026-07-05T00:16:57+00:00,2026-07,00115d2dd0b6,deb0f3fb0961,naive1,live,,
2026-07,7,philippines,F2B,FAD,2027-02-01,14014,13819,14209,13259,14769,True,naive1,0.0713,q_h,6914737ff264,885fb82272bf,2026-07-05T00:16:57+00:00,2026-07,00115d2dd0b6,deb0f3fb0961,naive1,live,,
2026-07,8,philippines,F2B,FAD,2027-03-01,14014,13819,14209,13259,14769,True,naive1,0.0713,q_h,0072705a3ef4,d8199b9fcd47,2026-07-05T00:16:57+00:00,2026-07,00115d2dd0b6,deb0f3fb0961,naive1,live,,
2026-07,9,philippines,F2B,FAD,2027-04-01,14014,13751,14277,13259,14769,True,naive1,0.0713,q_h,ebbbcb7bc8c3,838735a36911,2026-07-05T00:16:57+00:00,2026-07,00115d2dd0b6,deb0f3fb0961,naive1,live,,
2026-07,10,philippines,F2B,FAD,2027-05-01,14014,13751,14277,13259,14769,True,naive1,0.0713,q_h,12d75afcfcfc,c838ae6c4b73,2026-07-05T00:16:57+00:00,2026-07,00115d2dd0b6,deb0f3fb0961,naive1,live,,
2026-07,11,philippines,F2B,FAD,2027-06-01,14014,13751,14277,13259,14769,True,naive1,0.0713,q_h,faec4cf3c8a0,687d174eeb5d,2026-07-05T00:16:57+00:00,2026-07,00115d2dd0b6,deb0f3fb0961,naive1,live,,
2026-07,12,philippines,F2B,FAD,2027-07-01,14014,13733,14295,13218,14810,True,naive1,0.0713,q_h,32f2fc1da536,90290ed55637,2026-07-05T00:16:57+00:00,2026-07,00115d2dd0b6,deb0f3fb0961,naive1,live,,
2026-07,1,philippines,F3,DFF,2026-08-01,11542,11360,11724,10472,12612,True,naive1,0.096,q_h,60071c99bd5d,11b9f6937fea,2026-07-05T00:16:57+00:00,2026-07,00115d2dd0b6,deb0f3fb0961,naive1,live,,
2026-07,2,philippines,F3,DFF,2026-09-01,11542,11360,11724,10472,12612,True,naive1,0.096,q_h,e592e9f714a3,71d1bcc0e65c,2026-07-05T00:16:57+00:00,2026-07,00115d2dd0b6,deb0f3fb0961,naive1,live,,
2026-07,3,philippines,F3,DFF,2026-10-01,11542,11360,11724,10472,12612,True,naive1,0.096,q_h,00d6996207ec,b21959a6e3ad,2026-07-05T00:16:57+00:00,2026-07,00115d2dd0b6,deb0f3fb0961,naive1,live,,
2026-07,4,philippines,F3,DFF,2026-11-01,11542,11337,11747,10472,12612,True,naive1,0.096,q_h,e975eb78c1d6,27f97fc9209d,2026-07-05T00:16:57+00:00,2026-07,00115d2dd0b6,deb0f3fb0961,naive1,live,,
2026-07,5,philippines,F3,DFF,2026-12-01,11542,11289,11795,10472,12612,True,naive1,0.096,q_h,d1038f211131,a2c6bd0155d1,2026-07-05T00:16:57+00:00,2026-07,00115d2dd0b6,deb0f3fb0961,naive1,live,,
2026-07,6,philippines,F3,DFF,2027-01-01,11542,11244,11840,10419,12665,True,naive1,0.096,q_h,d57e4df153df,bb229b2e4010,2026-07-05T00:16:57+00:00,2026-07,00115d2dd0b6,deb0f3fb0961,naive1,live,,
2026-07,7,philippines,F3,DFF,2027-02-01,11542,11244,11840,10392,12692,True,naive1,0.096,q_h,ee2c29db28c4,a9c7b5716e37,2026-07-05T00:16:57+00:00,2026-07,00115d2dd0b6,deb0f3fb0961,naive1,live,,
2026-07,8,philippines,F3,DFF,2027-03-01,11542,11244,11840,10392,12692,True,naive1,0.096,q_h,378c6f57160d,151f037b3f30,2026-07-05T00:16:57+00:00,2026-07,00115d2dd0b6,deb0f3fb0961,naive1,live,,
2026-07,9,philippines,F3,DFF,2027-04-01,11542,11117,11967,10392,12692,True,naive1,0.096,q_h,bdc8e2ec51f3,86b5e4fbcdeb,2026-07-05T00:16:57+00:00,2026-07,00115d2dd0b6,deb0f3fb0961,naive1,live,,
2026-07,10,philippines,F3,DFF,2027-05-01,11542,11071,12013,10392,12692,True,naive1,0.096,q_h,65cac6176a02,dbabd350ee0d,2026-07-05T00:16:57+00:00,2026-07,00115d2dd0b6,deb0f3fb0961,naive1,live,,
2026-07,11,philippines,F3,DFF,2027-06-01,11542,11034,12050,10392,12692,True,naive1,0.096,q_h,c28cf09d7292,adea60058c25,2026-07-05T00:16:57+00:00,2026-07,00115d2dd0b6,deb0f3fb0961,naive1,live,,
2026-07,12,philippines,F3,DFF,2027-07-01,11542,10961,12123,10392,12692,True,naive1,0.096,q_h,0797f630d55b,bd6782c43dce,2026-07-05T00:16:57+00:00,2026-07,00115d2dd0b6,deb0f3fb0961,naive1,live,,
2026-07,1,philippines,F3,FAD,2026-08-01,11375,11191,11559,11191,11559,True,naive1,0.1388,q_h,bb487f17b85b,a3f038599789,2026-07-05T00:16:57+00:00,2026-07,00115d2dd0b6,deb0f3fb0961,naive1,live,,
2026-07,2,philippines,F3,FAD,2026-09-01,11375,11191,11559,11191,11559,True,naive1,0.1388,q_h,fc83a8a49433,9695b6cf0fb9,2026-07-05T00:16:57+00:00,2026-07,00115d2dd0b6,deb0f3fb0961,naive1,live,,
2026-07,3,philippines,F3,FAD,2026-10-01,11375,11191,11559,10990,11760,True,naive1,0.1388,q_h,a28e5de0c64a,5f987e1d6423,2026-07-05T00:16:57+00:00,2026-07,00115d2dd0b6,deb0f3fb0961,naive1,live,,
2026-07,4,philippines,F3,FAD,2026-11-01,11375,11191,11559,10687,12063,True,naive1,0.1388,q_h,aef33624171d,6bf5e3579cc4,2026-07-05T00:16:57+00:00,2026-07,00115d2dd0b6,deb0f3fb0961,naive1,live,,
2026-07,5,philippines,F3,FAD,2026-12-01,11375,11171,11579,10687,12063,True,naive1,0.1388,q_h,7d4073c1af41,0e2b29ad5b5b,2026-07-05T00:16:57+00:00,2026-07,00115d2dd0b6,deb0f3fb0961,naive1,live,,
2026-07,6,philippines,F3,FAD,2027-01-01,11375,11140,11610,10654,12096,True,naive1,0.1388,q_h,9a1a3c5dd8aa,f718afa72dcb,2026-07-05T00:16:57+00:00,2026-07,00115d2dd0b6,deb0f3fb0961,naive1,live,,
2026-07,7,philippines,F3,FAD,2027-02-01,11375,11140,11610,10467,12283,True,naive1,0.1388,q_h,3a79bdc16009,012f385f59a1,2026-07-05T00:16:57+00:00,2026-07,00115d2dd0b6,deb0f3fb0961,naive1,live,,
2026-07,8,philippines,F3,FAD,2027-03-01,11375,11140,11610,10467,12283,True,naive1,0.1388,q_h,d90912e641a2,80ca84b116dd,2026-07-05T00:16:57+00:00,2026-07,00115d2dd0b6,deb0f3fb0961,naive1,live,,
2026-07,9,philippines,F3,FAD,2027-04-01,11375,11059,11691,10467,12283,True,naive1,0.1388,q_h,5bfafb894a8a,ac679a1f7410,2026-07-05T00:16:57+00:00,2026-07,00115d2dd0b6,deb0f3fb0961,naive1,live,,
2026-07,10,philippines,F3,FAD,2027-05-01,11375,11059,11691,10467,12283,True,naive1,0.1388,q_h,634e29f1bc77,4513350ea5e2,2026-07-05T00:16:57+00:00,2026-07,00115d2dd0b6,deb0f3fb0961,naive1,live,,
2026-07,11,philippines,F3,FAD,2027-06-01,11375,11059,11691,10467,12283,True,naive1,0.1388,q_h,019ca93ae1b5,b29d9e147f14,2026-07-05T00:16:57+00:00,2026-07,00115d2dd0b6,deb0f3fb0961,naive1,live,,
2026-07,12,philippines,F3,FAD,2027-07-01,11375,11037,11713,10417,12333,True,naive1,0.1388,q_h,f311ac885942,4528d5db8258,2026-07-05T00:16:57+00:00,2026-07,00115d2dd0b6,deb0f3fb0961,naive1,live,,
2026-07,1,philippines,F4,DFF,2026-08-01,12134,11779,12489,10046,14222,True,naive1,0.0555,q_h,51a513699466,e9a79d49a609,2026-07-05T00:16:57+00:00,2026-07,00115d2dd0b6,deb0f3fb0961,naive1,live,,
2026-07,2,philippines,F4,DFF,2026-09-01,12134,11779,12489,10046,14222,True,naive1,0.0555,q_h,3781cfe494c7,d8171acfe6aa,2026-07-05T00:16:57+00:00,2026-07,00115d2dd0b6,deb0f3fb0961,naive1,live,,
2026-07,3,philippines,F4,DFF,2026-10-01,12134,11779,12489,10046,14222,True,naive1,0.0555,q_h,c45d1114f314,f47c33992c15,2026-07-05T00:16:57+00:00,2026-07,00115d2dd0b6,deb0f3fb0961,naive1,live,,
2026-07,4,philippines,F4,DFF,2026-11-01,12134,11735,12533,10046,14222,True,naive1,0.0555,q_h,caa72231a5d0,1a6163fa853a,2026-07-05T00:16:57+00:00,2026-07,00115d2dd0b6,deb0f3fb0961,naive1,live,,
2026-07,5,philippines,F4,DFF,2026-12-01,12134,11641,12627,10046,14222,True,naive1,0.0555,q_h,e64f067b14ee,0ec82c9c45fd,2026-07-05T00:16:57+00:00,2026-07,00115d2dd0b6,deb0f3fb0961,naive1,live,,
2026-07,6,philippines,F4,DFF,2027-01-01,12134,11552,12716,9943,14325,True,naive1,0.0555,q_h,7691cb772e61,4a03f736cb9e,2026-07-05T00:16:57+00:00,2026-07,00115d2dd0b6,deb0f3fb0961,naive1,live,,
2026-07,7,philippines,F4,DFF,2027-02-01,12134,11552,12716,9890,14378,True,naive1,0.0555,q_h,207a4a37e231,981a87fae1c9,2026-07-05T00:16:57+00:00,2026-07,00115d2dd0b6,deb0f3fb0961,naive1,live,,
2026-07,8,philippines,F4,DFF,2027-03-01,12134,11552,12716,9890,14378,True,naive1,0.0555,q_h,9c193857fbf1,01c2d305ab26,2026-07-05T00:16:57+00:00,2026-07,00115d2dd0b6,deb0f3fb0961,naive1,live,,
2026-07,9,philippines,F4,DFF,2027-04-01,12134,11305,12963,9890,14378,True,naive1,0.0555,q_h,ed90cf089172,5dcdfeb31f05,2026-07-05T00:16:57+00:00,2026-07,00115d2dd0b6,deb0f3fb0961,naive1,live,,
2026-07,10,philippines,F4,DFF,2027-05-01,12134,11215,13053,9890,14378,True,naive1,0.0555,q_h,ca7a93d85b79,1827232eeaad,2026-07-05T00:16:57+00:00,2026-07,00115d2dd0b6,deb0f3fb0961,naive1,live,,
2026-07,11,philippines,F4,DFF,2027-06-01,12134,11143,13125,9890,14378,True,naive1,0.0555,q_h,414fa400340b,ca6b60d39ede,2026-07-05T00:16:57+00:00,2026-07,00115d2dd0b6,deb0f3fb0961,naive1,live,,
2026-07,12,philippines,F4,DFF,2027-07-01,12134,11001,13267,9890,14378,True,naive1,0.0555,q_h,e44f67d05034,66ee5c5584b4,2026-07-05T00:16:57+00:00,2026-07,00115d2dd0b6,deb0f3fb0961,naive1,live,,
2026-07,1,philippines,F4,FAD,2026-08-01,11900,11686,12114,11686,12114,True,naive1,0.1291,q_h,6e93d85bc84e,692c1104170b,2026-07-05T00:16:57+00:00,2026-07,00115d2dd0b6,deb0f3fb0961,naive1,live,,
2026-07,2,philippines,F4,FAD,2026-09-01,11900,11686,12114,11686,12114,True,naive1,0.1291,q_h,157563611e90,8e3c2f0a06c7,2026-07-05T00:16:57+00:00,2026-07,00115d2dd0b6,deb0f3fb0961,naive1,live,,
2026-07,3,philippines,F4,FAD,2026-10-01,11900,11686,12114,11452,12348,True,naive1,0.1291,q_h,bf02a6eb5acf,613b0fe95f6a,2026-07-05T00:16:57+00:00,2026-07,00115d2dd0b6,deb0f3fb0961,naive1,live,,
2026-07,4,philippines,F4,FAD,2026-11-01,11900,11686,12114,11100,12700,True,naive1,0.1291,q_h,c181881b521a,4cd9c31b0162,2026-07-05T00:16:57+00:00,2026-07,00115d2dd0b6,deb0f3fb0961,naive1,live,,
2026-07,5,philippines,F4,FAD,2026-12-01,11900,11663,12137,11100,12700,True,naive1,0.1291,q_h,410d4af33398,1f96e8375b8e,2026-07-05T00:16:57+00:00,2026-07,00115d2dd0b6,deb0f3fb0961,naive1,live,,
2026-07,6,philippines,F4,FAD,2027-01-01,11900,11627,12173,11061,12739,True,naive1,0.1291,q_h,933ff604538b,5a96baf181cf,2026-07-05T00:16:57+00:00,2026-07,00115d2dd0b6,deb0f3fb0961,naive1,live,,
2026-07,7,philippines,F4,FAD,2027-02-01,11900,11627,12173,10844,12956,True,naive1,0.1291,q_h,dd101a366741,5133bf53706d,2026-07-05T00:16:57+00:00,2026-07,00115d2dd0b6,deb0f3fb0961,naive1,live,,
2026-07,8,philippines,F4,FAD,2027-03-01,11900,11627,12173,10844,12956,True,naive1,0.1291,q_h,68a89dc083d5,7c595cbc7941,2026-07-05T00:16:57+00:00,2026-07,00115d2dd0b6,deb0f3fb0961,naive1,live,,
2026-07,9,philippines,F4,FAD,2027-04-01,11900,11532,12268,10844,12956,True,naive1,0.1291,q_h,e9a8593448cd,986d8123a12c,2026-07-05T00:16:57+00:00,2026-07,00115d2dd0b6,deb0f3fb0961,naive1,live,,
2026-07,10,philippines,F4,FAD,2027-05-01,11900,11532,12268,10844,12956,True,naive1,0.1291,q_h,6cc256598b8b,a467d8f6cedd,2026-07-05T00:16:57+00:00,2026-07,00115d2dd0b6,deb0f3fb0961,naive1,live,,
2026-07,11,philippines,F4,FAD,2027-06-01,11900,11532,12268,10844,12956,True,naive1,0.1291,q_h,912869bdb917,8a517d45464c,2026-07-05T00:16:57+00:00,2026-07,00115d2dd0b6,deb0f3fb0961,naive1,live,,
2026-07,12,philippines,F4,FAD,2027-07-01,11900,11507,12293,10786,13014,True,naive1,0.1291,q_h,2f0a98808969,d17491ef82f1,2026-07-05T00:16:57+00:00,2026-07,00115d2dd0b6,deb0f3fb0961,naive1,live,,
2026-09,1,all_chargeability,EB3,FAD,2026-10-01,18141,17427,18855,17427,18855,True,naive1,0.077,q_h,f1cf5e42265c,ba1d15f56cd5,2026-09-01T03:31:39+00:00,2026-09,07d43c029953,cb5df8fba2b3-dirty,naive1,live,2026-07-5e473ac91f60,local-a73-r2
2026-09,2,all_chargeability,EB3,FAD,2026-11-01,18141,17427,18855,17427,18855,True,naive1,0.077,q_h,8dfd18c9aede,93142313d94f,2026-09-01T03:31:39+00:00,2026-09,07d43c029953,cb5df8fba2b3-dirty,naive1,live,2026-07-5e473ac91f60,local-a73-r2
2026-09,3,all_chargeability,EB3,FAD,2026-12-01,18141,17427,18855,16646,19636,True,naive1,0.077,q_h,6abad2daebea,ce1d2cc95b0b,2026-09-01T03:31:39+00:00,2026-09,07d43c029953,cb5df8fba2b3-dirty,naive1,live,2026-07-5e473ac91f60,local-a73-r2
2026-09,4,all_chargeability,EB3,FAD,2027-01-01,18141,17427,18855,15471,20811,True,naive1,0.077,q_h,03d279bea0d9,73db4b0b3519,2026-09-01T03:31:39+00:00,2026-09,07d43c029953,cb5df8fba2b3-dirty,naive1,live,2026-07-5e473ac91f60,local-a73-r2
2026-09,5,all_chargeability,EB3,FAD,2027-02-01,18141,17351,18931,15471,20811,True,naive1,0.077,q_h,8b9bfef08c94,ab85993cd26f,2026-09-01T03:31:39+00:00,2026-09,07d43c029953,cb5df8fba2b3-dirty,naive1,live,2026-07-5e473ac91f60,local-a73-r2
2026-09,6,all_chargeability,EB3,FAD,2027-03-01,18141,17231,19051,15343,20939,True,naive1,0.077,q_h,15a12d362a41,5693bc9878fe,2026-09-01T03:31:39+00:00,2026-09,07d43c029953,cb5df8fba2b3-dirty,naive1,live,2026-07-5e473ac91f60,local-a73-r2
2026-09,7,all_chargeability,EB3,FAD,2027-04-01,18141,17231,19051,14618,21664,True,naive1,0.077,q_h,6ac947dfb655,fccf86d961ad,2026-09-01T03:31:39+00:00,2026-09,07d43c029953,cb5df8fba2b3-dirty,naive1,live,2026-07-5e473ac91f60,local-a73-r2
2026-09,8,all_chargeability,EB3,FAD,2027-05-01,18141,17231,19051,14616,21666,True,naive1,0.077,q_h,b3a76062f984,a43e63b2aedc,2026-09-01T03:31:39+00:00,2026-09,07d43c029953,cb5df8fba2b3-dirty,naive1,live,2026-07-5e473ac91f60,local-a73-r2
2026-09,9,all_chargeability,EB3,FAD,2027-06-01,18141,16914,19368,14616,21666,True,naive1,0.077,q_h,e079675f3c3a,6b4528f743e9,2026-09-01T03:31:39+00:00,2026-09,07d43c029953,cb5df8fba2b3-dirty,naive1,live,2026-07-5e473ac91f60,local-a73-r2
2026-09,10,all_chargeability,EB3,FAD,2027-07-01,18141,16914,19368,14616,21666,True,naive1,0.077,q_h,dda700a141f9,6c61580ddf0f,2026-09-01T03:31:39+00:00,2026-09,07d43c029953,cb5df8fba2b3-dirty,naive1,live,2026-07-5e473ac91f60,local-a73-r2
2026-09,11,all_chargeability,EB3,FAD,2027-08-01,18141,16914,19368,14616,21666,True,naive1,0.077,q_h,5eecc93bb129,20c733882e7e,2026-09-01T03:31:39+00:00,2026-09,07d43c029953,cb5df8fba2b3-dirty,naive1,live,2026-07-5e473ac91f60,local-a73-r2
2026-09,12,all_chargeability,EB3,FAD,2027-09-01,18141,16829,19453,14425,21857,True,naive1,0.077,q_h,1fdedca55c81,6360a39bd6ca,2026-09-01T03:31:39+00:00,2026-09,07d43c029953,cb5df8fba2b3-dirty,naive1,live,2026-07-5e473ac91f60,local-a73-r2
2026-09,1,all_chargeability,EB3_OW,DFF,2026-10-01,17379,17176,17582,16185,18573,True,naive1,0.0337,q_h,92a0c5e7dd37,39897a348d97,2026-09-01T03:31:39+00:00,2026-09,07d43c029953,cb5df8fba2b3-dirty,naive1,live,2026-07-5e473ac91f60,local-a73-r2
2026-09,2,all_chargeability,EB3_OW,DFF,2026-11-01,17379,17176,17582,16185,18573,True,naive1,0.0337,q_h,d9d71716e2a9,ac334eb3e3ec,2026-09-01T03:31:39+00:00,2026-09,07d43c029953,cb5df8fba2b3-dirty,naive1,live,2026-07-5e473ac91f60,local-a73-r2
2026-09,3,all_chargeability,EB3_OW,DFF,2026-12-01,17379,17176,17582,16185,18573,True,naive1,0.0337,q_h,ff63e9bf4ec6,0961b1b71960,2026-09-01T03:31:39+00:00,2026-09,07d43c029953,cb5df8fba2b3-dirty,naive1,live,2026-07-5e473ac91f60,local-a73-r2
2026-09,4,all_chargeability,EB3_OW,DFF,2027-01-01,17379,17151,17607,16185,18573,True,naive1,0.0337,q_h,dfc2827abe6d,5a358c5e96c3,2026-09-01T03:31:39+00:00,2026-09,07d43c029953,cb5df8fba2b3-dirty,naive1,live,2026-07-5e473ac91f60,local-a73-r2
2026-09,5,all_chargeability,EB3_OW,DFF,2027-02-01,17379,17097,17661,16185,18573,True,naive1,0.0337,q_h,43b046b42666,9133e89d536f,2026-09-01T03:31:39+00:00,2026-09,07d43c029953,cb5df8fba2b3-dirty,naive1,live,2026-07-5e473ac91f60,local-a73-r2
2026-09,6,all_chargeability,EB3_OW,DFF,2027-03-01,17379,17046,17712,16126,18632,True,naive1,0.0337,q_h,91dafc777075,e076d15da1b4,2026-09-01T03:31:39+00:00,2026-09,07d43c029953,cb5df8fba2b3-dirty,naive1,live,2026-07-5e473ac91f60,local-a73-r2
2026-09,7,all_chargeability,EB3_OW,DFF,2027-04-01,17379,17046,17712,16096,18662,True,naive1,0.0337,q_h,a9b5ee8599a8,6e71b5ca8690,2026-09-01T03:31:39+00:00,2026-09,07d43c029953,cb5df8fba2b3-dirty,naive1,live,2026-07-5e473ac91f60,local-a73-r2
2026-09,8,all_chargeability,EB3_OW,DFF,2027-05-01,17379,17046,17712,16096,18662,True,naive1,0.0337,q_h,778bd2bbf193,30b42cc19ace,2026-09-01T03:31:39+00:00,2026-09,07d43c029953,cb5df8fba2b3-dirty,naive1,live,2026-07-5e473ac91f60,local-a73-r2
2026-09,9,all_chargeability,EB3_OW,DFF,2027-06-01,17379,16905,17853,16096,18662,True,naive1,0.0337,q_h,63841151601b,51c14f0db0e0,2026-09-01T03:31:39+00:00,2026-09,07d43c029953,cb5df8fba2b3-dirty,naive1,live,2026-07-5e473ac91f60,local-a73-r2
2026-09,10,all_chargeability,EB3_OW,DFF,2027-07-01,17379,16853,17905,16096,18662,True,naive1,0.0337,q_h,eb6c1ec85fbe,afb39a912024,2026-09-01T03:31:39+00:00,2026-09,07d43c029953,cb5df8fba2b3-dirty,naive1,live,2026-07-5e473ac91f60,local-a73-r2
2026-09,11,all_chargeability,EB3_OW,DFF,2027-08-01,17379,16812,17946,16096,18662,True,naive1,0.0337,q_h,fdb0807f32f6,340ab723b61a,2026-09-01T03:31:39+00:00,2026-09,07d43c029953,cb5df8fba2b3-dirty,naive1,live,2026-07-5e473ac91f60,local-a73-r2
2026-09,12,all_chargeability,EB3_OW,DFF,2027-09-01,17379,16731,18027,16096,18662,True,naive1,0.0337,q_h,3269d2781804,053a838613b9,2026-09-01T03:31:39+00:00,2026-09,07d43c029953,cb5df8fba2b3-dirty,naive1,live,2026-07-5e473ac91f60,local-a73-r2
2026-09,1,all_chargeability,EB3_OW,FAD,2026-10-01,17257,17147,17367,17147,17367,True,naive1,0.0322,q_h,085926eb37f9,263c4ae75010,2026-09-01T03:31:39+00:00,2026-09,07d43c029953,cb5df8fba2b3-dirty,naive1,live,2026-07-5e473ac91f60,local-a73-r2
2026-09,2,all_chargeability,EB3_OW,FAD,2026-11-01,17257,17147,17367,17147,17367,True,naive1,0.0322,q_h,c357855ddc4a,e5e3d03c02fd,2026-09-01T03:31:39+00:00,2026-09,07d43c029953,cb5df8fba2b3-dirty,naive1,live,2026-07-5e473ac91f60,local-a73-r2
2026-09,3,all_chargeability,EB3_OW,FAD,2026-12-01,17257,17147,17367,17027,17487,True,naive1,0.0322,q_h,5df45d8a0def,09ccbb3c92b1,2026-09-01T03:31:39+00:00,2026-09,07d43c029953,cb5df8fba2b3-dirty,naive1,live,2026-07-5e473ac91f60,local-a73-r2
2026-09,4,all_chargeability,EB3_OW,FAD,2027-01-01,17257,17147,17367,16846,17668,True,naive1,0.0322,q_h,4b7937ac9e37,b2da63c72ded,2026-09-01T03:31:39+00:00,2026-09,07d43c029953,cb5df8fba2b3-dirty,naive1,live,2026-07-5e473ac91f60,local-a73-r2
2026-09,5,all_chargeability,EB3_OW,FAD,2027-02-01,17257,17135,17379,16846,17668,True,naive1,0.0322,q_h,8b5244049ffb,e6f52ca3daa5,2026-09-01T03:31:39+00:00,2026-09,07d43c029953,cb5df8fba2b3-dirty,naive1,live,2026-07-5e473ac91f60,local-a73-r2
2026-09,6,all_chargeability,EB3_OW,FAD,2027-03-01,17257,17117,17397,16826,17688,True,naive1,0.0322,q_h,16765e42f358,ff162ea1da06,2026-09-01T03:31:39+00:00,2026-09,07d43c029953,cb5df8fba2b3-dirty,naive1,live,2026-07-5e473ac91f60,local-a73-r2
2026-09,7,all_chargeability,EB3_OW,FAD,2027-04-01,17257,17117,17397,16714,17800,True,naive1,0.0322,q_h,bf0f60763e9b,4f4f6b67e85f,2026-09-01T03:31:39+00:00,2026-09,07d43c029953,cb5df8fba2b3-dirty,naive1,live,2026-07-5e473ac91f60,local-a73-r2
2026-09,8,all_chargeability,EB3_OW,FAD,2027-05-01,17257,17117,17397,16714,17800,True,naive1,0.0322,q_h,71a231da0b05,e2b7585dfaf8,2026-09-01T03:31:39+00:00,2026-09,07d43c029953,cb5df8fba2b3-dirty,naive1,live,2026-07-5e473ac91f60,local-a73-r2
2026-09,9,all_chargeability,EB3_OW,FAD,2027-06-01,17257,17068,17446,16714,17800,True,naive1,0.0322,q_h,723234c56357,88bb07b6f793,2026-09-01T03:31:39+00:00,2026-09,07d43c029953,cb5df8fba2b3-dirty,naive1,live,2026-07-5e473ac91f60,local-a73-r2
2026-09,10,all_chargeability,EB3_OW,FAD,2027-07-01,17257,17068,17446,16714,17800,True,naive1,0.0322,q_h,8e4a78b8fb5b,883833c1f7cf,2026-09-01T03:31:39+00:00,2026-09,07d43c029953,cb5df8fba2b3-dirty,naive1,live,2026-07-5e473ac91f60,local-a73-r2
2026-09,11,all_chargeability,EB3_OW,FAD,2027-08-01,17257,17068,17446,16714,17800,True,naive1,0.0322,q_h,c93f4b9fcc8e,f70a0d720f5d,2026-09-01T03:31:39+00:00,2026-09,07d43c029953,cb5df8fba2b3-dirty,naive1,live,2026-07-5e473ac91f60,local-a73-r2
2026-09,12,all_chargeability,EB3_OW,FAD,2027-09-01,17257,17055,17459,16685,17829,True,naive1,0.0322,q_h,3f4b73706b60,256c7e8987dd,2026-09-01T03:31:39+00:00,2026-09,07d43c029953,cb5df8fba2b3-dirty,naive1,live,2026-07-5e473ac91f60,local-a73-r2
2026-09,1,all_chargeability,EB4,FAD,2026-10-01,17515,16996,18034,16996,18034,True,naive1,0.0784,q_h,f60d12b6caea,34bab2aa3e56,2026-09-01T03:31:39+00:00,2026-09,07d43c029953,cb5df8fba2b3-dirty,naive1,live,2026-07-5e473ac91f60,local-a73-r2
2026-09,2,all_chargeability,EB4,FAD,2026-11-01,17515,16996,18034,16996,18034,True,naive1,0.0784,q_h,6d5a62f65e62,79f9128812e5,2026-09-01T03:31:39+00:00,2026-09,07d43c029953,cb5df8fba2b3-dirty,naive1,live,2026-07-5e473ac91f60,local-a73-r2
2026-09,3,all_chargeability,EB4,FAD,2026-12-01,17515,16996,18034,16429,18601,True,naive1,0.0784,q_h,0c89d37d1e46,7f88f68db170,2026-09-01T03:31:39+00:00,2026-09,07d43c029953,cb5df8fba2b3-dirty,naive1,live,2026-07-5e473ac91f60,local-a73-r2
2026-09,4,all_chargeability,EB4,FAD,2027-01-01,17515,16996,18034,15574,19456,True,naive1,0.0784,q_h,27ff014516ee,3acf5d0708ef,2026-09-01T03:31:39+00:00,2026-09,07d43c029953,cb5df8fba2b3-dirty,naive1,live,2026-07-5e473ac91f60,local-a73-r2
2026-09,5,all_chargeability,EB4,FAD,2027-02-01,17515,16941,18089,15574,19456,True,naive1,0.0784,q_h,d5a1b6a958b6,c5f6be935388,2026-09-01T03:31:39+00:00,2026-09,07d43c029953,cb5df8fba2b3-dirty,naive1,live,2026-07-5e473ac91f60,local-a73-r2
2026-09,6,all_chargeability,EB4,FAD,2027-03-01,17515,16853,18177,15481,19549,True,naive1,0.0784,q_h,12748538fd89,c914ad80e31b,2026-09-01T03:31:39+00:00,2026-09,07d43c029953,cb5df8fba2b3-dirty,naive1,live,2026-07-5e473ac91f60,local-a73-r2
2026-09,7,all_chargeability,EB4,FAD,2027-04-01,17515,16853,18177,14954,20076,True,naive1,0.0784,q_h,d4b94fb858c0,4d6067d766dd,2026-09-01T03:31:39+00:00,2026-09,07d43c029953,cb5df8fba2b3-dirty,naive1,live,2026-07-5e473ac91f60,local-a73-r2
2026-09,8,all_chargeability,EB4,FAD,2027-05-01,17515,16853,18177,14953,20077,True,naive1,0.0784,q_h,9be8b2d0fce6,8bcfb61fef6d,2026-09-01T03:31:39+00:00,2026-09,07d43c029953,cb5df8fba2b3-dirty,naive1,live,2026-07-5e473ac91f60,local-a73-r2
2026-09,9,all_chargeability,EB4,FAD,2027-06-01,17515,16623,18407,14953,20077,True,naive1,0.0784,q_h,ba48fcd1e325,07f94e6f205c,2026-09-01T03:31:39+00:00,2026-09,07d43c029953,cb5df8fba2b3-dirty,naive1,live,2026-07-5e473ac91f60,local-a73-r2
2026-09,10,all_chargeability,EB4,FAD,2027-07-01,17515,16623,18407,14953,20077,True,naive1,0.0784,q_h,8e30571dc0f7,963a4deff42b,2026-09-01T03:31:39+00:00,2026-09,07d43c029953,cb5df8fba2b3-dirty,naive1,live,2026-07-5e473ac91f60,local-a73-r2
2026-09,11,all_chargeability,EB4,FAD,2027-08-01,17515,16623,18407,14953,20077,True,naive1,0.0784,q_h,b3528b12cf40,70ce1c792b3a,2026-09-01T03:31:39+00:00,2026-09,07d43c029953,cb5df8fba2b3-dirty,naive1,live,2026-07-5e473ac91f60,local-a73-r2
2026-09,12,all_chargeability,EB4,FAD,2027-09-01,17515,16561,18469,14814,20216,True,naive1,0.0784,q_h,6e0a3903f11f,af649c9bb375,2026-09-01T03:31:39+00:00,2026-09,07d43c029953,cb5df8fba2b3-dirty,naive1,live,2026-07-5e473ac91f60,local-a73-r2
2026-09,1,all_chargeability,EB4_RW,FAD,2026-10-01,17515,16996,18034,16996,18034,True,naive1,0.104,q_h,858db8ef8b6e,34bab2aa3e56,2026-09-01T03:31:39+00:00,2026-09,07d43c029953,cb5df8fba2b3-dirty,naive1,live,2026-07-5e473ac91f60,local-a73-r2
2026-09,2,all_chargeability,EB4_RW,FAD,2026-11-01,17515,16996,18034,16996,18034,True,naive1,0.104,q_h,d5d13a6a1c23,79f9128812e5,2026-09-01T03:31:39+00:00,2026-09,07d43c029953,cb5df8fba2b3-dirty,naive1,live,2026-07-5e473ac91f60,local-a73-r2
2026-09,3,all_chargeability,EB4_RW,FAD,2026-12-01,17515,16996,18034,16429,18601,True,naive1,0.104,q_h,87e33e3514ef,7f88f68db170,2026-09-01T03:31:39+00:00,2026-09,07d43c029953,cb5df8fba2b3-dirty,naive1,live,2026-07-5e473ac91f60,local-a73-r2
2026-09,4,all_chargeability,EB4_RW,FAD,2027-01-01,17515,16996,18034,15574,19456,True,naive1,0.104,q_h,c33b9e30ee33,3acf5d0708ef,2026-09-01T03:31:39+00:00,2026-09,07d43c029953,cb5df8fba2b3-dirty,naive1,live,2026-07-5e473ac91f60,local-a73-r2
2026-09,5,all_chargeability,EB4_RW,FAD,2027-02-01,17515,16941,18089,15574,19456,True,naive1,0.104,q_h,51003a4e4c7f,c5f6be935388,2026-09-01T03:31:39+00:00,2026-09,07d43c029953,cb5df8fba2b3-dirty,naive1,live,2026-07-5e473ac91f60,local-a73-r2
2026-09,6,all_chargeability,EB4_RW,FAD,2027-03-01,17515,16853,18177,15481,19549,True,naive1,0.104,q_h,7b245bf16069,c914ad80e31b,2026-09-01T03:31:39+00:00,2026-09,07d43c029953,cb5df8fba2b3-dirty,naive1,live,2026-07-5e473ac91f60,local-a73-r2
2026-09,7,all_chargeability,EB4_RW,FAD,2027-04-01,17515,16853,18177,14954,20076,True,naive1,0.104,q_h,fd4f31a153e5,4d6067d766dd,2026-09-01T03:31:39+00:00,2026-09,07d43c029953,cb5df8fba2b3-dirty,naive1,live,2026-07-5e473ac91f60,local-a73-r2
2026-09,8,all_chargeability,EB4_RW,FAD,2027-05-01,17515,16853,18177,14953,20077,True,naive1,0.104,q_h,89d0e061e193,8bcfb61fef6d,2026-09-01T03:31:39+00:00,2026-09,07d43c029953,cb5df8fba2b3-dirty,naive1,live,2026-07-5e473ac91f60,local-a73-r2
2026-09,9,all_chargeability,EB4_RW,FAD,2027-06-01,17515,16623,18407,14953,20077,True,naive1,0.104,q_h,c7b98ce2b7bd,07f94e6f205c,2026-09-01T03:31:39+00:00,2026-09,07d43c029953,cb5df8fba2b3-dirty,naive1,live,2026-07-5e473ac91f60,local-a73-r2
2026-09,10,all_chargeability,EB4_RW,FAD,2027-07-01,17515,16623,18407,14953,20077,True,naive1,0.104,q_h,89ed553715c7,963a4deff42b,2026-09-01T03:31:39+00:00,2026-09,07d43c029953,cb5df8fba2b3-dirty,naive1,live,2026-07-5e473ac91f60,local-a73-r2
2026-09,11,all_chargeability,EB4_RW,FAD,2027-08-01,17515,16623,18407,14953,20077,True,naive1,0.104,q_h,f206b215bf94,70ce1c792b3a,2026-09-01T03:31:39+00:00,2026-09,07d43c029953,cb5df8fba2b3-dirty,naive1,live,2026-07-5e473ac91f60,local-a73-r2
2026-09,12,all_chargeability,EB4_RW,FAD,2027-09-01,17515,16561,18469,14814,20216,True,naive1,0.104,q_h,2e9207777433,af649c9bb375,2026-09-01T03:31:39+00:00,2026-09,07d43c029953,cb5df8fba2b3-dirty,naive1,live,2026-07-5e473ac91f60,local-a73-r2
2026-09,1,all_chargeability,F1,DFF,2026-10-01,16467,16236,16698,15109,17825,True,naive1,0.101,q_h,1635e354127c,3e00320698fd,2026-09-01T03:31:39+00:00,2026-09,07d43c029953,cb5df8fba2b3-dirty,naive1,live,2026-07-5e473ac91f60,local-a73-r2
2026-09,2,all_chargeability,F1,DFF,2026-11-01,16467,16236,16698,15109,17825,True,naive1,0.101,q_h,a78641e8dae0,6f4d32e2415c,2026-09-01T03:31:39+00:00,2026-09,07d43c029953,cb5df8fba2b3-dirty,naive1,live,2026-07-5e473ac91f60,local-a73-r2
2026-09,3,all_chargeability,F1,DFF,2026-12-01,16467,16236,16698,15109,17825,True,naive1,0.101,q_h,fa8932007815,1d15b231b087,2026-09-01T03:31:39+00:00,2026-09,07d43c029953,cb5df8fba2b3-dirty,naive1,live,2026-07-5e473ac91f60,local-a73-r2
2026-09,4,all_chargeability,F1,DFF,2027-01-01,16467,16207,16727,15109,17825,True,naive1,0.101,q_h,efc56331401b,570b7a5196db,2026-09-01T03:31:39+00:00,2026-09,07d43c029953,cb5df8fba2b3-dirty,naive1,live,2026-07-5e473ac91f60,local-a73-r2
2026-09,5,all_chargeability,F1,DFF,2027-02-01,16467,16146,16788,15109,17825,True,naive1,0.101,q_h,8f571cd7d85a,0728ce7ee761,2026-09-01T03:31:39+00:00,2026-09,07d43c029953,cb5df8fba2b3-dirty,naive1,live,2026-07-5e473ac91f60,local-a73-r2
2026-09,6,all_chargeability,F1,DFF,2027-03-01,16467,16089,16845,15041,17893,True,naive1,0.101,q_h,a7b466e5fe88,5344a83d2793,2026-09-01T03:31:39+00:00,2026-09,07d43c029953,cb5df8fba2b3-dirty,naive1,live,2026-07-5e473ac91f60,local-a73-r2
2026-09,7,all_chargeability,F1,DFF,2027-04-01,16467,16089,16845,15007,17927,True,naive1,0.101,q_h,612dee2c99a9,09ffd8862113,2026-09-01T03:31:39+00:00,2026-09,07d43c029953,cb5df8fba2b3-dirty,naive1,live,2026-07-5e473ac91f60,local-a73-r2
2026-09,8,all_chargeability,F1,DFF,2027-05-01,16467,16089,16845,15007,17927,True,naive1,0.101,q_h,c7d75f85d978,6aa37eeef021,2026-09-01T03:31:39+00:00,2026-09,07d43c029953,cb5df8fba2b3-dirty,naive1,live,2026-07-5e473ac91f60,local-a73-r2
2026-09,9,all_chargeability,F1,DFF,2027-06-01,16467,15928,17006,15007,17927,True,naive1,0.101,q_h,e8beb0069883,cfec3bf34742,2026-09-01T03:31:39+00:00,2026-09,07d43c029953,cb5df8fba2b3-dirty,naive1,live,2026-07-5e473ac91f60,local-a73-r2
2026-09,10,all_chargeability,F1,DFF,2027-07-01,16467,15869,17065,15007,17927,True,naive1,0.101,q_h,ffa4bb7da85d,bf3efb443f2a,2026-09-01T03:31:39+00:00,2026-09,07d43c029953,cb5df8fba2b3-dirty,naive1,live,2026-07-5e473ac91f60,local-a73-r2
2026-09,11,all_chargeability,F1,DFF,2027-08-01,16467,15822,17112,15007,17927,True,naive1,0.101,q_h,d924f5136d26,9d9a0848b3cd,2026-09-01T03:31:39+00:00,2026-09,07d43c029953,cb5df8fba2b3-dirty,naive1,live,2026-07-5e473ac91f60,local-a73-r2
2026-09,12,all_chargeability,F1,DFF,2027-09-01,16467,15730,17204,15007,17927,True,naive1,0.101,q_h,82fe952240f8,ee2df105f36d,2026-09-01T03:31:39+00:00,2026-09,07d43c029953,cb5df8fba2b3-dirty,naive1,live,2026-07-5e473ac91f60,local-a73-r2
2026-09,1,all_chargeability,F1,FAD,2026-10-01,16457,16054,16860,16054,16860,True,naive1,0.1845,q_h,76b2303937d8,786e0a2818d4,2026-09-01T03:31:39+00:00,2026-09,07d43c029953,cb5df8fba2b3-dirty,naive1,live,2026-07-5e473ac91f60,local-a73-r2
2026-09,2,all_chargeability,F1,FAD,2026-11-01,16457,16054,16860,16054,16860,True,naive1,0.1845,q_h,5ef7e745f2e6,692ebb469d09,2026-09-01T03:31:39+00:00,2026-09,07d43c029953,cb5df8fba2b3-dirty,naive1,live,2026-07-5e473ac91f60,local-a73-r2
2026-09,3,all_chargeability,F1,FAD,2026-12-01,16457,16054,16860,15613,17301,True,naive1,0.1845,q_h,1cceb10a2b2a,1fde88e34357,2026-09-01T03:31:39+00:00,2026-09,07d43c029953,cb5df8fba2b3-dirty,naive1,live,2026-07-5e473ac91f60,local-a73-r2
2026-09,4,all_chargeability,F1,FAD,2027-01-01,16457,16054,16860,14950,17964,True,naive1,0.1845,q_h,a95820a0fe9e,271893881d70,2026-09-01T03:31:39+00:00,2026-09,07d43c029953,cb5df8fba2b3-dirty,naive1,live,2026-07-5e473ac91f60,local-a73-r2
2026-09,5,all_chargeability,F1,FAD,2027-02-01,16457,16011,16903,14950,17964,True,naive1,0.1845,q_h,2ec7192f8cc6,b1f52d36c338,2026-09-01T03:31:39+00:00,2026-09,07d43c029953,cb5df8fba2b3-dirty,naive1,live,2026-07-5e473ac91f60,local-a73-r2
2026-09,6,all_chargeability,F1,FAD,2027-03-01,16457,15943,16971,14878,18036,True,naive1,0.1845,q_h,0796b5a23b41,c85fc52f331c,2026-09-01T03:31:39+00:00,2026-09,07d43c029953,cb5df8fba2b3-dirty,naive1,live,2026-07-5e473ac91f60,local-a73-r2
2026-09,7,all_chargeability,F1,FAD,2027-04-01,16457,15943,16971,14469,18445,True,naive1,0.1845,q_h,b412430562ac,662373572338,2026-09-01T03:31:39+00:00,2026-09,07d43c029953,cb5df8fba2b3-dirty,naive1,live,2026-07-5e473ac91f60,local-a73-r2
2026-09,8,all_chargeability,F1,FAD,2027-05-01,16457,15943,16971,14467,18447,True,naive1,0.1845,q_h,83daf5878dcd,3c6e9e84c639,2026-09-01T03:31:39+00:00,2026-09,07d43c029953,cb5df8fba2b3-dirty,naive1,live,2026-07-5e473ac91f60,local-a73-r2
2026-09,9,all_chargeability,F1,FAD,2027-06-01,16457,15765,17149,14467,18447,True,naive1,0.1845,q_h,5a7c9b994af6,1989fcc52237,2026-09-01T03:31:39+00:00,2026-09,07d43c029953,cb5df8fba2b3-dirty,naive1,live,2026-07-5e473ac91f60,local-a73-r2
2026-09,10,all_chargeability,F1,FAD,2027-07-01,16457,15765,17149,14467,18447,True,naive1,0.1845,q_h,9c02e87475ba,81c34c200069,2026-09-01T03:31:39+00:00,2026-09,07d43c029953,cb5df8fba2b3-dirty,naive1,live,2026-07-5e473ac91f60,local-a73-r2
2026-09,11,all_chargeability,F1,FAD,2027-08-01,16457,15765,17149,14467,18447,True,naive1,0.1845,q_h,304485f3b7ad,ddc92af5a1b1,2026-09-01T03:31:39+00:00,2026-09,07d43c029953,cb5df8fba2b3-dirty,naive1,live,2026-07-5e473ac91f60,local-a73-r2
2026-09,12,all_chargeability,F1,FAD,2027-09-01,16457,15716,17198,14360,18554,True,naive1,0.1845,q_h,a29ee54bf44f,b6f4ebf40413,2026-09-01T03:31:39+00:00,2026-09,07d43c029953,cb5df8fba2b3-dirty,naive1,live,2026-07-5e473ac91f60,local-a73-r2
2026-09,1,all_chargeability,F2A,FAD,2026-10-01,18861,18294,19428,18294,19428,True,naive1,0.1328,q_h,ef6531c57a6a,aad3e588ae31,2026-09-01T03:31:39+00:00,2026-09,07d43c029953,cb5df8fba2b3-dirty,naive1,live,2026-07-5e473ac91f60,local-a73-r2
2026-09,2,all_chargeability,F2A,FAD,2026-11-01,18861,18294,19428,18294,19428,True,naive1,0.1328,q_h,d14acccaf2df,d3ce3bd86832,2026-09-01T03:31:39+00:00,2026-09,07d43c029953,cb5df8fba2b3-dirty,naive1,live,2026-07-5e473ac91f60,local-a73-r2
2026-09,3,all_chargeability,F2A,FAD,2026-12-01,18861,18294,19428,17674,20048,True,naive1,0.1328,q_h,2f65d4a728c4,2850606c4ac3,2026-09-01T03:31:39+00:00,2026-09,07d43c029953,cb5df8fba2b3-dirty,naive1,live,2026-07-5e473ac91f60,local-a73-r2
2026-09,4,all_chargeability,F2A,FAD,2027-01-01,18861,18294,19428,16741,20981,True,naive1,0.1328,q_h,4fdf1ccdfafb,6af3df23839a,2026-09-01T03:31:39+00:00,2026-09,07d43c029953,cb5df8fba2b3-dirty,naive1,live,2026-07-5e473ac91f60,local-a73-r2
2026-09,5,all_chargeability,F2A,FAD,2027-02-01,18861,18234,19488,16741,20981,True,naive1,0.1328,q_h,36042592e784,e0f037fdbbf9,2026-09-01T03:31:39+00:00,2026-09,07d43c029953,cb5df8fba2b3-dirty,naive1,live,2026-07-5e473ac91f60,local-a73-r2
2026-09,6,all_chargeability,F2A,FAD,2027-03-01,18861,18138,19584,16639,21083,True,naive1,0.1328,q_h,d8c5a58624f2,aa5b984ba48b,2026-09-01T03:31:39+00:00,2026-09,07d43c029953,cb5df8fba2b3-dirty,naive1,live,2026-07-5e473ac91f60,local-a73-r2
2026-09,7,all_chargeability,F2A,FAD,2027-04-01,18861,18138,19584,16063,21659,True,naive1,0.1328,q_h,73f48bf2a5c2,f1c135a1693b,2026-09-01T03:31:39+00:00,2026-09,07d43c029953,cb5df8fba2b3-dirty,naive1,live,2026-07-5e473ac91f60,local-a73-r2
2026-09,8,all_chargeability,F2A,FAD,2027-05-01,18861,18138,19584,16062,21660,True,naive1,0.1328,q_h,97fa163598b9,894d27a50f7b,2026-09-01T03:31:39+00:00,2026-09,07d43c029953,cb5df8fba2b3-dirty,naive1,live,2026-07-5e473ac91f60,local-a73-r2
2026-09,9,all_chargeability,F2A,FAD,2027-06-01,18861,17887,19835,16062,21660,True,naive1,0.1328,q_h,9556d7a9a9ab,23408385440f,2026-09-01T03:31:39+00:00,2026-09,07d43c029953,cb5df8fba2b3-dirty,naive1,live,2026-07-5e473ac91f60,local-a73-r2
2026-09,10,all_chargeability,F2A,FAD,2027-07-01,18861,17887,19835,16062,21660,True,naive1,0.1328,q_h,7e61ddcc9ae6,abae5c58e2c8,2026-09-01T03:31:39+00:00,2026-09,07d43c029953,cb5df8fba2b3-dirty,naive1,live,2026-07-5e473ac91f60,local-a73-r2
2026-09,11,all_chargeability,F2A,FAD,2027-08-01,18861,17887,19835,16062,21660,True,naive1,0.1328,q_h,7e0940a3e10e,c1e64a46b211,2026-09-01T03:31:39+00:00,2026-09,07d43c029953,cb5df8fba2b3-dirty,naive1,live,2026-07-5e473ac91f60,local-a73-r2
2026-09,12,all_chargeability,F2A,FAD,2027-09-01,18861,17819,19903,15910,21812,True,naive1,0.1328,q_h,1d562e17d22a,719aeb3cd4ab,2026-09-01T03:31:39+00:00,2026-09,07d43c029953,cb5df8fba2b3-dirty,naive1,live,2026-07-5e473ac91f60,local-a73-r2
2026-09,1,all_chargeability,F2B,DFF,2026-10-01,16314,16071,16557,14885,17743,True,naive1,0.1447,q_h,fb9111c230f2,03d7b36c9e25,2026-09-01T03:31:39+00:00,2026-09,07d43c029953,cb5df8fba2b3-dirty,naive1,live,2026-07-5e473ac91f60,local-a73-r2
2026-09,2,all_chargeability,F2B,DFF,2026-11-01,16314,16071,16557,14885,17743,True,naive1,0.1447,q_h,4b378f7ee69b,e75833057080,2026-09-01T03:31:39+00:00,2026-09,07d43c029953,cb5df8fba2b3-dirty,naive1,live,2026-07-5e473ac91f60,local-a73-r2
2026-09,3,all_chargeability,F2B,DFF,2026-12-01,16314,16071,16557,14885,17743,True,naive1,0.1447,q_h,dce97d5d5482,e016d61f2d07,2026-09-01T03:31:39+00:00,2026-09,07d43c029953,cb5df8fba2b3-dirty,naive1,live,2026-07-5e473ac91f60,local-a73-r2
2026-09,4,all_chargeability,F2B,DFF,2027-01-01,16314,16041,16587,14885,17743,True,naive1,0.1447,q_h,b1f3865c5f91,d8e025816ce7,2026-09-01T03:31:39+00:00,2026-09,07d43c029953,cb5df8fba2b3-dirty,naive1,live,2026-07-5e473ac91f60,local-a73-r2
2026-09,5,all_chargeability,F2B,DFF,2027-02-01,16314,15977,16651,14885,17743,True,naive1,0.1447,q_h,4b848a76860b,e59af6074eb0,2026-09-01T03:31:39+00:00,2026-09,07d43c029953,cb5df8fba2b3-dirty,naive1,live,2026-07-5e473ac91f60,local-a73-r2
2026-09,6,all_chargeability,F2B,DFF,2027-03-01,16314,15916,16712,14814,17814,True,naive1,0.1447,q_h,40ee654d7af4,3bb7bfd557bd,2026-09-01T03:31:39+00:00,2026-09,07d43c029953,cb5df8fba2b3-dirty,naive1,live,2026-07-5e473ac91f60,local-a73-r2
2026-09,7,all_chargeability,F2B,DFF,2027-04-01,16314,15916,16712,14778,17850,True,naive1,0.1447,q_h,c80757184979,4000cdb3e6cc,2026-09-01T03:31:39+00:00,2026-09,07d43c029953,cb5df8fba2b3-dirty,naive1,live,2026-07-5e473ac91f60,local-a73-r2
2026-09,8,all_chargeability,F2B,DFF,2027-05-01,16314,15916,16712,14778,17850,True,naive1,0.1447,q_h,9291f5b56ba3,53ae0b06bacf,2026-09-01T03:31:39+00:00,2026-09,07d43c029953,cb5df8fba2b3-dirty,naive1,live,2026-07-5e473ac91f60,local-a73-r2
2026-09,9,all_chargeability,F2B,DFF,2027-06-01,16314,15747,16881,14778,17850,True,naive1,0.1447,q_h,7277168cca9d,039b31ed940b,2026-09-01T03:31:39+00:00,2026-09,07d43c029953,cb5df8fba2b3-dirty,naive1,live,2026-07-5e473ac91f60,local-a73-r2
2026-09,10,all_chargeability,F2B,DFF,2027-07-01,16314,15685,16943,14778,17850,True,naive1,0.1447,q_h,5cd2de7b3b01,592ef3c3f534,2026-09-01T03:31:39+00:00,2026-09,07d43c029953,cb5df8fba2b3-dirty,naive1,live,2026-07-5e473ac91f60,local-a73-r2
2026-09,11,all_chargeability,F2B,DFF,2027-08-01,16314,15636,16992,14778,17850,True,naive1,0.1447,q_h,2f09021186c3,2e6066f91901,2026-09-01T03:31:39+00:00,2026-09,07d43c029953,cb5df8fba2b3-dirty,naive1,live,2026-07-5e473ac91f60,local-a73-r2
2026-09,12,all_chargeability,F2B,DFF,2027-09-01,16314,15539,17089,14778,17850,True,naive1,0.1447,q_h,860e07036e76,e4e23f2d9ffc,2026-09-01T03:31:39+00:00,2026-09,07d43c029953,cb5df8fba2b3-dirty,naive1,live,2026-07-5e473ac91f60,local-a73-r2
2026-09,1,all_chargeability,F2B,FAD,2026-10-01,16304,15706,16902,15706,16902,True,naive1,0.1248,q_h,7bc5e7dd66d7,cce6f871a5dc,2026-09-01T03:31:39+00:00,2026-09,07d43c029953,cb5df8fba2b3-dirty,naive1,live,2026-07-5e473ac91f60,local-a73-r2
2026-09,2,all_chargeability,F2B,FAD,2026-11-01,16304,15706,16902,15706,16902,True,naive1,0.1248,q_h,2117c74156a5,eb18c24a6c96,2026-09-01T03:31:39+00:00,2026-09,07d43c029953,cb5df8fba2b3-dirty,naive1,live,2026-07-5e473ac91f60,local-a73-r2
2026-09,3,all_chargeability,F2B,FAD,2026-12-01,16304,15706,16902,15052,17556,True,naive1,0.1248,q_h,1e655947409a,5f0cbec8e067,2026-09-01T03:31:39+00:00,2026-09,07d43c029953,cb5df8fba2b3-dirty,naive1,live,2026-07-5e473ac91f60,local-a73-r2
2026-09,4,all_chargeability,F2B,FAD,2027-01-01,16304,15706,16902,14068,18540,True,naive1,0.1248,q_h,7ed53b94930a,6f70353fce7f,2026-09-01T03:31:39+00:00,2026-09,07d43c029953,cb5df8fba2b3-dirty,naive1,live,2026-07-5e473ac91f60,local-a73-r2
2026-09,5,all_chargeability,F2B,FAD,2027-02-01,16304,15642,16966,14068,18540,True,naive1,0.1248,q_h,5281da486900,128271498ef1,2026-09-01T03:31:39+00:00,2026-09,07d43c029953,cb5df8fba2b3-dirty,naive1,live,2026-07-5e473ac91f60,local-a73-r2
2026-09,6,all_chargeability,F2B,FAD,2027-03-01,16304,15542,17066,13960,18648,True,naive1,0.1248,q_h,aa9c049a7e96,97028e86272d,2026-09-01T03:31:39+00:00,2026-09,07d43c029953,cb5df8fba2b3-dirty,naive1,live,2026-07-5e473ac91f60,local-a73-r2
2026-09,7,all_chargeability,F2B,FAD,2027-04-01,16304,15542,17066,13353,19255,True,naive1,0.1248,q_h,80fa375a3859,2acf71862262,2026-09-01T03:31:39+00:00,2026-09,07d43c029953,cb5df8fba2b3-dirty,naive1,live,2026-07-5e473ac91f60,local-a73-r2
2026-09,8,all_chargeability,F2B,FAD,2027-05-01,16304,15542,17066,13352,19256,True,naive1,0.1248,q_h,48ed50a99625,aad4ce851711,2026-09-01T03:31:39+00:00,2026-09,07d43c029953,cb5df8fba2b3-dirty,naive1,live,2026-07-5e473ac91f60,local-a73-r2
2026-09,9,all_chargeability,F2B,FAD,2027-06-01,16304,15277,17331,13352,19256,True,naive1,0.1248,q_h,dfa73d3b478f,0ae8f056d397,2026-09-01T03:31:39+00:00,2026-09,07d43c029953,cb5df8fba2b3-dirty,naive1,live,2026-07-5e473ac91f60,local-a73-r2
2026-09,10,all_chargeability,F2B,FAD,2027-07-01,16304,15277,17331,13352,19256,True,naive1,0.1248,q_h,db2191af4a47,e8d0581cc5c3,2026-09-01T03:31:39+00:00,2026-09,07d43c029953,cb5df8fba2b3-dirty,naive1,live,2026-07-5e473ac91f60,local-a73-r2
2026-09,11,all_chargeability,F2B,FAD,2027-08-01,16304,15277,17331,13352,19256,True,naive1,0.1248,q_h,5cd2c883c7da,0d719717a550,2026-09-01T03:31:39+00:00,2026-09,07d43c029953,cb5df8fba2b3-dirty,naive1,live,2026-07-5e473ac91f60,local-a73-r2
2026-09,12,all_chargeability,F2B,FAD,2027-09-01,16304,15205,17403,13192,19416,True,naive1,0.1248,q_h,70538c141659,91e9609c8bbb,2026-09-01T03:31:39+00:00,2026-09,07d43c029953,cb5df8fba2b3-dirty,naive1,live,2026-07-5e473ac91f60,local-a73-r2
2026-09,1,all_chargeability,F3,DFF,2026-10-01,14549,13939,15159,10962,18136,True,naive1,0.2604,q_h,d0438749729e,4c7a7c9ccf66,2026-09-01T03:31:39+00:00,2026-09,07d43c029953,cb5df8fba2b3-dirty,naive1,live,2026-07-5e473ac91f60,local-a73-r2
2026-09,2,all_chargeability,F3,DFF,2026-11-01,14549,13939,15159,10962,18136,True,naive1,0.2604,q_h,fb7f9469b229,7eb8db1b97c6,2026-09-01T03:31:39+00:00,2026-09,07d43c029953,cb5df8fba2b3-dirty,naive1,live,2026-07-5e473ac91f60,local-a73-r2
2026-09,3,all_chargeability,F3,DFF,2026-12-01,14549,13939,15159,10962,18136,True,naive1,0.2604,q_h,4b7a239421ad,5ecb5a3036f4,2026-09-01T03:31:39+00:00,2026-09,07d43c029953,cb5df8fba2b3-dirty,naive1,live,2026-07-5e473ac91f60,local-a73-r2
2026-09,4,all_chargeability,F3,DFF,2027-01-01,14549,13863,15235,10962,18136,True,naive1,0.2604,q_h,490616a2b495,71b53a61fc68,2026-09-01T03:31:39+00:00,2026-09,07d43c029953,cb5df8fba2b3-dirty,naive1,live,2026-07-5e473ac91f60,local-a73-r2
2026-09,5,all_chargeability,F3,DFF,2027-02-01,14549,13703,15395,10962,18136,True,naive1,0.2604,q_h,9629f47836f7,f13e4a421aba,2026-09-01T03:31:39+00:00,2026-09,07d43c029953,cb5df8fba2b3-dirty,naive1,live,2026-07-5e473ac91f60,local-a73-r2
2026-09,6,all_chargeability,F3,DFF,2027-03-01,14549,13550,15548,10784,18314,True,naive1,0.2604,q_h,2cbbf8894e62,427b30884191,2026-09-01T03:31:39+00:00,2026-09,07d43c029953,cb5df8fba2b3-dirty,naive1,live,2026-07-5e473ac91f60,local-a73-r2
2026-09,7,all_chargeability,F3,DFF,2027-04-01,14549,13550,15548,10694,18404,True,naive1,0.2604,q_h,e6d26963e4b6,04646dc7a522,2026-09-01T03:31:39+00:00,2026-09,07d43c029953,cb5df8fba2b3-dirty,naive1,live,2026-07-5e473ac91f60,local-a73-r2
2026-09,8,all_chargeability,F3,DFF,2027-05-01,14549,13550,15548,10694,18404,True,naive1,0.2604,q_h,6556b29aecd9,3963d1255eed,2026-09-01T03:31:39+00:00,2026-09,07d43c029953,cb5df8fba2b3-dirty,naive1,live,2026-07-5e473ac91f60,local-a73-r2
2026-09,9,all_chargeability,F3,DFF,2027-06-01,14549,13125,15973,10694,18404,True,naive1,0.2604,q_h,1856a83dd3bb,db7bd05b5ce7,2026-09-01T03:31:39+00:00,2026-09,07d43c029953,cb5df8fba2b3-dirty,naive1,live,2026-07-5e473ac91f60,local-a73-r2
2026-09,10,all_chargeability,F3,DFF,2027-07-01,14549,12969,16129,10694,18404,True,naive1,0.2604,q_h,63cb0dcc6b0c,db08e5f4b94b,2026-09-01T03:31:39+00:00,2026-09,07d43c029953,cb5df8fba2b3-dirty,naive1,live,2026-07-5e473ac91f60,local-a73-r2
2026-09,11,all_chargeability,F3,DFF,2027-08-01,14549,12847,16251,10694,18404,True,naive1,0.2604,q_h,a3f57d29024b,970cfad4364c,2026-09-01T03:31:39+00:00,2026-09,07d43c029953,cb5df8fba2b3-dirty,naive1,live,2026-07-5e473ac91f60,local-a73-r2
2026-09,12,all_chargeability,F3,DFF,2027-09-01,14549,12603,16495,10694,18404,True,naive1,0.2604,q_h,71b5cc37445a,2b65862d15db,2026-09-01T03:31:39+00:00,2026-09,07d43c029953,cb5df8fba2b3-dirty,naive1,live,2026-07-5e473ac91f60,local-a73-r2
2026-09,1,all_chargeability,F3,FAD,2026-10-01,14539,13649,15429,13649,15429,True,naive1,0.2905,q_h,fdd73cda2c11,2622b156ca48,2026-09-01T03:31:39+00:00,2026-09,07d43c029953,cb5df8fba2b3-dirty,naive1,live,2026-07-5e473ac91f60,local-a73-r2
2026-09,2,all_chargeability,F3,FAD,2026-11-01,14539,13649,15429,13649,15429,True,naive1,0.2905,q_h,9aa1016862d3,c1af940ebea0,2026-09-01T03:31:39+00:00,2026-09,07d43c029953,cb5df8fba2b3-dirty,naive1,live,2026-07-5e473ac91f60,local-a73-r2
2026-09,3,all_chargeability,F3,FAD,2026-12-01,14539,13649,15429,12676,16402,True,naive1,0.2905,q_h,c2f2fa81ff71,0a2f24e75e2c,2026-09-01T03:31:39+00:00,2026-09,07d43c029953,cb5df8fba2b3-dirty,naive1,live,2026-07-5e473ac91f60,local-a73-r2
2026-09,4,all_chargeability,F3,FAD,2027-01-01,14539,13649,15429,11211,17867,True,naive1,0.2905,q_h,a61fe3eff580,975f8b273fc2,2026-09-01T03:31:39+00:00,2026-09,07d43c029953,cb5df8fba2b3-dirty,naive1,live,2026-07-5e473ac91f60,local-a73-r2
2026-09,5,all_chargeability,F3,FAD,2027-02-01,14539,13554,15524,11211,17867,True,naive1,0.2905,q_h,b5102dc66f5e,15af105bd6fb,2026-09-01T03:31:39+00:00,2026-09,07d43c029953,cb5df8fba2b3-dirty,naive1,live,2026-07-5e473ac91f60,local-a73-r2
2026-09,6,all_chargeability,F3,FAD,2027-03-01,14539,13404,15674,11051,18027,True,naive1,0.2905,q_h,df8611720d89,1221e770c954,2026-09-01T03:31:39+00:00,2026-09,07d43c029953,cb5df8fba2b3-dirty,naive1,live,2026-07-5e473ac91f60,local-a73-r2
2026-09,7,all_chargeability,F3,FAD,2027-04-01,14539,13404,15674,10148,18930,True,naive1,0.2905,q_h,360749ee442e,6e88d53f8c70,2026-09-01T03:31:39+00:00,2026-09,07d43c029953,cb5df8fba2b3-dirty,naive1,live,2026-07-5e473ac91f60,local-a73-r2
2026-09,8,all_chargeability,F3,FAD,2027-05-01,14539,13404,15674,10145,18933,True,naive1,0.2905,q_h,41874fe9aa97,995bf388716b,2026-09-01T03:31:39+00:00,2026-09,07d43c029953,cb5df8fba2b3-dirty,naive1,live,2026-07-5e473ac91f60,local-a73-r2
2026-09,9,all_chargeability,F3,FAD,2027-06-01,14539,13010,16068,10145,18933,True,naive1,0.2905,q_h,202c1eca416b,9c85ef167807,2026-09-01T03:31:39+00:00,2026-09,07d43c029953,cb5df8fba2b3-dirty,naive1,live,2026-07-5e473ac91f60,local-a73-r2
2026-09,10,all_chargeability,F3,FAD,2027-07-01,14539,13010,16068,10145,18933,True,naive1,0.2905,q_h,256c698bd2f3,dba6f054353b,2026-09-01T03:31:39+00:00,2026-09,07d43c029953,cb5df8fba2b3-dirty,naive1,live,2026-07-5e473ac91f60,local-a73-r2
2026-09,11,all_chargeability,F3,FAD,2027-08-01,14539,13010,16068,10145,18933,True,naive1,0.2905,q_h,59e49646c180,0e5aa1eda62a,2026-09-01T03:31:39+00:00,2026-09,07d43c029953,cb5df8fba2b3-dirty,naive1,live,2026-07-5e473ac91f60,local-a73-r2
2026-09,12,all_chargeability,F3,FAD,2027-09-01,14539,12903,16175,9908,19170,True,naive1,0.2905,q_h,3f87654f2571,02be22a95384,2026-09-01T03:31:39+00:00,2026-09,07d43c029953,cb5df8fba2b3-dirty,naive1,live,2026-07-5e473ac91f60,local-a73-r2
2026-09,1,all_chargeability,F4,DFF,2026-10-01,13453,12956,13950,10530,16376,True,naive1,0.3157,q_h,5e3ed5d8bcfe,32dce1fdd38d,2026-09-01T03:31:39+00:00,2026-09,07d43c029953,cb5df8fba2b3-dirty,naive1,live,2026-07-5e473ac91f60,local-a73-r2
2026-09,2,all_chargeability,F4,DFF,2026-11-01,13453,12956,13950,10530,16376,True,naive1,0.3157,q_h,85fb24768db4,e85e22080208,2026-09-01T03:31:39+00:00,2026-09,07d43c029953,cb5df8fba2b3-dirty,naive1,live,2026-07-5e473ac91f60,local-a73-r2
2026-09,3,all_chargeability,F4,DFF,2026-12-01,13453,12956,13950,10530,16376,True,naive1,0.3157,q_h,cf8f090178e8,6c8a72eba475,2026-09-01T03:31:39+00:00,2026-09,07d43c029953,cb5df8fba2b3-dirty,naive1,live,2026-07-5e473ac91f60,local-a73-r2
2026-09,4,all_chargeability,F4,DFF,2027-01-01,13453,12894,14012,10530,16376,True,naive1,0.3157,q_h,8482a8cbe2fe,8f9be03747a9,2026-09-01T03:31:39+00:00,2026-09,07d43c029953,cb5df8fba2b3-dirty,naive1,live,2026-07-5e473ac91f60,local-a73-r2
2026-09,5,all_chargeability,F4,DFF,2027-02-01,13453,12763,14143,10530,16376,True,naive1,0.3157,q_h,1b86f4f9bf82,92ae52328b68,2026-09-01T03:31:39+00:00,2026-09,07d43c029953,cb5df8fba2b3-dirty,naive1,live,2026-07-5e473ac91f60,local-a73-r2
2026-09,6,all_chargeability,F4,DFF,2027-03-01,13453,12639,14267,10386,16520,True,naive1,0.3157,q_h,ad899db6ade2,1e62ba11868b,2026-09-01T03:31:39+00:00,2026-09,07d43c029953,cb5df8fba2b3-dirty,naive1,live,2026-07-5e473ac91f60,local-a73-r2
2026-09,7,all_chargeability,F4,DFF,2027-04-01,13453,12639,14267,10312,16594,True,naive1,0.3157,q_h,819a33c924d5,04d4f47809a3,2026-09-01T03:31:39+00:00,2026-09,07d43c029953,cb5df8fba2b3-dirty,naive1,live,2026-07-5e473ac91f60,local-a73-r2
2026-09,8,all_chargeability,F4,DFF,2027-05-01,13453,12639,14267,10312,16594,True,naive1,0.3157,q_h,cfce7328e084,923188f0b97b,2026-09-01T03:31:39+00:00,2026-09,07d43c029953,cb5df8fba2b3-dirty,naive1,live,2026-07-5e473ac91f60,local-a73-r2
2026-09,9,all_chargeability,F4,DFF,2027-06-01,13453,12293,14613,10312,16594,True,naive1,0.3157,q_h,ee3e801dc211,2a761a0ed345,2026-09-01T03:31:39+00:00,2026-09,07d43c029953,cb5df8fba2b3-dirty,naive1,live,2026-07-5e473ac91f60,local-a73-r2
2026-09,10,all_chargeability,F4,DFF,2027-07-01,13453,12166,14740,10312,16594,True,naive1,0.3157,q_h,8b99c61aad35,33626cfa1a96,2026-09-01T03:31:39+00:00,2026-09,07d43c029953,cb5df8fba2b3-dirty,naive1,live,2026-07-5e473ac91f60,local-a73-r2
2026-09,11,all_chargeability,F4,DFF,2027-08-01,13453,12066,14840,10312,16594,True,naive1,0.3157,q_h,90c9214cb237,e5b4648e66eb,2026-09-01T03:31:39+00:00,2026-09,07d43c029953,cb5df8fba2b3-dirty,naive1,live,2026-07-5e473ac91f60,local-a73-r2
2026-09,12,all_chargeability,F4,DFF,2027-09-01,13453,11867,15039,10312,16594,True,naive1,0.3157,q_h,4dc5ff2b3b88,d6c11413d67f,2026-09-01T03:31:39+00:00,2026-09,07d43c029953,cb5df8fba2b3-dirty,naive1,live,2026-07-5e473ac91f60,local-a73-r2
2026-09,1,all_chargeability,F4,FAD,2026-10-01,13443,12662,14224,12662,14224,True,naive1,0.1933,q_h,bc997eba4444,99fd2c708c14,2026-09-01T03:31:39+00:00,2026-09,07d43c029953,cb5df8fba2b3-dirty,naive1,live,2026-07-5e473ac91f60,local-a73-r2
2026-09,2,all_chargeability,F4,FAD,2026-11-01,13443,12662,14224,12662,14224,True,naive1,0.1933,q_h,c898e852cc72,b82a2a9ed432,2026-09-01T03:31:39+00:00,2026-09,07d43c029953,cb5df8fba2b3-dirty,naive1,live,2026-07-5e473ac91f60,local-a73-r2
2026-09,3,all_chargeability,F4,FAD,2026-12-01,13443,12662,14224,11808,15078,True,naive1,0.1933,q_h,90e2a5de6bb5,936e52374725,2026-09-01T03:31:39+00:00,2026-09,07d43c029953,cb5df8fba2b3-dirty,naive1,live,2026-07-5e473ac91f60,local-a73-r2
2026-09,4,all_chargeability,F4,FAD,2027-01-01,13443,12662,14224,10522,16364,True,naive1,0.1933,q_h,f30b04b5c65b,e632bf2e16e5,2026-09-01T03:31:39+00:00,2026-09,07d43c029953,cb5df8fba2b3-dirty,naive1,live,2026-07-5e473ac91f60,local-a73-r2
2026-09,5,all_chargeability,F4,FAD,2027-02-01,13443,12579,14307,10522,16364,True,naive1,0.1933,q_h,ccb9150fb2b9,9e6309997f17,2026-09-01T03:31:39+00:00,2026-09,07d43c029953,cb5df8fba2b3-dirty,naive1,live,2026-07-5e473ac91f60,local-a73-r2
2026-09,6,all_chargeability,F4,FAD,2027-03-01,13443,12447,14439,10382,16504,True,naive1,0.1933,q_h,c39b630fb1ca,1784b107598f,2026-09-01T03:31:39+00:00,2026-09,07d43c029953,cb5df8fba2b3-dirty,naive1,live,2026-07-5e473ac91f60,local-a73-r2
2026-09,7,all_chargeability,F4,FAD,2027-04-01,13443,12447,14439,9590,17296,True,naive1,0.1933,q_h,5255f61017f8,c81b3570e767,2026-09-01T03:31:39+00:00,2026-09,07d43c029953,cb5df8fba2b3-dirty,naive1,live,2026-07-5e473ac91f60,local-a73-r2
2026-09,8,all_chargeability,F4,FAD,2027-05-01,13443,12447,14439,9587,17299,True,naive1,0.1933,q_h,430977e70bef,3bdac972c498,2026-09-01T03:31:39+00:00,2026-09,07d43c029953,cb5df8fba2b3-dirty,naive1,live,2026-07-5e473ac91f60,local-a73-r2
2026-09,9,all_chargeability,F4,FAD,2027-06-01,13443,12101,14785,9587,17299,True,naive1,0.1933,q_h,842cd14d10e2,053c1ebf995f,2026-09-01T03:31:39+00:00,2026-09,07d43c029953,cb5df8fba2b3-dirty,naive1,live,2026-07-5e473ac91f60,local-a73-r2
2026-09,10,all_chargeability,F4,FAD,2027-07-01,13443,12101,14785,9587,17299,True,naive1,0.1933,q_h,86002e3a1b8d,12c134556e87,2026-09-01T03:31:39+00:00,2026-09,07d43c029953,cb5df8fba2b3-dirty,naive1,live,2026-07-5e473ac91f60,local-a73-r2
2026-09,11,all_chargeability,F4,FAD,2027-08-01,13443,12101,14785,9587,17299,True,naive1,0.1933,q_h,30865d39a7ba,50ee69dace6c,2026-09-01T03:31:39+00:00,2026-09,07d43c029953,cb5df8fba2b3-dirty,naive1,live,2026-07-5e473ac91f60,local-a73-r2
2026-09,12,all_chargeability,F4,FAD,2027-09-01,13443,12007,14879,9379,17507,True,naive1,0.1933,q_h,ad7a67f70b93,b6fb6a0912ef,2026-09-01T03:31:39+00:00,2026-09,07d43c029953,cb5df8fba2b3-dirty,naive1,live,2026-07-5e473ac91f60,local-a73-r2
2026-09,1,china,EB1,DFF,2026-10-01,17866,17732,18000,17078,18654,True,naive1,0.0233,q_h,055285671954,96b3d7c293c4,2026-09-01T03:31:39+00:00,2026-09,07d43c029953,cb5df8fba2b3-dirty,naive1,live,2026-07-5e473ac91f60,local-a73-r2
2026-09,2,china,EB1,DFF,2026-11-01,17866,17732,18000,17078,18654,True,naive1,0.0233,q_h,1d09d6316827,f41070354f8e,2026-09-01T03:31:39+00:00,2026-09,07d43c029953,cb5df8fba2b3-dirty,naive1,live,2026-07-5e473ac91f60,local-a73-r2
2026-09,3,china,EB1,DFF,2026-12-01,17866,17732,18000,17078,18654,True,naive1,0.0233,q_h,783333ead979,774ba126bda8,2026-09-01T03:31:39+00:00,2026-09,07d43c029953,cb5df8fba2b3-dirty,naive1,live,2026-07-5e473ac91f60,local-a73-r2
2026-09,4,china,EB1,DFF,2027-01-01,17866,17715,18017,17078,18654,True,naive1,0.0233,q_h,377c9ce82ad4,42d3cf89b541,2026-09-01T03:31:39+00:00,2026-09,07d43c029953,cb5df8fba2b3-dirty,naive1,live,2026-07-5e473ac91f60,local-a73-r2
2026-09,5,china,EB1,DFF,2027-02-01,17866,17680,18052,17078,18654,True,naive1,0.0233,q_h,2823af57d8bc,12d86eee3d8a,2026-09-01T03:31:39+00:00,2026-09,07d43c029953,cb5df8fba2b3-dirty,naive1,live,2026-07-5e473ac91f60,local-a73-r2
2026-09,6,china,EB1,DFF,2027-03-01,17866,17646,18086,17039,18693,True,naive1,0.0233,q_h,dca4947462d6,fde626ac6e21,2026-09-01T03:31:39+00:00,2026-09,07d43c029953,cb5df8fba2b3-dirty,naive1,live,2026-07-5e473ac91f60,local-a73-r2
2026-09,7,china,EB1,DFF,2027-04-01,17866,17646,18086,17019,18713,True,naive1,0.0233,q_h,2e1792b7fbb6,795b68e461b8,2026-09-01T03:31:39+00:00,2026-09,07d43c029953,cb5df8fba2b3-dirty,naive1,live,2026-07-5e473ac91f60,local-a73-r2
2026-09,8,china,EB1,DFF,2027-05-01,17866,17646,18086,17019,18713,True,naive1,0.0233,q_h,1bf8dba9b289,53e6e413f76a,2026-09-01T03:31:39+00:00,2026-09,07d43c029953,cb5df8fba2b3-dirty,naive1,live,2026-07-5e473ac91f60,local-a73-r2
2026-09,9,china,EB1,DFF,2027-06-01,17866,17553,18179,17019,18713,True,naive1,0.0233,q_h,2e5577973db8,3514631a4abb,2026-09-01T03:31:39+00:00,2026-09,07d43c029953,cb5df8fba2b3-dirty,naive1,live,2026-07-5e473ac91f60,local-a73-r2
2026-09,10,china,EB1,DFF,2027-07-01,17866,17519,18213,17019,18713,True,naive1,0.0233,q_h,a5e0f63483c4,859b7b409c16,2026-09-01T03:31:39+00:00,2026-09,07d43c029953,cb5df8fba2b3-dirty,naive1,live,2026-07-5e473ac91f60,local-a73-r2
2026-09,11,china,EB1,DFF,2027-08-01,17866,17492,18240,17019,18713,True,naive1,0.0233,q_h,d0b825d901e6,01d813014071,2026-09-01T03:31:39+00:00,2026-09,07d43c029953,cb5df8fba2b3-dirty,naive1,live,2026-07-5e473ac91f60,local-a73-r2
2026-09,12,china,EB1,DFF,2027-09-01,17866,17438,18294,17019,18713,True,naive1,0.0233,q_h,9037f6bc2488,5fe7ee4dc625,2026-09-01T03:31:39+00:00,2026-09,07d43c029953,cb5df8fba2b3-dirty,naive1,live,2026-07-5e473ac91f60,local-a73-r2
2026-09,1,china,EB1,FAD,2026-10-01,17713,17652,17774,17652,17774,True,naive1,0.009,q_h,f98d66f65254,caaa53f0adea,2026-09-01T03:31:39+00:00,2026-09,07d43c029953,cb5df8fba2b3-dirty,naive1,live,2026-07-5e473ac91f60,local-a73-r2
2026-09,2,china,EB1,FAD,2026-11-01,17713,17652,17774,17652,17774,True,naive1,0.009,q_h,009f2d4a1ac2,21456fa9e8df,2026-09-01T03:31:39+00:00,2026-09,07d43c029953,cb5df8fba2b3-dirty,naive1,live,2026-07-5e473ac91f60,local-a73-r2
2026-09,3,china,EB1,FAD,2026-12-01,17713,17652,17774,17585,17841,True,naive1,0.009,q_h,ae0c481c7357,f57e5feb1aa3,2026-09-01T03:31:39+00:00,2026-09,07d43c029953,cb5df8fba2b3-dirty,naive1,live,2026-07-5e473ac91f60,local-a73-r2
2026-09,4,china,EB1,FAD,2027-01-01,17713,17652,17774,17485,17941,True,naive1,0.009,q_h,241908d9fbbd,def8d2f51091,2026-09-01T03:31:39+00:00,2026-09,07d43c029953,cb5df8fba2b3-dirty,naive1,live,2026-07-5e473ac91f60,local-a73-r2
2026-09,5,china,EB1,FAD,2027-02-01,17713,17646,17780,17485,17941,True,naive1,0.009,q_h,67800f3fba78,2917d711c882,2026-09-01T03:31:39+00:00,2026-09,07d43c029953,cb5df8fba2b3-dirty,naive1,live,2026-07-5e473ac91f60,local-a73-r2
2026-09,6,china,EB1,FAD,2027-03-01,17713,17635,17791,17474,17952,True,naive1,0.009,q_h,a8d6c269b6e1,7d08e17ae87c,2026-09-01T03:31:39+00:00,2026-09,07d43c029953,cb5df8fba2b3-dirty,naive1,live,2026-07-5e473ac91f60,local-a73-r2
2026-09,7,china,EB1,FAD,2027-04-01,17713,17635,17791,17412,18014,True,naive1,0.009,q_h,6b9829413d54,6d99b092ff62,2026-09-01T03:31:39+00:00,2026-09,07d43c029953,cb5df8fba2b3-dirty,naive1,live,2026-07-5e473ac91f60,local-a73-r2
2026-09,8,china,EB1,FAD,2027-05-01,17713,17635,17791,17412,18014,True,naive1,0.009,q_h,0a46db2cbc63,691749f07044,2026-09-01T03:31:39+00:00,2026-09,07d43c029953,cb5df8fba2b3-dirty,naive1,live,2026-07-5e473ac91f60,local-a73-r2
2026-09,9,china,EB1,FAD,2027-06-01,17713,17608,17818,17412,18014,True,naive1,0.009,q_h,198d79de3731,e8ef7b27cb04,2026-09-01T03:31:39+00:00,2026-09,07d43c029953,cb5df8fba2b3-dirty,naive1,live,2026-07-5e473ac91f60,local-a73-r2
2026-09,10,china,EB1,FAD,2027-07-01,17713,17608,17818,17412,18014,True,naive1,0.009,q_h,2ee4a7e9a01d,a84f86968193,2026-09-01T03:31:39+00:00,2026-09,07d43c029953,cb5df8fba2b3-dirty,naive1,live,2026-07-5e473ac91f60,local-a73-r2
2026-09,11,china,EB1,FAD,2027-08-01,17713,17608,17818,17412,18014,True,naive1,0.009,q_h,457dd0fe68b4,48fce7d1c273,2026-09-01T03:31:39+00:00,2026-09,07d43c029953,cb5df8fba2b3-dirty,naive1,live,2026-07-5e473ac91f60,local-a73-r2
2026-09,12,china,EB1,FAD,2027-09-01,17713,17601,17825,17396,18030,True,naive1,0.009,q_h,3e36879feaa8,6f2c5cf2abef,2026-09-01T03:31:39+00:00,2026-09,07d43c029953,cb5df8fba2b3-dirty,naive1,live,2026-07-5e473ac91f60,local-a73-r2
2026-09,1,china,EB2,DFF,2026-10-01,17167,16833,17501,15203,19131,True,naive1,0.0703,q_h,9bd97466426e,b986d0586dae,2026-09-01T03:31:39+00:00,2026-09,07d43c029953,cb5df8fba2b3-dirty,naive1,live,2026-07-5e473ac91f60,local-a73-r2
2026-09,2,china,EB2,DFF,2026-11-01,17167,16833,17501,15203,19131,True,naive1,0.0703,q_h,1ddc339bfd60,7c18e9bbf8e3,2026-09-01T03:31:39+00:00,2026-09,07d43c029953,cb5df8fba2b3-dirty,naive1,live,2026-07-5e473ac91f60,local-a73-r2
2026-09,3,china,EB2,DFF,2026-12-01,17167,16833,17501,15203,19131,True,naive1,0.0703,q_h,2bd97f5ad5be,75ace34f22c4,2026-09-01T03:31:39+00:00,2026-09,07d43c029953,cb5df8fba2b3-dirty,naive1,live,2026-07-5e473ac91f60,local-a73-r2
2026-09,4,china,EB2,DFF,2027-01-01,17167,16791,17543,15203,19131,True,naive1,0.0703,q_h,baa794a5e0cf,0ddd3638840c,2026-09-01T03:31:39+00:00,2026-09,07d43c029953,cb5df8fba2b3-dirty,naive1,live,2026-07-5e473ac91f60,local-a73-r2
2026-09,5,china,EB2,DFF,2027-02-01,17167,16704,17630,15203,19131,True,naive1,0.0703,q_h,bfbfb4a5b869,b98e2ea45f50,2026-09-01T03:31:39+00:00,2026-09,07d43c029953,cb5df8fba2b3-dirty,naive1,live,2026-07-5e473ac91f60,local-a73-r2
2026-09,6,china,EB2,DFF,2027-03-01,17167,16620,17714,15106,19228,True,naive1,0.0703,q_h,2c814115bdb3,2fc7a37f2169,2026-09-01T03:31:39+00:00,2026-09,07d43c029953,cb5df8fba2b3-dirty,naive1,live,2026-07-5e473ac91f60,local-a73-r2
2026-09,7,china,EB2,DFF,2027-04-01,17167,16620,17714,15056,19278,True,naive1,0.0703,q_h,db55b9e1848f,91425dfd3ad0,2026-09-01T03:31:39+00:00,2026-09,07d43c029953,cb5df8fba2b3-dirty,naive1,live,2026-07-5e473ac91f60,local-a73-r2
2026-09,8,china,EB2,DFF,2027-05-01,17167,16620,17714,15056,19278,True,naive1,0.0703,q_h,711ff1d22cd0,193db9ea9c29,2026-09-01T03:31:39+00:00,2026-09,07d43c029953,cb5df8fba2b3-dirty,naive1,live,2026-07-5e473ac91f60,local-a73-r2
2026-09,9,china,EB2,DFF,2027-06-01,17167,16387,17947,15056,19278,True,naive1,0.0703,q_h,c53410ea769e,1bbe51013e9d,2026-09-01T03:31:39+00:00,2026-09,07d43c029953,cb5df8fba2b3-dirty,naive1,live,2026-07-5e473ac91f60,local-a73-r2
2026-09,10,china,EB2,DFF,2027-07-01,17167,16302,18032,15056,19278,True,naive1,0.0703,q_h,cf2a7a4c40c1,feb8bae8627e,2026-09-01T03:31:39+00:00,2026-09,07d43c029953,cb5df8fba2b3-dirty,naive1,live,2026-07-5e473ac91f60,local-a73-r2
2026-09,11,china,EB2,DFF,2027-08-01,17167,16235,18099,15056,19278,True,naive1,0.0703,q_h,7a796a72fd64,05af02640941,2026-09-01T03:31:39+00:00,2026-09,07d43c029953,cb5df8fba2b3-dirty,naive1,live,2026-07-5e473ac91f60,local-a73-r2
2026-09,12,china,EB2,DFF,2027-09-01,17167,16101,18233,15056,19278,True,naive1,0.0703,q_h,969db3be4ee3,a8d920932dc2,2026-09-01T03:31:39+00:00,2026-09,07d43c029953,cb5df8fba2b3-dirty,naive1,live,2026-07-5e473ac91f60,local-a73-r2
2026-09,1,china,EB2,FAD,2026-10-01,17045,16899,17191,16899,17191,True,naive1,0.0444,q_h,e15887edea4b,28519fa531e2,2026-09-01T03:31:39+00:00,2026-09,07d43c029953,cb5df8fba2b3-dirty,naive1,live,2026-07-5e473ac91f60,local-a73-r2
2026-09,2,china,EB2,FAD,2026-11-01,17045,16899,17191,16899,17191,True,naive1,0.0444,q_h,e69fa8763aa1,e5b7453d4b2d,2026-09-01T03:31:39+00:00,2026-09,07d43c029953,cb5df8fba2b3-dirty,naive1,live,2026-07-5e473ac91f60,local-a73-r2
2026-09,3,china,EB2,FAD,2026-12-01,17045,16899,17191,16739,17351,True,naive1,0.0444,q_h,ec8761889bbd,461a2ea6ded6,2026-09-01T03:31:39+00:00,2026-09,07d43c029953,cb5df8fba2b3-dirty,naive1,live,2026-07-5e473ac91f60,local-a73-r2
2026-09,4,china,EB2,FAD,2027-01-01,17045,16899,17191,16499,17591,True,naive1,0.0444,q_h,590e170953f2,5053864b0b42,2026-09-01T03:31:39+00:00,2026-09,07d43c029953,cb5df8fba2b3-dirty,naive1,live,2026-07-5e473ac91f60,local-a73-r2
2026-09,5,china,EB2,FAD,2027-02-01,17045,16883,17207,16499,17591,True,naive1,0.0444,q_h,ccaaaf22b6ae,84e0ab53341c,2026-09-01T03:31:39+00:00,2026-09,07d43c029953,cb5df8fba2b3-dirty,naive1,live,2026-07-5e473ac91f60,local-a73-r2
2026-09,6,china,EB2,FAD,2027-03-01,17045,16859,17231,16473,17617,True,naive1,0.0444,q_h,85250a93eea7,5bc2986180ef,2026-09-01T03:31:39+00:00,2026-09,07d43c029953,cb5df8fba2b3-dirty,naive1,live,2026-07-5e473ac91f60,local-a73-r2
2026-09,7,china,EB2,FAD,2027-04-01,17045,16859,17231,16325,17765,True,naive1,0.0444,q_h,a1271090a8ba,a4d071301b6b,2026-09-01T03:31:39+00:00,2026-09,07d43c029953,cb5df8fba2b3-dirty,naive1,live,2026-07-5e473ac91f60,local-a73-r2
2026-09,8,china,EB2,FAD,2027-05-01,17045,16859,17231,16324,17766,True,naive1,0.0444,q_h,1fd053da4157,d16afa3b554a,2026-09-01T03:31:39+00:00,2026-09,07d43c029953,cb5df8fba2b3-dirty,naive1,live,2026-07-5e473ac91f60,local-a73-r2
2026-09,9,china,EB2,FAD,2027-06-01,17045,16794,17296,16324,17766,True,naive1,0.0444,q_h,411e28bfd2f1,9583b43bf34d,2026-09-01T03:31:39+00:00,2026-09,07d43c029953,cb5df8fba2b3-dirty,naive1,live,2026-07-5e473ac91f60,local-a73-r2
2026-09,10,china,EB2,FAD,2027-07-01,17045,16794,17296,16324,17766,True,naive1,0.0444,q_h,367860a5f727,459673d79923,2026-09-01T03:31:39+00:00,2026-09,07d43c029953,cb5df8fba2b3-dirty,naive1,live,2026-07-5e473ac91f60,local-a73-r2
2026-09,11,china,EB2,FAD,2027-08-01,17045,16794,17296,16324,17766,True,naive1,0.0444,q_h,e3c0975aa09f,480f7d5a0e07,2026-09-01T03:31:39+00:00,2026-09,07d43c029953,cb5df8fba2b3-dirty,naive1,live,2026-07-5e473ac91f60,local-a73-r2
2026-09,12,china,EB2,FAD,2027-09-01,17045,16777,17313,16285,17805,True,naive1,0.0444,q_h,07a41213f055,9031097e5da6,2026-09-01T03:31:39+00:00,2026-09,07d43c029953,cb5df8fba2b3-dirty,naive1,live,2026-07-5e473ac91f60,local-a73-r2
2026-09,1,china,EB3,DFF,2026-10-01,17174,16799,17549,14969,19379,True,naive1,0.0736,q_h,379357e27c55,608d49649aad,2026-09-01T03:31:39+00:00,2026-09,07d43c029953,cb5df8fba2b3-dirty,naive1,live,2026-07-5e473ac91f60,local-a73-r2
2026-09,2,china,EB3,DFF,2026-11-01,17174,16799,17549,14969,19379,True,naive1,0.0736,q_h,437cd74eea58,a2f8c5633984,2026-09-01T03:31:39+00:00,2026-09,07d43c029953,cb5df8fba2b3-dirty,naive1,live,2026-07-5e473ac91f60,local-a73-r2
2026-09,3,china,EB3,DFF,2026-12-01,17174,16799,17549,14969,19379,True,naive1,0.0736,q_h,9c9fd01f3e89,2c33c46d04a9,2026-09-01T03:31:39+00:00,2026-09,07d43c029953,cb5df8fba2b3-dirty,naive1,live,2026-07-5e473ac91f60,local-a73-r2
2026-09,4,china,EB3,DFF,2027-01-01,17174,16752,17596,14969,19379,True,naive1,0.0736,q_h,246dbf305e2a,e7469828050c,2026-09-01T03:31:39+00:00,2026-09,07d43c029953,cb5df8fba2b3-dirty,naive1,live,2026-07-5e473ac91f60,local-a73-r2
2026-09,5,china,EB3,DFF,2027-02-01,17174,16654,17694,14969,19379,True,naive1,0.0736,q_h,ec06649a5691,2b8679f61132,2026-09-01T03:31:39+00:00,2026-09,07d43c029953,cb5df8fba2b3-dirty,naive1,live,2026-07-5e473ac91f60,local-a73-r2
2026-09,6,china,EB3,DFF,2027-03-01,17174,16560,17788,14860,19488,True,naive1,0.0736,q_h,d56908f730a3,b21038ba11d0,2026-09-01T03:31:39+00:00,2026-09,07d43c029953,cb5df8fba2b3-dirty,naive1,live,2026-07-5e473ac91f60,local-a73-r2
2026-09,7,china,EB3,DFF,2027-04-01,17174,16560,17788,14804,19544,True,naive1,0.0736,q_h,47571b3007c3,1ce19eeb915a,2026-09-01T03:31:39+00:00,2026-09,07d43c029953,cb5df8fba2b3-dirty,naive1,live,2026-07-5e473ac91f60,local-a73-r2
2026-09,8,china,EB3,DFF,2027-05-01,17174,16560,17788,14804,19544,True,naive1,0.0736,q_h,e5faabad7e15,6acad350dded,2026-09-01T03:31:39+00:00,2026-09,07d43c029953,cb5df8fba2b3-dirty,naive1,live,2026-07-5e473ac91f60,local-a73-r2
2026-09,9,china,EB3,DFF,2027-06-01,17174,16298,18050,14804,19544,True,naive1,0.0736,q_h,846fdee45374,f3320ba1245e,2026-09-01T03:31:39+00:00,2026-09,07d43c029953,cb5df8fba2b3-dirty,naive1,live,2026-07-5e473ac91f60,local-a73-r2
2026-09,10,china,EB3,DFF,2027-07-01,17174,16203,18145,14804,19544,True,naive1,0.0736,q_h,ad8baedef943,5776aea8a0ba,2026-09-01T03:31:39+00:00,2026-09,07d43c029953,cb5df8fba2b3-dirty,naive1,live,2026-07-5e473ac91f60,local-a73-r2
2026-09,11,china,EB3,DFF,2027-08-01,17174,16127,18221,14804,19544,True,naive1,0.0736,q_h,02b2751970c0,b24484cfa1b7,2026-09-01T03:31:39+00:00,2026-09,07d43c029953,cb5df8fba2b3-dirty,naive1,live,2026-07-5e473ac91f60,local-a73-r2
2026-09,12,china,EB3,DFF,2027-09-01,17174,15977,18371,14804,19544,True,naive1,0.0736,q_h,e2fab02a8c54,3fa9173db039,2026-09-01T03:31:39+00:00,2026-09,07d43c029953,cb5df8fba2b3-dirty,naive1,live,2026-07-5e473ac91f60,local-a73-r2
2026-09,1,china,EB3,FAD,2026-10-01,17167,17014,17320,17014,17320,True,naive1,0.0616,q_h,a76945e5cb31,6f9944b7d82a,2026-09-01T03:31:39+00:00,2026-09,07d43c029953,cb5df8fba2b3-dirty,naive1,live,2026-07-5e473ac91f60,local-a73-r2
2026-09,2,china,EB3,FAD,2026-11-01,17167,17014,17320,17014,17320,True,naive1,0.0616,q_h,42ccfd1e1a89,2c624539d063,2026-09-01T03:31:39+00:00,2026-09,07d43c029953,cb5df8fba2b3-dirty,naive1,live,2026-07-5e473ac91f60,local-a73-r2
2026-09,3,china,EB3,FAD,2026-12-01,17167,17014,17320,16847,17487,True,naive1,0.0616,q_h,737cbf66c973,6f7e874d461a,2026-09-01T03:31:39+00:00,2026-09,07d43c029953,cb5df8fba2b3-dirty,naive1,live,2026-07-5e473ac91f60,local-a73-r2
2026-09,4,china,EB3,FAD,2027-01-01,17167,17014,17320,16595,17739,True,naive1,0.0616,q_h,20d4c61a1c00,8df2bce5c919,2026-09-01T03:31:39+00:00,2026-09,07d43c029953,cb5df8fba2b3-dirty,naive1,live,2026-07-5e473ac91f60,local-a73-r2
2026-09,5,china,EB3,FAD,2027-02-01,17167,16998,17336,16595,17739,True,naive1,0.0616,q_h,478737fd2647,41f4304b74cb,2026-09-01T03:31:39+00:00,2026-09,07d43c029953,cb5df8fba2b3-dirty,naive1,live,2026-07-5e473ac91f60,local-a73-r2
2026-09,6,china,EB3,FAD,2027-03-01,17167,16972,17362,16567,17767,True,naive1,0.0616,q_h,10a58f12bfd5,61fb97804802,2026-09-01T03:31:39+00:00,2026-09,07d43c029953,cb5df8fba2b3-dirty,naive1,live,2026-07-5e473ac91f60,local-a73-r2
2026-09,7,china,EB3,FAD,2027-04-01,17167,16972,17362,16412,17922,True,naive1,0.0616,q_h,ee73707d214b,b5a1d7d58b39,2026-09-01T03:31:39+00:00,2026-09,07d43c029953,cb5df8fba2b3-dirty,naive1,live,2026-07-5e473ac91f60,local-a73-r2
2026-09,8,china,EB3,FAD,2027-05-01,17167,16972,17362,16412,17922,True,naive1,0.0616,q_h,485801e7df9e,cdbbb22f6f41,2026-09-01T03:31:39+00:00,2026-09,07d43c029953,cb5df8fba2b3-dirty,naive1,live,2026-07-5e473ac91f60,local-a73-r2
2026-09,9,china,EB3,FAD,2027-06-01,17167,16904,17430,16412,17922,True,naive1,0.0616,q_h,c7eb329be9a4,4b2f74c89b45,2026-09-01T03:31:39+00:00,2026-09,07d43c029953,cb5df8fba2b3-dirty,naive1,live,2026-07-5e473ac91f60,local-a73-r2
2026-09,10,china,EB3,FAD,2027-07-01,17167,16904,17430,16412,17922,True,naive1,0.0616,q_h,016938346264,417f3cba9917,2026-09-01T03:31:39+00:00,2026-09,07d43c029953,cb5df8fba2b3-dirty,naive1,live,2026-07-5e473ac91f60,local-a73-r2
2026-09,11,china,EB3,FAD,2027-08-01,17167,16904,17430,16412,17922,True,naive1,0.0616,q_h,124ecf51678f,8575fe70d814,2026-09-01T03:31:39+00:00,2026-09,07d43c029953,cb5df8fba2b3-dirty,naive1,live,2026-07-5e473ac91f60,local-a73-r2
2026-09,12,china,EB3,FAD,2027-09-01,17167,16886,17448,16371,17963,True,naive1,0.0616,q_h,158b74e2aa5a,0c5cae349bbf,2026-09-01T03:31:39+00:00,2026-09,07d43c029953,cb5df8fba2b3-dirty,naive1,live,2026-07-5e473ac91f60,local-a73-r2
2026-09,1,china,EB3_OW,DFF,2026-10-01,16344,15979,16709,14198,18490,True,naive1,0.0677,q_h,24f026c9dae6,6c2eddd513bb,2026-09-01T03:31:39+00:00,2026-09,07d43c029953,cb5df8fba2b3-dirty,naive1,live,2026-07-5e473ac91f60,local-a73-r2
2026-09,2,china,EB3_OW,DFF,2026-11-01,16344,15979,16709,14198,18490,True,naive1,0.0677,q_h,955cf7773855,27e302f88279,2026-09-01T03:31:39+00:00,2026-09,07d43c029953,cb5df8fba2b3-dirty,naive1,live,2026-07-5e473ac91f60,local-a73-r2
2026-09,3,china,EB3_OW,DFF,2026-12-01,16344,15979,16709,14198,18490,True,naive1,0.0677,q_h,520f39aeab6f,53d944283af0,2026-09-01T03:31:39+00:00,2026-09,07d43c029953,cb5df8fba2b3-dirty,naive1,live,2026-07-5e473ac91f60,local-a73-r2
2026-09,4,china,EB3_OW,DFF,2027-01-01,16344,15934,16754,14198,18490,True,naive1,0.0677,q_h,699f9a47a1b0,2ad2a9105459,2026-09-01T03:31:39+00:00,2026-09,07d43c029953,cb5df8fba2b3-dirty,naive1,live,2026-07-5e473ac91f60,local-a73-r2
2026-09,5,china,EB3_OW,DFF,2027-02-01,16344,15838,16850,14198,18490,True,naive1,0.0677,q_h,aec6fde18ef9,23e253c47ae6,2026-09-01T03:31:39+00:00,2026-09,07d43c029953,cb5df8fba2b3-dirty,naive1,live,2026-07-5e473ac91f60,local-a73-r2
2026-09,6,china,EB3_OW,DFF,2027-03-01,16344,15746,16942,14091,18597,True,naive1,0.0677,q_h,b67e4ddbc5fb,603c189e13fb,2026-09-01T03:31:39+00:00,2026-09,07d43c029953,cb5df8fba2b3-dirty,naive1,live,2026-07-5e473ac91f60,local-a73-r2
2026-09,7,china,EB3_OW,DFF,2027-04-01,16344,15746,16942,14037,18651,True,naive1,0.0677,q_h,6dc4aac3a6cb,ef3f3654c183,2026-09-01T03:31:39+00:00,2026-09,07d43c029953,cb5df8fba2b3-dirty,naive1,live,2026-07-5e473ac91f60,local-a73-r2
2026-09,8,china,EB3_OW,DFF,2027-05-01,16344,15746,16942,14037,18651,True,naive1,0.0677,q_h,c72162fc8abe,661500a8edeb,2026-09-01T03:31:39+00:00,2026-09,07d43c029953,cb5df8fba2b3-dirty,naive1,live,2026-07-5e473ac91f60,local-a73-r2
2026-09,9,china,EB3_OW,DFF,2027-06-01,16344,15492,17196,14037,18651,True,naive1,0.0677,q_h,7cc632444ce7,5f4c0753b0b1,2026-09-01T03:31:39+00:00,2026-09,07d43c029953,cb5df8fba2b3-dirty,naive1,live,2026-07-5e473ac91f60,local-a73-r2
2026-09,10,china,EB3_OW,DFF,2027-07-01,16344,15399,17289,14037,18651,True,naive1,0.0677,q_h,bc5b840b7efc,d9bb36e1935b,2026-09-01T03:31:39+00:00,2026-09,07d43c029953,cb5df8fba2b3-dirty,naive1,live,2026-07-5e473ac91f60,local-a73-r2
2026-09,11,china,EB3_OW,DFF,2027-08-01,16344,15325,17363,14037,18651,True,naive1,0.0677,q_h,bf235f5556fe,c2ee042bdc8d,2026-09-01T03:31:39+00:00,2026-09,07d43c029953,cb5df8fba2b3-dirty,naive1,live,2026-07-5e473ac91f60,local-a73-r2
2026-09,12,china,EB3_OW,DFF,2027-09-01,16344,15179,17509,14037,18651,True,naive1,0.0677,q_h,594ed3e99e83,416822bbde76,2026-09-01T03:31:39+00:00,2026-09,07d43c029953,cb5df8fba2b3-dirty,naive1,live,2026-07-5e473ac91f60,local-a73-r2
2026-09,1,china,EB3_OW,FAD,2026-10-01,16191,15826,16556,15826,16556,True,naive1,0.0573,q_h,59be0fe8b2d7,48115b720429,2026-09-01T03:31:39+00:00,2026-09,07d43c029953,cb5df8fba2b3-dirty,naive1,live,2026-07-5e473ac91f60,local-a73-r2
2026-09,2,china,EB3_OW,FAD,2026-11-01,16191,15826,16556,15826,16556,True,naive1,0.0573,q_h,ec49327dee84,d3093d615c80,2026-09-01T03:31:39+00:00,2026-09,07d43c029953,cb5df8fba2b3-dirty,naive1,live,2026-07-5e473ac91f60,local-a73-r2
2026-09,3,china,EB3_OW,FAD,2026-12-01,16191,15826,16556,15427,16955,True,naive1,0.0573,q_h,146ab2353a38,de659d9004e0,2026-09-01T03:31:39+00:00,2026-09,07d43c029953,cb5df8fba2b3-dirty,naive1,live,2026-07-5e473ac91f60,local-a73-r2
2026-09,4,china,EB3_OW,FAD,2027-01-01,16191,15826,16556,14826,17556,True,naive1,0.0573,q_h,26fdb84dd395,2548dc858cd9,2026-09-01T03:31:39+00:00,2026-09,07d43c029953,cb5df8fba2b3-dirty,naive1,live,2026-07-5e473ac91f60,local-a73-r2
2026-09,5,china,EB3_OW,FAD,2027-02-01,16191,15787,16595,14826,17556,True,naive1,0.0573,q_h,9ce029c37a88,f2d0b4ae6217,2026-09-01T03:31:39+00:00,2026-09,07d43c029953,cb5df8fba2b3-dirty,naive1,live,2026-07-5e473ac91f60,local-a73-r2
2026-09,6,china,EB3_OW,FAD,2027-03-01,16191,15726,16656,14760,17622,True,naive1,0.0573,q_h,d7b6531e3b16,98422b10506a,2026-09-01T03:31:39+00:00,2026-09,07d43c029953,cb5df8fba2b3-dirty,naive1,live,2026-07-5e473ac91f60,local-a73-r2
2026-09,7,china,EB3_OW,FAD,2027-04-01,16191,15726,16656,14390,17992,True,naive1,0.0573,q_h,fa385dca8f71,c949fadc9e74,2026-09-01T03:31:39+00:00,2026-09,07d43c029953,cb5df8fba2b3-dirty,naive1,live,2026-07-5e473ac91f60,local-a73-r2
2026-09,8,china,EB3_OW,FAD,2027-05-01,16191,15726,16656,14389,17993,True,naive1,0.0573,q_h,3f9dc23f1374,d83726877f24,2026-09-01T03:31:39+00:00,2026-09,07d43c029953,cb5df8fba2b3-dirty,naive1,live,2026-07-5e473ac91f60,local-a73-r2
2026-09,9,china,EB3_OW,FAD,2027-06-01,16191,15564,16818,14389,17993,True,naive1,0.0573,q_h,7487c2a47c35,3e1940184873,2026-09-01T03:31:39+00:00,2026-09,07d43c029953,cb5df8fba2b3-dirty,naive1,live,2026-07-5e473ac91f60,local-a73-r2
2026-09,10,china,EB3_OW,FAD,2027-07-01,16191,15564,16818,14389,17993,True,naive1,0.0573,q_h,247155235f96,bae5c9fa6d3f,2026-09-01T03:31:39+00:00,2026-09,07d43c029953,cb5df8fba2b3-dirty,naive1,live,2026-07-5e473ac91f60,local-a73-r2
2026-09,11,china,EB3_OW,FAD,2027-08-01,16191,15564,16818,14389,17993,True,naive1,0.0573,q_h,47278b180bb7,5c1d6e33291f,2026-09-01T03:31:39+00:00,2026-09,07d43c029953,cb5df8fba2b3-dirty,naive1,live,2026-07-5e473ac91f60,local-a73-r2
2026-09,12,china,EB3_OW,FAD,2027-09-01,16191,15520,16862,14292,18090,True,naive1,0.0573,q_h,da6b0cefead1,bc2678fc50e1,2026-09-01T03:31:39+00:00,2026-09,07d43c029953,cb5df8fba2b3-dirty,naive1,live,2026-07-5e473ac91f60,local-a73-r2
2026-09,1,china,EB4,FAD,2026-10-01,17515,16996,18034,16996,18034,True,naive1,0.0784,q_h,76ecbb17f557,34bab2aa3e56,2026-09-01T03:31:39+00:00,2026-09,07d43c029953,cb5df8fba2b3-dirty,naive1,live,2026-07-5e473ac91f60,local-a73-r2
2026-09,2,china,EB4,FAD,2026-11-01,17515,16996,18034,16996,18034,True,naive1,0.0784,q_h,d16d265ce5d1,79f9128812e5,2026-09-01T03:31:39+00:00,2026-09,07d43c029953,cb5df8fba2b3-dirty,naive1,live,2026-07-5e473ac91f60,local-a73-r2
2026-09,3,china,EB4,FAD,2026-12-01,17515,16996,18034,16429,18601,True,naive1,0.0784,q_h,510d0c8c6f5d,7f88f68db170,2026-09-01T03:31:39+00:00,2026-09,07d43c029953,cb5df8fba2b3-dirty,naive1,live,2026-07-5e473ac91f60,local-a73-r2
2026-09,4,china,EB4,FAD,2027-01-01,17515,16996,18034,15574,19456,True,naive1,0.0784,q_h,589f9989de5c,3acf5d0708ef,2026-09-01T03:31:39+00:00,2026-09,07d43c029953,cb5df8fba2b3-dirty,naive1,live,2026-07-5e473ac91f60,local-a73-r2
2026-09,5,china,EB4,FAD,2027-02-01,17515,16941,18089,15574,19456,True,naive1,0.0784,q_h,33ce65448b0a,c5f6be935388,2026-09-01T03:31:39+00:00,2026-09,07d43c029953,cb5df8fba2b3-dirty,naive1,live,2026-07-5e473ac91f60,local-a73-r2
2026-09,6,china,EB4,FAD,2027-03-01,17515,16853,18177,15481,19549,True,naive1,0.0784,q_h,2015e8712dee,c914ad80e31b,2026-09-01T03:31:39+00:00,2026-09,07d43c029953,cb5df8fba2b3-dirty,naive1,live,2026-07-5e473ac91f60,local-a73-r2
2026-09,7,china,EB4,FAD,2027-04-01,17515,16853,18177,14954,20076,True,naive1,0.0784,q_h,07bfd58b68de,4d6067d766dd,2026-09-01T03:31:39+00:00,2026-09,07d43c029953,cb5df8fba2b3-dirty,naive1,live,2026-07-5e473ac91f60,local-a73-r2
2026-09,8,china,EB4,FAD,2027-05-01,17515,16853,18177,14953,20077,True,naive1,0.0784,q_h,aa0d35c27250,8bcfb61fef6d,2026-09-01T03:31:39+00:00,2026-09,07d43c029953,cb5df8fba2b3-dirty,naive1,live,2026-07-5e473ac91f60,local-a73-r2
2026-09,9,china,EB4,FAD,2027-06-01,17515,16623,18407,14953,20077,True,naive1,0.0784,q_h,3366b0135392,07f94e6f205c,2026-09-01T03:31:39+00:00,2026-09,07d43c029953,cb5df8fba2b3-dirty,naive1,live,2026-07-5e473ac91f60,local-a73-r2
2026-09,10,china,EB4,FAD,2027-07-01,17515,16623,18407,14953,20077,True,naive1,0.0784,q_h,11e6c952f6a4,963a4deff42b,2026-09-01T03:31:39+00:00,2026-09,07d43c029953,cb5df8fba2b3-dirty,naive1,live,2026-07-5e473ac91f60,local-a73-r2
2026-09,11,china,EB4,FAD,2027-08-01,17515,16623,18407,14953,20077,True,naive1,0.0784,q_h,bdfd922b2079,70ce1c792b3a,2026-09-01T03:31:39+00:00,2026-09,07d43c029953,cb5df8fba2b3-dirty,naive1,live,2026-07-5e473ac91f60,local-a73-r2
2026-09,12,china,EB4,FAD,2027-09-01,17515,16561,18469,14814,20216,True,naive1,0.0784,q_h,57f52bd9e93a,af649c9bb375,2026-09-01T03:31:39+00:00,2026-09,07d43c029953,cb5df8fba2b3-dirty,naive1,live,2026-07-5e473ac91f60,local-a73-r2
2026-09,1,china,EB4_RW,FAD,2026-10-01,17515,16996,18034,16996,18034,True,naive1,0.104,q_h,1cd71b9cc0c3,34bab2aa3e56,2026-09-01T03:31:39+00:00,2026-09,07d43c029953,cb5df8fba2b3-dirty,naive1,live,2026-07-5e473ac91f60,local-a73-r2
2026-09,2,china,EB4_RW,FAD,2026-11-01,17515,16996,18034,16996,18034,True,naive1,0.104,q_h,a48a5aa93134,79f9128812e5,2026-09-01T03:31:39+00:00,2026-09,07d43c029953,cb5df8fba2b3-dirty,naive1,live,2026-07-5e473ac91f60,local-a73-r2
2026-09,3,china,EB4_RW,FAD,2026-12-01,17515,16996,18034,16429,18601,True,naive1,0.104,q_h,9c379e3e4b93,7f88f68db170,2026-09-01T03:31:39+00:00,2026-09,07d43c029953,cb5df8fba2b3-dirty,naive1,live,2026-07-5e473ac91f60,local-a73-r2
2026-09,4,china,EB4_RW,FAD,2027-01-01,17515,16996,18034,15574,19456,True,naive1,0.104,q_h,3f66d63743f6,3acf5d0708ef,2026-09-01T03:31:39+00:00,2026-09,07d43c029953,cb5df8fba2b3-dirty,naive1,live,2026-07-5e473ac91f60,local-a73-r2
2026-09,5,china,EB4_RW,FAD,2027-02-01,17515,16941,18089,15574,19456,True,naive1,0.104,q_h,eb2893e3eb7f,c5f6be935388,2026-09-01T03:31:39+00:00,2026-09,07d43c029953,cb5df8fba2b3-dirty,naive1,live,2026-07-5e473ac91f60,local-a73-r2
2026-09,6,china,EB4_RW,FAD,2027-03-01,17515,16853,18177,15481,19549,True,naive1,0.104,q_h,48a8b2b951e3,c914ad80e31b,2026-09-01T03:31:39+00:00,2026-09,07d43c029953,cb5df8fba2b3-dirty,naive1,live,2026-07-5e473ac91f60,local-a73-r2
2026-09,7,china,EB4_RW,FAD,2027-04-01,17515,16853,18177,14954,20076,True,naive1,0.104,q_h,cfa5525c3a3c,4d6067d766dd,2026-09-01T03:31:39+00:00,2026-09,07d43c029953,cb5df8fba2b3-dirty,naive1,live,2026-07-5e473ac91f60,local-a73-r2
2026-09,8,china,EB4_RW,FAD,2027-05-01,17515,16853,18177,14953,20077,True,naive1,0.104,q_h,7e950b0060b8,8bcfb61fef6d,2026-09-01T03:31:39+00:00,2026-09,07d43c029953,cb5df8fba2b3-dirty,naive1,live,2026-07-5e473ac91f60,local-a73-r2
2026-09,9,china,EB4_RW,FAD,2027-06-01,17515,16623,18407,14953,20077,True,naive1,0.104,q_h,de90bccc0595,07f94e6f205c,2026-09-01T03:31:39+00:00,2026-09,07d43c029953,cb5df8fba2b3-dirty,naive1,live,2026-07-5e473ac91f60,local-a73-r2
2026-09,10,china,EB4_RW,FAD,2027-07-01,17515,16623,18407,14953,20077,True,naive1,0.104,q_h,51f41d496885,963a4deff42b,2026-09-01T03:31:39+00:00,2026-09,07d43c029953,cb5df8fba2b3-dirty,naive1,live,2026-07-5e473ac91f60,local-a73-r2
2026-09,11,china,EB4_RW,FAD,2027-08-01,17515,16623,18407,14953,20077,True,naive1,0.104,q_h,fcb8ab25738a,70ce1c792b3a,2026-09-01T03:31:39+00:00,2026-09,07d43c029953,cb5df8fba2b3-dirty,naive1,live,2026-07-5e473ac91f60,local-a73-r2
2026-09,12,china,EB4_RW,FAD,2027-09-01,17515,16561,18469,14814,20216,True,naive1,0.104,q_h,93384fe5527b,af649c9bb375,2026-09-01T03:31:39+00:00,2026-09,07d43c029953,cb5df8fba2b3-dirty,naive1,live,2026-07-5e473ac91f60,local-a73-r2
2026-09,1,china,F1,DFF,2026-10-01,16467,16236,16698,15109,17825,True,naive1,0.101,q_h,ff3326519ba7,3e00320698fd,2026-09-01T03:31:39+00:00,2026-09,07d43c029953,cb5df8fba2b3-dirty,naive1,live,2026-07-5e473ac91f60,local-a73-r2
2026-09,2,china,F1,DFF,2026-11-01,16467,16236,16698,15109,17825,True,naive1,0.101,q_h,fd451637d58a,6f4d32e2415c,2026-09-01T03:31:39+00:00,2026-09,07d43c029953,cb5df8fba2b3-dirty,naive1,live,2026-07-5e473ac91f60,local-a73-r2
2026-09,3,china,F1,DFF,2026-12-01,16467,16236,16698,15109,17825,True,naive1,0.101,q_h,2906cb4ce12d,1d15b231b087,2026-09-01T03:31:39+00:00,2026-09,07d43c029953,cb5df8fba2b3-dirty,naive1,live,2026-07-5e473ac91f60,local-a73-r2
2026-09,4,china,F1,DFF,2027-01-01,16467,16207,16727,15109,17825,True,naive1,0.101,q_h,f32b23312ba5,570b7a5196db,2026-09-01T03:31:39+00:00,2026-09,07d43c029953,cb5df8fba2b3-dirty,naive1,live,2026-07-5e473ac91f60,local-a73-r2
2026-09,5,china,F1,DFF,2027-02-01,16467,16146,16788,15109,17825,True,naive1,0.101,q_h,ac2782fb6409,0728ce7ee761,2026-09-01T03:31:39+00:00,2026-09,07d43c029953,cb5df8fba2b3-dirty,naive1,live,2026-07-5e473ac91f60,local-a73-r2
2026-09,6,china,F1,DFF,2027-03-01,16467,16089,16845,15041,17893,True,naive1,0.101,q_h,95230a227280,5344a83d2793,2026-09-01T03:31:39+00:00,2026-09,07d43c029953,cb5df8fba2b3-dirty,naive1,live,2026-07-5e473ac91f60,local-a73-r2
2026-09,7,china,F1,DFF,2027-04-01,16467,16089,16845,15007,17927,True,naive1,0.101,q_h,56cac060d6e4,09ffd8862113,2026-09-01T03:31:39+00:00,2026-09,07d43c029953,cb5df8fba2b3-dirty,naive1,live,2026-07-5e473ac91f60,local-a73-r2
2026-09,8,china,F1,DFF,2027-05-01,16467,16089,16845,15007,17927,True,naive1,0.101,q_h,be3fd66bf123,6aa37eeef021,2026-09-01T03:31:39+00:00,2026-09,07d43c029953,cb5df8fba2b3-dirty,naive1,live,2026-07-5e473ac91f60,local-a73-r2
2026-09,9,china,F1,DFF,2027-06-01,16467,15928,17006,15007,17927,True,naive1,0.101,q_h,6b97447449dc,cfec3bf34742,2026-09-01T03:31:39+00:00,2026-09,07d43c029953,cb5df8fba2b3-dirty,naive1,live,2026-07-5e473ac91f60,local-a73-r2
2026-09,10,china,F1,DFF,2027-07-01,16467,15869,17065,15007,17927,True,naive1,0.101,q_h,ac0e6e63e3db,bf3efb443f2a,2026-09-01T03:31:39+00:00,2026-09,07d43c029953,cb5df8fba2b3-dirty,naive1,live,2026-07-5e473ac91f60,local-a73-r2
2026-09,11,china,F1,DFF,2027-08-01,16467,15822,17112,15007,17927,True,naive1,0.101,q_h,338926862b98,9d9a0848b3cd,2026-09-01T03:31:39+00:00,2026-09,07d43c029953,cb5df8fba2b3-dirty,naive1,live,2026-07-5e473ac91f60,local-a73-r2
2026-09,12,china,F1,DFF,2027-09-01,16467,15730,17204,15007,17927,True,naive1,0.101,q_h,b25248e98bd0,ee2df105f36d,2026-09-01T03:31:39+00:00,2026-09,07d43c029953,cb5df8fba2b3-dirty,naive1,live,2026-07-5e473ac91f60,local-a73-r2
2026-09,1,china,F1,FAD,2026-10-01,16457,16054,16860,16054,16860,True,naive1,0.1914,q_h,92334a3731d6,786e0a2818d4,2026-09-01T03:31:39+00:00,2026-09,07d43c029953,cb5df8fba2b3-dirty,naive1,live,2026-07-5e473ac91f60,local-a73-r2
2026-09,2,china,F1,FAD,2026-11-01,16457,16054,16860,16054,16860,True,naive1,0.1914,q_h,9c4507babca2,692ebb469d09,2026-09-01T03:31:39+00:00,2026-09,07d43c029953,cb5df8fba2b3-dirty,naive1,live,2026-07-5e473ac91f60,local-a73-r2
2026-09,3,china,F1,FAD,2026-12-01,16457,16054,16860,15613,17301,True,naive1,0.1914,q_h,a15b6f6947e0,1fde88e34357,2026-09-01T03:31:39+00:00,2026-09,07d43c029953,cb5df8fba2b3-dirty,naive1,live,2026-07-5e473ac91f60,local-a73-r2
2026-09,4,china,F1,FAD,2027-01-01,16457,16054,16860,14950,17964,True,naive1,0.1914,q_h,6e44d47773b0,271893881d70,2026-09-01T03:31:39+00:00,2026-09,07d43c029953,cb5df8fba2b3-dirty,naive1,live,2026-07-5e473ac91f60,local-a73-r2
2026-09,5,china,F1,FAD,2027-02-01,16457,16011,16903,14950,17964,True,naive1,0.1914,q_h,6c2bceb24db7,b1f52d36c338,2026-09-01T03:31:39+00:00,2026-09,07d43c029953,cb5df8fba2b3-dirty,naive1,live,2026-07-5e473ac91f60,local-a73-r2
2026-09,6,china,F1,FAD,2027-03-01,16457,15943,16971,14878,18036,True,naive1,0.1914,q_h,76fdab2f5244,c85fc52f331c,2026-09-01T03:31:39+00:00,2026-09,07d43c029953,cb5df8fba2b3-dirty,naive1,live,2026-07-5e473ac91f60,local-a73-r2
2026-09,7,china,F1,FAD,2027-04-01,16457,15943,16971,14469,18445,True,naive1,0.1914,q_h,c70f386ef93e,662373572338,2026-09-01T03:31:39+00:00,2026-09,07d43c029953,cb5df8fba2b3-dirty,naive1,live,2026-07-5e473ac91f60,local-a73-r2
2026-09,8,china,F1,FAD,2027-05-01,16457,15943,16971,14467,18447,True,naive1,0.1914,q_h,7eaea50349d9,3c6e9e84c639,2026-09-01T03:31:39+00:00,2026-09,07d43c029953,cb5df8fba2b3-dirty,naive1,live,2026-07-5e473ac91f60,local-a73-r2
2026-09,9,china,F1,FAD,2027-06-01,16457,15765,17149,14467,18447,True,naive1,0.1914,q_h,83363be4efd6,1989fcc52237,2026-09-01T03:31:39+00:00,2026-09,07d43c029953,cb5df8fba2b3-dirty,naive1,live,2026-07-5e473ac91f60,local-a73-r2
2026-09,10,china,F1,FAD,2027-07-01,16457,15765,17149,14467,18447,True,naive1,0.1914,q_h,621a7729b17c,81c34c200069,2026-09-01T03:31:39+00:00,2026-09,07d43c029953,cb5df8fba2b3-dirty,naive1,live,2026-07-5e473ac91f60,local-a73-r2
2026-09,11,china,F1,FAD,2027-08-01,16457,15765,17149,14467,18447,True,naive1,0.1914,q_h,86db33e7717e,ddc92af5a1b1,2026-09-01T03:31:39+00:00,2026-09,07d43c029953,cb5df8fba2b3-dirty,naive1,live,2026-07-5e473ac91f60,local-a73-r2
2026-09,12,china,F1,FAD,2027-09-01,16457,15716,17198,14360,18554,True,naive1,0.1914,q_h,7933c4bc2f16,b6f4ebf40413,2026-09-01T03:31:39+00:00,2026-09,07d43c029953,cb5df8fba2b3-dirty,naive1,live,2026-07-5e473ac91f60,local-a73-r2
2026-09,1,china,F2A,FAD,2026-10-01,18861,18294,19428,18294,19428,True,naive1,0.1351,q_h,78890173e694,aad3e588ae31,2026-09-01T03:31:39+00:00,2026-09,07d43c029953,cb5df8fba2b3-dirty,naive1,live,2026-07-5e473ac91f60,local-a73-r2
2026-09,2,china,F2A,FAD,2026-11-01,18861,18294,19428,18294,19428,True,naive1,0.1351,q_h,3f516bc7c920,d3ce3bd86832,2026-09-01T03:31:39+00:00,2026-09,07d43c029953,cb5df8fba2b3-dirty,naive1,live,2026-07-5e473ac91f60,local-a73-r2
2026-09,3,china,F2A,FAD,2026-12-01,18861,18294,19428,17674,20048,True,naive1,0.1351,q_h,5316359c535f,2850606c4ac3,2026-09-01T03:31:39+00:00,2026-09,07d43c029953,cb5df8fba2b3-dirty,naive1,live,2026-07-5e473ac91f60,local-a73-r2
2026-09,4,china,F2A,FAD,2027-01-01,18861,18294,19428,16741,20981,True,naive1,0.1351,q_h,dc32291c7860,6af3df23839a,2026-09-01T03:31:39+00:00,2026-09,07d43c029953,cb5df8fba2b3-dirty,naive1,live,2026-07-5e473ac91f60,local-a73-r2
2026-09,5,china,F2A,FAD,2027-02-01,18861,18234,19488,16741,20981,True,naive1,0.1351,q_h,2c348b7ae568,e0f037fdbbf9,2026-09-01T03:31:39+00:00,2026-09,07d43c029953,cb5df8fba2b3-dirty,naive1,live,2026-07-5e473ac91f60,local-a73-r2
2026-09,6,china,F2A,FAD,2027-03-01,18861,18138,19584,16639,21083,True,naive1,0.1351,q_h,992faa5439ae,aa5b984ba48b,2026-09-01T03:31:39+00:00,2026-09,07d43c029953,cb5df8fba2b3-dirty,naive1,live,2026-07-5e473ac91f60,local-a73-r2
2026-09,7,china,F2A,FAD,2027-04-01,18861,18138,19584,16063,21659,True,naive1,0.1351,q_h,eccbc26ea376,f1c135a1693b,2026-09-01T03:31:39+00:00,2026-09,07d43c029953,cb5df8fba2b3-dirty,naive1,live,2026-07-5e473ac91f60,local-a73-r2
2026-09,8,china,F2A,FAD,2027-05-01,18861,18138,19584,16062,21660,True,naive1,0.1351,q_h,b14de2cdc1ee,894d27a50f7b,2026-09-01T03:31:39+00:00,2026-09,07d43c029953,cb5df8fba2b3-dirty,naive1,live,2026-07-5e473ac91f60,local-a73-r2
2026-09,9,china,F2A,FAD,2027-06-01,18861,17887,19835,16062,21660,True,naive1,0.1351,q_h,ff1fe7b4aac9,23408385440f,2026-09-01T03:31:39+00:00,2026-09,07d43c029953,cb5df8fba2b3-dirty,naive1,live,2026-07-5e473ac91f60,local-a73-r2
2026-09,10,china,F2A,FAD,2027-07-01,18861,17887,19835,16062,21660,True,naive1,0.1351,q_h,e08f1d9be8d6,abae5c58e2c8,2026-09-01T03:31:39+00:00,2026-09,07d43c029953,cb5df8fba2b3-dirty,naive1,live,2026-07-5e473ac91f60,local-a73-r2
2026-09,11,china,F2A,FAD,2027-08-01,18861,17887,19835,16062,21660,True,naive1,0.1351,q_h,5aea1bda4f33,c1e64a46b211,2026-09-01T03:31:39+00:00,2026-09,07d43c029953,cb5df8fba2b3-dirty,naive1,live,2026-07-5e473ac91f60,local-a73-r2
2026-09,12,china,F2A,FAD,2027-09-01,18861,17819,19903,15910,21812,True,naive1,0.1351,q_h,ec1ec9723da4,719aeb3cd4ab,2026-09-01T03:31:39+00:00,2026-09,07d43c029953,cb5df8fba2b3-dirty,naive1,live,2026-07-5e473ac91f60,local-a73-r2
2026-09,1,china,F2B,DFF,2026-10-01,16314,16071,16557,14885,17743,True,naive1,0.1447,q_h,29c81a6e48ec,03d7b36c9e25,2026-09-01T03:31:39+00:00,2026-09,07d43c029953,cb5df8fba2b3-dirty,naive1,live,2026-07-5e473ac91f60,local-a73-r2
2026-09,2,china,F2B,DFF,2026-11-01,16314,16071,16557,14885,17743,True,naive1,0.1447,q_h,dcc51c8f524d,e75833057080,2026-09-01T03:31:39+00:00,2026-09,07d43c029953,cb5df8fba2b3-dirty,naive1,live,2026-07-5e473ac91f60,local-a73-r2
2026-09,3,china,F2B,DFF,2026-12-01,16314,16071,16557,14885,17743,True,naive1,0.1447,q_h,afbd9f95e21e,e016d61f2d07,2026-09-01T03:31:39+00:00,2026-09,07d43c029953,cb5df8fba2b3-dirty,naive1,live,2026-07-5e473ac91f60,local-a73-r2
2026-09,4,china,F2B,DFF,2027-01-01,16314,16041,16587,14885,17743,True,naive1,0.1447,q_h,3bf23bec84b0,d8e025816ce7,2026-09-01T03:31:39+00:00,2026-09,07d43c029953,cb5df8fba2b3-dirty,naive1,live,2026-07-5e473ac91f60,local-a73-r2
2026-09,5,china,F2B,DFF,2027-02-01,16314,15977,16651,14885,17743,True,naive1,0.1447,q_h,0c410de44df8,e59af6074eb0,2026-09-01T03:31:39+00:00,2026-09,07d43c029953,cb5df8fba2b3-dirty,naive1,live,2026-07-5e473ac91f60,local-a73-r2
2026-09,6,china,F2B,DFF,2027-03-01,16314,15916,16712,14814,17814,True,naive1,0.1447,q_h,66e54146aab5,3bb7bfd557bd,2026-09-01T03:31:39+00:00,2026-09,07d43c029953,cb5df8fba2b3-dirty,naive1,live,2026-07-5e473ac91f60,local-a73-r2
2026-09,7,china,F2B,DFF,2027-04-01,16314,15916,16712,14778,17850,True,naive1,0.1447,q_h,2728f5bc433f,4000cdb3e6cc,2026-09-01T03:31:39+00:00,2026-09,07d43c029953,cb5df8fba2b3-dirty,naive1,live,2026-07-5e473ac91f60,local-a73-r2
2026-09,8,china,F2B,DFF,2027-05-01,16314,15916,16712,14778,17850,True,naive1,0.1447,q_h,e2c67b385e5a,53ae0b06bacf,2026-09-01T03:31:39+00:00,2026-09,07d43c029953,cb5df8fba2b3-dirty,naive1,live,2026-07-5e473ac91f60,local-a73-r2
2026-09,9,china,F2B,DFF,2027-06-01,16314,15747,16881,14778,17850,True,naive1,0.1447,q_h,6762979a447e,039b31ed940b,2026-09-01T03:31:39+00:00,2026-09,07d43c029953,cb5df8fba2b3-dirty,naive1,live,2026-07-5e473ac91f60,local-a73-r2
2026-09,10,china,F2B,DFF,2027-07-01,16314,15685,16943,14778,17850,True,naive1,0.1447,q_h,7f3c186e7a15,592ef3c3f534,2026-09-01T03:31:39+00:00,2026-09,07d43c029953,cb5df8fba2b3-dirty,naive1,live,2026-07-5e473ac91f60,local-a73-r2
2026-09,11,china,F2B,DFF,2027-08-01,16314,15636,16992,14778,17850,True,naive1,0.1447,q_h,a3b513576bf4,2e6066f91901,2026-09-01T03:31:39+00:00,2026-09,07d43c029953,cb5df8fba2b3-dirty,naive1,live,2026-07-5e473ac91f60,local-a73-r2
2026-09,12,china,F2B,DFF,2027-09-01,16314,15539,17089,14778,17850,True,naive1,0.1447,q_h,b882bfa35b17,e4e23f2d9ffc,2026-09-01T03:31:39+00:00,2026-09,07d43c029953,cb5df8fba2b3-dirty,naive1,live,2026-07-5e473ac91f60,local-a73-r2
2026-09,1,china,F2B,FAD,2026-10-01,16304,15706,16902,15706,16902,True,naive1,0.1217,q_h,cce1b517f097,cce6f871a5dc,2026-09-01T03:31:39+00:00,2026-09,07d43c029953,cb5df8fba2b3-dirty,naive1,live,2026-07-5e473ac91f60,local-a73-r2
2026-09,2,china,F2B,FAD,2026-11-01,16304,15706,16902,15706,16902,True,naive1,0.1217,q_h,7c2f63a62118,eb18c24a6c96,2026-09-01T03:31:39+00:00,2026-09,07d43c029953,cb5df8fba2b3-dirty,naive1,live,2026-07-5e473ac91f60,local-a73-r2
2026-09,3,china,F2B,FAD,2026-12-01,16304,15706,16902,15052,17556,True,naive1,0.1217,q_h,6c46d52d91a9,5f0cbec8e067,2026-09-01T03:31:39+00:00,2026-09,07d43c029953,cb5df8fba2b3-dirty,naive1,live,2026-07-5e473ac91f60,local-a73-r2
2026-09,4,china,F2B,FAD,2027-01-01,16304,15706,16902,14068,18540,True,naive1,0.1217,q_h,ddabcb4b279f,6f70353fce7f,2026-09-01T03:31:39+00:00,2026-09,07d43c029953,cb5df8fba2b3-dirty,naive1,live,2026-07-5e473ac91f60,local-a73-r2
2026-09,5,china,F2B,FAD,2027-02-01,16304,15642,16966,14068,18540,True,naive1,0.1217,q_h,f8e82182c75c,128271498ef1,2026-09-01T03:31:39+00:00,2026-09,07d43c029953,cb5df8fba2b3-dirty,naive1,live,2026-07-5e473ac91f60,local-a73-r2
2026-09,6,china,F2B,FAD,2027-03-01,16304,15542,17066,13960,18648,True,naive1,0.1217,q_h,cbcb7bf9a958,97028e86272d,2026-09-01T03:31:39+00:00,2026-09,07d43c029953,cb5df8fba2b3-dirty,naive1,live,2026-07-5e473ac91f60,local-a73-r2
2026-09,7,china,F2B,FAD,2027-04-01,16304,15542,17066,13353,19255,True,naive1,0.1217,q_h,c5c9188abfce,2acf71862262,2026-09-01T03:31:39+00:00,2026-09,07d43c029953,cb5df8fba2b3-dirty,naive1,live,2026-07-5e473ac91f60,local-a73-r2
2026-09,8,china,F2B,FAD,2027-05-01,16304,15542,17066,13352,19256,True,naive1,0.1217,q_h,8249a2520116,aad4ce851711,2026-09-01T03:31:39+00:00,2026-09,07d43c029953,cb5df8fba2b3-dirty,naive1,live,2026-07-5e473ac91f60,local-a73-r2
2026-09,9,china,F2B,FAD,2027-06-01,16304,15277,17331,13352,19256,True,naive1,0.1217,q_h,4cbaeec80127,0ae8f056d397,2026-09-01T03:31:39+00:00,2026-09,07d43c029953,cb5df8fba2b3-dirty,naive1,live,2026-07-5e473ac91f60,local-a73-r2
2026-09,10,china,F2B,FAD,2027-07-01,16304,15277,17331,13352,19256,True,naive1,0.1217,q_h,68f2d59320c5,e8d0581cc5c3,2026-09-01T03:31:39+00:00,2026-09,07d43c029953,cb5df8fba2b3-dirty,naive1,live,2026-07-5e473ac91f60,local-a73-r2
2026-09,11,china,F2B,FAD,2027-08-01,16304,15277,17331,13352,19256,True,naive1,0.1217,q_h,d0539bcfead4,0d719717a550,2026-09-01T03:31:39+00:00,2026-09,07d43c029953,cb5df8fba2b3-dirty,naive1,live,2026-07-5e473ac91f60,local-a73-r2
2026-09,12,china,F2B,FAD,2027-09-01,16304,15205,17403,13192,19416,True,naive1,0.1217,q_h,36076030edb7,91e9609c8bbb,2026-09-01T03:31:39+00:00,2026-09,07d43c029953,cb5df8fba2b3-dirty,naive1,live,2026-07-5e473ac91f60,local-a73-r2
2026-09,1,china,F3,DFF,2026-10-01,14549,13939,15159,10962,18136,True,naive1,0.2604,q_h,0147e4b5878f,4c7a7c9ccf66,2026-09-01T03:31:39+00:00,2026-09,07d43c029953,cb5df8fba2b3-dirty,naive1,live,2026-07-5e473ac91f60,local-a73-r2
2026-09,2,china,F3,DFF,2026-11-01,14549,13939,15159,10962,18136,True,naive1,0.2604,q_h,dc150771a104,7eb8db1b97c6,2026-09-01T03:31:39+00:00,2026-09,07d43c029953,cb5df8fba2b3-dirty,naive1,live,2026-07-5e473ac91f60,local-a73-r2
2026-09,3,china,F3,DFF,2026-12-01,14549,13939,15159,10962,18136,True,naive1,0.2604,q_h,cf2808c4c8ff,5ecb5a3036f4,2026-09-01T03:31:39+00:00,2026-09,07d43c029953,cb5df8fba2b3-dirty,naive1,live,2026-07-5e473ac91f60,local-a73-r2
2026-09,4,china,F3,DFF,2027-01-01,14549,13863,15235,10962,18136,True,naive1,0.2604,q_h,c21f08debd3c,71b53a61fc68,2026-09-01T03:31:39+00:00,2026-09,07d43c029953,cb5df8fba2b3-dirty,naive1,live,2026-07-5e473ac91f60,local-a73-r2
2026-09,5,china,F3,DFF,2027-02-01,14549,13703,15395,10962,18136,True,naive1,0.2604,q_h,b4d98045d356,f13e4a421aba,2026-09-01T03:31:39+00:00,2026-09,07d43c029953,cb5df8fba2b3-dirty,naive1,live,2026-07-5e473ac91f60,local-a73-r2
2026-09,6,china,F3,DFF,2027-03-01,14549,13550,15548,10784,18314,True,naive1,0.2604,q_h,c95a6bd75738,427b30884191,2026-09-01T03:31:39+00:00,2026-09,07d43c029953,cb5df8fba2b3-dirty,naive1,live,2026-07-5e473ac91f60,local-a73-r2
2026-09,7,china,F3,DFF,2027-04-01,14549,13550,15548,10694,18404,True,naive1,0.2604,q_h,9bb6f4607d1a,04646dc7a522,2026-09-01T03:31:39+00:00,2026-09,07d43c029953,cb5df8fba2b3-dirty,naive1,live,2026-07-5e473ac91f60,local-a73-r2
2026-09,8,china,F3,DFF,2027-05-01,14549,13550,15548,10694,18404,True,naive1,0.2604,q_h,62ed2a1dc230,3963d1255eed,2026-09-01T03:31:39+00:00,2026-09,07d43c029953,cb5df8fba2b3-dirty,naive1,live,2026-07-5e473ac91f60,local-a73-r2
2026-09,9,china,F3,DFF,2027-06-01,14549,13125,15973,10694,18404,True,naive1,0.2604,q_h,a44513ecdda2,db7bd05b5ce7,2026-09-01T03:31:39+00:00,2026-09,07d43c029953,cb5df8fba2b3-dirty,naive1,live,2026-07-5e473ac91f60,local-a73-r2
2026-09,10,china,F3,DFF,2027-07-01,14549,12969,16129,10694,18404,True,naive1,0.2604,q_h,413fd83e9ce6,db08e5f4b94b,2026-09-01T03:31:39+00:00,2026-09,07d43c029953,cb5df8fba2b3-dirty,naive1,live,2026-07-5e473ac91f60,local-a73-r2
2026-09,11,china,F3,DFF,2027-08-01,14549,12847,16251,10694,18404,True,naive1,0.2604,q_h,81a596c6b962,970cfad4364c,2026-09-01T03:31:39+00:00,2026-09,07d43c029953,cb5df8fba2b3-dirty,naive1,live,2026-07-5e473ac91f60,local-a73-r2
2026-09,12,china,F3,DFF,2027-09-01,14549,12603,16495,10694,18404,True,naive1,0.2604,q_h,85ddf50679aa,2b65862d15db,2026-09-01T03:31:39+00:00,2026-09,07d43c029953,cb5df8fba2b3-dirty,naive1,live,2026-07-5e473ac91f60,local-a73-r2
2026-09,1,china,F3,FAD,2026-10-01,14539,13649,15429,13649,15429,True,naive1,0.2899,q_h,c9f4753e5598,2622b156ca48,2026-09-01T03:31:39+00:00,2026-09,07d43c029953,cb5df8fba2b3-dirty,naive1,live,2026-07-5e473ac91f60,local-a73-r2
2026-09,2,china,F3,FAD,2026-11-01,14539,13649,15429,13649,15429,True,naive1,0.2899,q_h,56b7edc3be14,c1af940ebea0,2026-09-01T03:31:39+00:00,2026-09,07d43c029953,cb5df8fba2b3-dirty,naive1,live,2026-07-5e473ac91f60,local-a73-r2
2026-09,3,china,F3,FAD,2026-12-01,14539,13649,15429,12676,16402,True,naive1,0.2899,q_h,09cd4004146e,0a2f24e75e2c,2026-09-01T03:31:39+00:00,2026-09,07d43c029953,cb5df8fba2b3-dirty,naive1,live,2026-07-5e473ac91f60,local-a73-r2
2026-09,4,china,F3,FAD,2027-01-01,14539,13649,15429,11211,17867,True,naive1,0.2899,q_h,acacac498653,975f8b273fc2,2026-09-01T03:31:39+00:00,2026-09,07d43c029953,cb5df8fba2b3-dirty,naive1,live,2026-07-5e473ac91f60,local-a73-r2
2026-09,5,china,F3,FAD,2027-02-01,14539,13554,15524,11211,17867,True,naive1,0.2899,q_h,a865bdd0a2fd,15af105bd6fb,2026-09-01T03:31:39+00:00,2026-09,07d43c029953,cb5df8fba2b3-dirty,naive1,live,2026-07-5e473ac91f60,local-a73-r2
2026-09,6,china,F3,FAD,2027-03-01,14539,13404,15674,11051,18027,True,naive1,0.2899,q_h,5e4b2f5e2352,1221e770c954,2026-09-01T03:31:39+00:00,2026-09,07d43c029953,cb5df8fba2b3-dirty,naive1,live,2026-07-5e473ac91f60,local-a73-r2
2026-09,7,china,F3,FAD,2027-04-01,14539,13404,15674,10148,18930,True,naive1,0.2899,q_h,79b4138adb36,6e88d53f8c70,2026-09-01T03:31:39+00:00,2026-09,07d43c029953,cb5df8fba2b3-dirty,naive1,live,2026-07-5e473ac91f60,local-a73-r2
2026-09,8,china,F3,FAD,2027-05-01,14539,13404,15674,10145,18933,True,naive1,0.2899,q_h,d21b66fccc50,995bf388716b,2026-09-01T03:31:39+00:00,2026-09,07d43c029953,cb5df8fba2b3-dirty,naive1,live,2026-07-5e473ac91f60,local-a73-r2
2026-09,9,china,F3,FAD,2027-06-01,14539,13010,16068,10145,18933,True,naive1,0.2899,q_h,570efe11e3e2,9c85ef167807,2026-09-01T03:31:39+00:00,2026-09,07d43c029953,cb5df8fba2b3-dirty,naive1,live,2026-07-5e473ac91f60,local-a73-r2
2026-09,10,china,F3,FAD,2027-07-01,14539,13010,16068,10145,18933,True,naive1,0.2899,q_h,641e501216c3,dba6f054353b,2026-09-01T03:31:39+00:00,2026-09,07d43c029953,cb5df8fba2b3-dirty,naive1,live,2026-07-5e473ac91f60,local-a73-r2
2026-09,11,china,F3,FAD,2027-08-01,14539,13010,16068,10145,18933,True,naive1,0.2899,q_h,f8f9967d1bf1,0e5aa1eda62a,2026-09-01T03:31:39+00:00,2026-09,07d43c029953,cb5df8fba2b3-dirty,naive1,live,2026-07-5e473ac91f60,local-a73-r2
2026-09,12,china,F3,FAD,2027-09-01,14539,12903,16175,9908,19170,True,naive1,0.2899,q_h,eefa18b7295b,02be22a95384,2026-09-01T03:31:39+00:00,2026-09,07d43c029953,cb5df8fba2b3-dirty,naive1,live,2026-07-5e473ac91f60,local-a73-r2
2026-09,1,china,F4,DFF,2026-10-01,13453,12956,13950,10530,16376,True,naive1,0.3157,q_h,50fa22e41c98,32dce1fdd38d,2026-09-01T03:31:39+00:00,2026-09,07d43c029953,cb5df8fba2b3-dirty,naive1,live,2026-07-5e473ac91f60,local-a73-r2
2026-09,2,china,F4,DFF,2026-11-01,13453,12956,13950,10530,16376,True,naive1,0.3157,q_h,e0f2c4510c68,e85e22080208,2026-09-01T03:31:39+00:00,2026-09,07d43c029953,cb5df8fba2b3-dirty,naive1,live,2026-07-5e473ac91f60,local-a73-r2
2026-09,3,china,F4,DFF,2026-12-01,13453,12956,13950,10530,16376,True,naive1,0.3157,q_h,67be371fc0e5,6c8a72eba475,2026-09-01T03:31:39+00:00,2026-09,07d43c029953,cb5df8fba2b3-dirty,naive1,live,2026-07-5e473ac91f60,local-a73-r2
2026-09,4,china,F4,DFF,2027-01-01,13453,12894,14012,10530,16376,True,naive1,0.3157,q_h,be98ba7c228f,8f9be03747a9,2026-09-01T03:31:39+00:00,2026-09,07d43c029953,cb5df8fba2b3-dirty,naive1,live,2026-07-5e473ac91f60,local-a73-r2
2026-09,5,china,F4,DFF,2027-02-01,13453,12763,14143,10530,16376,True,naive1,0.3157,q_h,e061da5bcf3a,92ae52328b68,2026-09-01T03:31:39+00:00,2026-09,07d43c029953,cb5df8fba2b3-dirty,naive1,live,2026-07-5e473ac91f60,local-a73-r2
2026-09,6,china,F4,DFF,2027-03-01,13453,12639,14267,10386,16520,True,naive1,0.3157,q_h,a5b494dd13f5,1e62ba11868b,2026-09-01T03:31:39+00:00,2026-09,07d43c029953,cb5df8fba2b3-dirty,naive1,live,2026-07-5e473ac91f60,local-a73-r2
2026-09,7,china,F4,DFF,2027-04-01,13453,12639,14267,10312,16594,True,naive1,0.3157,q_h,3733d870579c,04d4f47809a3,2026-09-01T03:31:39+00:00,2026-09,07d43c029953,cb5df8fba2b3-dirty,naive1,live,2026-07-5e473ac91f60,local-a73-r2
2026-09,8,china,F4,DFF,2027-05-01,13453,12639,14267,10312,16594,True,naive1,0.3157,q_h,6a8fb83869be,923188f0b97b,2026-09-01T03:31:39+00:00,2026-09,07d43c029953,cb5df8fba2b3-dirty,naive1,live,2026-07-5e473ac91f60,local-a73-r2
2026-09,9,china,F4,DFF,2027-06-01,13453,12293,14613,10312,16594,True,naive1,0.3157,q_h,1d7323fea7d4,2a761a0ed345,2026-09-01T03:31:39+00:00,2026-09,07d43c029953,cb5df8fba2b3-dirty,naive1,live,2026-07-5e473ac91f60,local-a73-r2
2026-09,10,china,F4,DFF,2027-07-01,13453,12166,14740,10312,16594,True,naive1,0.3157,q_h,49212c29913b,33626cfa1a96,2026-09-01T03:31:39+00:00,2026-09,07d43c029953,cb5df8fba2b3-dirty,naive1,live,2026-07-5e473ac91f60,local-a73-r2
2026-09,11,china,F4,DFF,2027-08-01,13453,12066,14840,10312,16594,True,naive1,0.3157,q_h,54e0104c3280,e5b4648e66eb,2026-09-01T03:31:39+00:00,2026-09,07d43c029953,cb5df8fba2b3-dirty,naive1,live,2026-07-5e473ac91f60,local-a73-r2
2026-09,12,china,F4,DFF,2027-09-01,13453,11867,15039,10312,16594,True,naive1,0.3157,q_h,7eb827becdd0,d6c11413d67f,2026-09-01T03:31:39+00:00,2026-09,07d43c029953,cb5df8fba2b3-dirty,naive1,live,2026-07-5e473ac91f60,local-a73-r2
2026-09,1,china,F4,FAD,2026-10-01,13443,12662,14224,12662,14224,True,naive1,0.207,q_h,576609353270,99fd2c708c14,2026-09-01T03:31:39+00:00,2026-09,07d43c029953,cb5df8fba2b3-dirty,naive1,live,2026-07-5e473ac91f60,local-a73-r2
2026-09,2,china,F4,FAD,2026-11-01,13443,12662,14224,12662,14224,True,naive1,0.207,q_h,520796b1fd78,b82a2a9ed432,2026-09-01T03:31:39+00:00,2026-09,07d43c029953,cb5df8fba2b3-dirty,naive1,live,2026-07-5e473ac91f60,local-a73-r2
2026-09,3,china,F4,FAD,2026-12-01,13443,12662,14224,11808,15078,True,naive1,0.207,q_h,415c7b7c6202,936e52374725,2026-09-01T03:31:39+00:00,2026-09,07d43c029953,cb5df8fba2b3-dirty,naive1,live,2026-07-5e473ac91f60,local-a73-r2
2026-09,4,china,F4,FAD,2027-01-01,13443,12662,14224,10522,16364,True,naive1,0.207,q_h,69886aa9597b,e632bf2e16e5,2026-09-01T03:31:39+00:00,2026-09,07d43c029953,cb5df8fba2b3-dirty,naive1,live,2026-07-5e473ac91f60,local-a73-r2
2026-09,5,china,F4,FAD,2027-02-01,13443,12579,14307,10522,16364,True,naive1,0.207,q_h,957993417232,9e6309997f17,2026-09-01T03:31:39+00:00,2026-09,07d43c029953,cb5df8fba2b3-dirty,naive1,live,2026-07-5e473ac91f60,local-a73-r2
2026-09,6,china,F4,FAD,2027-03-01,13443,12447,14439,10382,16504,True,naive1,0.207,q_h,b2dc6aeaa0c4,1784b107598f,2026-09-01T03:31:39+00:00,2026-09,07d43c029953,cb5df8fba2b3-dirty,naive1,live,2026-07-5e473ac91f60,local-a73-r2
2026-09,7,china,F4,FAD,2027-04-01,13443,12447,14439,9590,17296,True,naive1,0.207,q_h,e5040cca83e6,c81b3570e767,2026-09-01T03:31:39+00:00,2026-09,07d43c029953,cb5df8fba2b3-dirty,naive1,live,2026-07-5e473ac91f60,local-a73-r2
2026-09,8,china,F4,FAD,2027-05-01,13443,12447,14439,9587,17299,True,naive1,0.207,q_h,809d46c2255e,3bdac972c498,2026-09-01T03:31:39+00:00,2026-09,07d43c029953,cb5df8fba2b3-dirty,naive1,live,2026-07-5e473ac91f60,local-a73-r2
2026-09,9,china,F4,FAD,2027-06-01,13443,12101,14785,9587,17299,True,naive1,0.207,q_h,5030896eec67,053c1ebf995f,2026-09-01T03:31:39+00:00,2026-09,07d43c029953,cb5df8fba2b3-dirty,naive1,live,2026-07-5e473ac91f60,local-a73-r2
2026-09,10,china,F4,FAD,2027-07-01,13443,12101,14785,9587,17299,True,naive1,0.207,q_h,bafee59395cc,12c134556e87,2026-09-01T03:31:39+00:00,2026-09,07d43c029953,cb5df8fba2b3-dirty,naive1,live,2026-07-5e473ac91f60,local-a73-r2
2026-09,11,china,F4,FAD,2027-08-01,13443,12101,14785,9587,17299,True,naive1,0.207,q_h,afa4bfa8795c,50ee69dace6c,2026-09-01T03:31:39+00:00,2026-09,07d43c029953,cb5df8fba2b3-dirty,naive1,live,2026-07-5e473ac91f60,local-a73-r2
2026-09,12,china,F4,FAD,2027-09-01,13443,12007,14879,9379,17507,True,naive1,0.207,q_h,099b0c040004,b6fb6a0912ef,2026-09-01T03:31:39+00:00,2026-09,07d43c029953,cb5df8fba2b3-dirty,naive1,live,2026-07-5e473ac91f60,local-a73-r2
2026-09,1,india,EB1,DFF,2026-10-01,17866,17501,18231,15720,20012,True,naive1,0.0387,q_h,f074adf4b45b,5eb7e292622c,2026-09-01T03:31:39+00:00,2026-09,07d43c029953,cb5df8fba2b3-dirty,naive1,live,2026-07-5e473ac91f60,local-a73-r2
2026-09,2,india,EB1,DFF,2026-11-01,17866,17501,18231,15720,20012,True,naive1,0.0387,q_h,0d861facf470,908ac5ecb186,2026-09-01T03:31:39+00:00,2026-09,07d43c029953,cb5df8fba2b3-dirty,naive1,live,2026-07-5e473ac91f60,local-a73-r2
2026-09,3,india,EB1,DFF,2026-12-01,17866,17501,18231,15720,20012,True,naive1,0.0387,q_h,70c59e922499,7544403dc63e,2026-09-01T03:31:39+00:00,2026-09,07d43c029953,cb5df8fba2b3-dirty,naive1,live,2026-07-5e473ac91f60,local-a73-r2
2026-09,4,india,EB1,DFF,2027-01-01,17866,17456,18276,15720,20012,True,naive1,0.0387,q_h,6c0502685b07,dfdb9a878f16,2026-09-01T03:31:39+00:00,2026-09,07d43c029953,cb5df8fba2b3-dirty,naive1,live,2026-07-5e473ac91f60,local-a73-r2
2026-09,5,india,EB1,DFF,2027-02-01,17866,17360,18372,15720,20012,True,naive1,0.0387,q_h,3c35020848fa,bcd0ff0e44e7,2026-09-01T03:31:39+00:00,2026-09,07d43c029953,cb5df8fba2b3-dirty,naive1,live,2026-07-5e473ac91f60,local-a73-r2
2026-09,6,india,EB1,DFF,2027-03-01,17866,17268,18464,15613,20119,True,naive1,0.0387,q_h,e2432b378c16,bbd3b2b78e13,2026-09-01T03:31:39+00:00,2026-09,07d43c029953,cb5df8fba2b3-dirty,naive1,live,2026-07-5e473ac91f60,local-a73-r2
2026-09,7,india,EB1,DFF,2027-04-01,17866,17268,18464,15559,20173,True,naive1,0.0387,q_h,6ce6a0b1a162,e657f42822a7,2026-09-01T03:31:39+00:00,2026-09,07d43c029953,cb5df8fba2b3-dirty,naive1,live,2026-07-5e473ac91f60,local-a73-r2
2026-09,8,india,EB1,DFF,2027-05-01,17866,17268,18464,15559,20173,True,naive1,0.0387,q_h,4901f49b6062,faaf3eaca980,2026-09-01T03:31:39+00:00,2026-09,07d43c029953,cb5df8fba2b3-dirty,naive1,live,2026-07-5e473ac91f60,local-a73-r2
2026-09,9,india,EB1,DFF,2027-06-01,17866,17014,18718,15559,20173,True,naive1,0.0387,q_h,61beb93503f7,88e33c803674,2026-09-01T03:31:39+00:00,2026-09,07d43c029953,cb5df8fba2b3-dirty,naive1,live,2026-07-5e473ac91f60,local-a73-r2
2026-09,10,india,EB1,DFF,2027-07-01,17866,16921,18811,15559,20173,True,naive1,0.0387,q_h,4520b1406ac6,08ffe29bfc4f,2026-09-01T03:31:39+00:00,2026-09,07d43c029953,cb5df8fba2b3-dirty,naive1,live,2026-07-5e473ac91f60,local-a73-r2
2026-09,11,india,EB1,DFF,2027-08-01,17866,16847,18885,15559,20173,True,naive1,0.0387,q_h,a621ecfe0927,e6eaf90e242d,2026-09-01T03:31:39+00:00,2026-09,07d43c029953,cb5df8fba2b3-dirty,naive1,live,2026-07-5e473ac91f60,local-a73-r2
2026-09,12,india,EB1,DFF,2027-09-01,17866,16701,19031,15559,20173,True,naive1,0.0387,q_h,6c0515714990,3486a29c8a45,2026-09-01T03:31:39+00:00,2026-09,07d43c029953,cb5df8fba2b3-dirty,naive1,live,2026-07-5e473ac91f60,local-a73-r2
2026-09,1,india,EB1,FAD,2026-10-01,17454,17131,17777,17131,17777,True,naive1,0.0163,q_h,5e66bdf6ad57,eb12e793874f,2026-09-01T03:31:39+00:00,2026-09,07d43c029953,cb5df8fba2b3-dirty,naive1,live,2026-07-5e473ac91f60,local-a73-r2
2026-09,2,india,EB1,FAD,2026-11-01,17454,17131,17777,17131,17777,True,naive1,0.0163,q_h,2487ca673de7,cdd15d85ebf9,2026-09-01T03:31:39+00:00,2026-09,07d43c029953,cb5df8fba2b3-dirty,naive1,live,2026-07-5e473ac91f60,local-a73-r2
2026-09,3,india,EB1,FAD,2026-12-01,17454,17131,17777,16778,18130,True,naive1,0.0163,q_h,a755d23740a7,e35179904d33,2026-09-01T03:31:39+00:00,2026-09,07d43c029953,cb5df8fba2b3-dirty,naive1,live,2026-07-5e473ac91f60,local-a73-r2
2026-09,4,india,EB1,FAD,2027-01-01,17454,17131,17777,16246,18662,True,naive1,0.0163,q_h,be0c336c36fa,9e189be567de,2026-09-01T03:31:39+00:00,2026-09,07d43c029953,cb5df8fba2b3-dirty,naive1,live,2026-07-5e473ac91f60,local-a73-r2
2026-09,5,india,EB1,FAD,2027-02-01,17454,17097,17811,16246,18662,True,naive1,0.0163,q_h,80314a32ac28,7e7bcd970a43,2026-09-01T03:31:39+00:00,2026-09,07d43c029953,cb5df8fba2b3-dirty,naive1,live,2026-07-5e473ac91f60,local-a73-r2
2026-09,6,india,EB1,FAD,2027-03-01,17454,17042,17866,16188,18720,True,naive1,0.0163,q_h,4715d5b81a40,b2f6b26639fd,2026-09-01T03:31:39+00:00,2026-09,07d43c029953,cb5df8fba2b3-dirty,naive1,live,2026-07-5e473ac91f60,local-a73-r2
2026-09,7,india,EB1,FAD,2027-04-01,17454,17042,17866,15860,19048,True,naive1,0.0163,q_h,0ed501268528,03f25a22d09e,2026-09-01T03:31:39+00:00,2026-09,07d43c029953,cb5df8fba2b3-dirty,naive1,live,2026-07-5e473ac91f60,local-a73-r2
2026-09,8,india,EB1,FAD,2027-05-01,17454,17042,17866,15859,19049,True,naive1,0.0163,q_h,ff7240da6d53,490965185221,2026-09-01T03:31:39+00:00,2026-09,07d43c029953,cb5df8fba2b3-dirty,naive1,live,2026-07-5e473ac91f60,local-a73-r2
2026-09,9,india,EB1,FAD,2027-06-01,17454,16899,18009,15859,19049,True,naive1,0.0163,q_h,4aa9fd116e65,91d01ffc8e10,2026-09-01T03:31:39+00:00,2026-09,07d43c029953,cb5df8fba2b3-dirty,naive1,live,2026-07-5e473ac91f60,local-a73-r2
2026-09,10,india,EB1,FAD,2027-07-01,17454,16899,18009,15859,19049,True,naive1,0.0163,q_h,54bb52a77fc5,8782a13fc336,2026-09-01T03:31:39+00:00,2026-09,07d43c029953,cb5df8fba2b3-dirty,naive1,live,2026-07-5e473ac91f60,local-a73-r2
2026-09,11,india,EB1,FAD,2027-08-01,17454,16899,18009,15859,19049,True,naive1,0.0163,q_h,b1b052001dbe,03371e4677aa,2026-09-01T03:31:39+00:00,2026-09,07d43c029953,cb5df8fba2b3-dirty,naive1,live,2026-07-5e473ac91f60,local-a73-r2
2026-09,12,india,EB1,FAD,2027-09-01,17454,16860,18048,15773,19135,True,naive1,0.0163,q_h,61f22c75286d,c2289f0bbe57,2026-09-01T03:31:39+00:00,2026-09,07d43c029953,cb5df8fba2b3-dirty,naive1,live,2026-07-5e473ac91f60,local-a73-r2
2026-09,1,india,EB2,DFF,2026-10-01,14624,14289,14959,12654,16594,True,naive1,0.1137,q_h,d1d28478cb7a,1fb1b230f539,2026-09-01T03:31:39+00:00,2026-09,07d43c029953,cb5df8fba2b3-dirty,naive1,live,2026-07-5e473ac91f60,local-a73-r2
2026-09,2,india,EB2,DFF,2026-11-01,14624,14289,14959,12654,16594,True,naive1,0.1137,q_h,42c171d7f896,05e88dd95e7d,2026-09-01T03:31:39+00:00,2026-09,07d43c029953,cb5df8fba2b3-dirty,naive1,live,2026-07-5e473ac91f60,local-a73-r2
2026-09,3,india,EB2,DFF,2026-12-01,14624,14289,14959,12654,16594,True,naive1,0.1137,q_h,5d70f807e15e,1a591b2ff252,2026-09-01T03:31:39+00:00,2026-09,07d43c029953,cb5df8fba2b3-dirty,naive1,live,2026-07-5e473ac91f60,local-a73-r2
2026-09,4,india,EB2,DFF,2027-01-01,14624,14247,15001,12654,16594,True,naive1,0.1137,q_h,ba6a838a578a,72dca71501fc,2026-09-01T03:31:39+00:00,2026-09,07d43c029953,cb5df8fba2b3-dirty,naive1,live,2026-07-5e473ac91f60,local-a73-r2
2026-09,5,india,EB2,DFF,2027-02-01,14624,14159,15089,12654,16594,True,naive1,0.1137,q_h,12a4184d4487,f8499e38e27f,2026-09-01T03:31:39+00:00,2026-09,07d43c029953,cb5df8fba2b3-dirty,naive1,live,2026-07-5e473ac91f60,local-a73-r2
2026-09,6,india,EB2,DFF,2027-03-01,14624,14075,15173,12557,16691,True,naive1,0.1137,q_h,388ddb29a561,700ffe40abf1,2026-09-01T03:31:39+00:00,2026-09,07d43c029953,cb5df8fba2b3-dirty,naive1,live,2026-07-5e473ac91f60,local-a73-r2
2026-09,7,india,EB2,DFF,2027-04-01,14624,14075,15173,12507,16741,True,naive1,0.1137,q_h,f5be03360a06,6439e901c1fe,2026-09-01T03:31:39+00:00,2026-09,07d43c029953,cb5df8fba2b3-dirty,naive1,live,2026-07-5e473ac91f60,local-a73-r2
2026-09,8,india,EB2,DFF,2027-05-01,14624,14075,15173,12507,16741,True,naive1,0.1137,q_h,4149d2ab7e5b,ba13816f437d,2026-09-01T03:31:39+00:00,2026-09,07d43c029953,cb5df8fba2b3-dirty,naive1,live,2026-07-5e473ac91f60,local-a73-r2
2026-09,9,india,EB2,DFF,2027-06-01,14624,13842,15406,12507,16741,True,naive1,0.1137,q_h,d4447b3f1ec8,4e2a42f94231,2026-09-01T03:31:39+00:00,2026-09,07d43c029953,cb5df8fba2b3-dirty,naive1,live,2026-07-5e473ac91f60,local-a73-r2
2026-09,10,india,EB2,DFF,2027-07-01,14624,13756,15492,12507,16741,True,naive1,0.1137,q_h,e611e69f003a,c739aeec9ab4,2026-09-01T03:31:39+00:00,2026-09,07d43c029953,cb5df8fba2b3-dirty,naive1,live,2026-07-5e473ac91f60,local-a73-r2
2026-09,11,india,EB2,DFF,2027-08-01,14624,13689,15559,12507,16741,True,naive1,0.1137,q_h,3dae513af0e6,968ba1504b38,2026-09-01T03:31:39+00:00,2026-09,07d43c029953,cb5df8fba2b3-dirty,naive1,live,2026-07-5e473ac91f60,local-a73-r2
2026-09,12,india,EB2,DFF,2027-09-01,14624,13555,15693,12507,16741,True,naive1,0.1137,q_h,d5815e3106a9,ada295ca8e4c,2026-09-01T03:31:39+00:00,2026-09,07d43c029953,cb5df8fba2b3-dirty,naive1,live,2026-07-5e473ac91f60,local-a73-r2
2026-09,1,india,EB3,DFF,2026-10-01,14624,14191,15057,12078,17170,True,naive1,0.0634,q_h,a819c49d9026,cdfde294ecb2,2026-09-01T03:31:39+00:00,2026-09,07d43c029953,cb5df8fba2b3-dirty,naive1,live,2026-07-5e473ac91f60,local-a73-r2
2026-09,2,india,EB3,DFF,2026-11-01,14624,14191,15057,12078,17170,True,naive1,0.0634,q_h,57831eb90d11,b62997b3dd47,2026-09-01T03:31:39+00:00,2026-09,07d43c029953,cb5df8fba2b3-dirty,naive1,live,2026-07-5e473ac91f60,local-a73-r2
2026-09,3,india,EB3,DFF,2026-12-01,14624,14191,15057,12078,17170,True,naive1,0.0634,q_h,6b446fe3bc43,ee76fd8c5330,2026-09-01T03:31:39+00:00,2026-09,07d43c029953,cb5df8fba2b3-dirty,naive1,live,2026-07-5e473ac91f60,local-a73-r2
2026-09,4,india,EB3,DFF,2027-01-01,14624,14137,15111,12078,17170,True,naive1,0.0634,q_h,04877ac746e6,8b19b581a461,2026-09-01T03:31:39+00:00,2026-09,07d43c029953,cb5df8fba2b3-dirty,naive1,live,2026-07-5e473ac91f60,local-a73-r2
2026-09,5,india,EB3,DFF,2027-02-01,14624,14023,15225,12078,17170,True,naive1,0.0634,q_h,b5010541a211,94e8ff7f9d32,2026-09-01T03:31:39+00:00,2026-09,07d43c029953,cb5df8fba2b3-dirty,naive1,live,2026-07-5e473ac91f60,local-a73-r2
2026-09,6,india,EB3,DFF,2027-03-01,14624,13915,15333,11952,17296,True,naive1,0.0634,q_h,a3a68600dbdd,7467c34a0f83,2026-09-01T03:31:39+00:00,2026-09,07d43c029953,cb5df8fba2b3-dirty,naive1,live,2026-07-5e473ac91f60,local-a73-r2
2026-09,7,india,EB3,DFF,2027-04-01,14624,13915,15333,11887,17361,True,naive1,0.0634,q_h,690887ffe871,b54bb88a1f31,2026-09-01T03:31:39+00:00,2026-09,07d43c029953,cb5df8fba2b3-dirty,naive1,live,2026-07-5e473ac91f60,local-a73-r2
2026-09,8,india,EB3,DFF,2027-05-01,14624,13915,15333,11887,17361,True,naive1,0.0634,q_h,f8eae7f054b5,21a1e1fea7bc,2026-09-01T03:31:39+00:00,2026-09,07d43c029953,cb5df8fba2b3-dirty,naive1,live,2026-07-5e473ac91f60,local-a73-r2
2026-09,9,india,EB3,DFF,2027-06-01,14624,13613,15635,11887,17361,True,naive1,0.0634,q_h,86e60d70a193,3afabb0c47ce,2026-09-01T03:31:39+00:00,2026-09,07d43c029953,cb5df8fba2b3-dirty,naive1,live,2026-07-5e473ac91f60,local-a73-r2
2026-09,10,india,EB3,DFF,2027-07-01,14624,13502,15746,11887,17361,True,naive1,0.0634,q_h,7fbd30683ebd,22835cf5891b,2026-09-01T03:31:39+00:00,2026-09,07d43c029953,cb5df8fba2b3-dirty,naive1,live,2026-07-5e473ac91f60,local-a73-r2
2026-09,11,india,EB3,DFF,2027-08-01,14624,13416,15832,11887,17361,True,naive1,0.0634,q_h,f677d94920f9,718aa1c74650,2026-09-01T03:31:39+00:00,2026-09,07d43c029953,cb5df8fba2b3-dirty,naive1,live,2026-07-5e473ac91f60,local-a73-r2
2026-09,12,india,EB3,DFF,2027-09-01,14624,13242,16006,11887,17361,True,naive1,0.0634,q_h,8cdc2a27aed3,8dfb38884573,2026-09-01T03:31:39+00:00,2026-09,07d43c029953,cb5df8fba2b3-dirty,naive1,live,2026-07-5e473ac91f60,local-a73-r2
2026-09,1,india,EB3,FAD,2026-10-01,14245,14153,14337,14153,14337,True,naive1,0.052,q_h,db00bd425f4a,b58b86a79910,2026-09-01T03:31:39+00:00,2026-09,07d43c029953,cb5df8fba2b3-dirty,naive1,live,2026-07-5e473ac91f60,local-a73-r2
2026-09,2,india,EB3,FAD,2026-11-01,14245,14153,14337,14153,14337,True,naive1,0.052,q_h,26a2533df21a,9d1a436b28a2,2026-09-01T03:31:39+00:00,2026-09,07d43c029953,cb5df8fba2b3-dirty,naive1,live,2026-07-5e473ac91f60,local-a73-r2
2026-09,3,india,EB3,FAD,2026-12-01,14245,14153,14337,14052,14438,True,naive1,0.052,q_h,1c32b5825121,29022e4bfa38,2026-09-01T03:31:39+00:00,2026-09,07d43c029953,cb5df8fba2b3-dirty,naive1,live,2026-07-5e473ac91f60,local-a73-r2
2026-09,4,india,EB3,FAD,2027-01-01,14245,14153,14337,13901,14589,True,naive1,0.052,q_h,500d1c353982,e4c9e3744373,2026-09-01T03:31:39+00:00,2026-09,07d43c029953,cb5df8fba2b3-dirty,naive1,live,2026-07-5e473ac91f60,local-a73-r2
2026-09,5,india,EB3,FAD,2027-02-01,14245,14143,14347,13901,14589,True,naive1,0.052,q_h,1d38d51cb33f,640440176d5c,2026-09-01T03:31:39+00:00,2026-09,07d43c029953,cb5df8fba2b3-dirty,naive1,live,2026-07-5e473ac91f60,local-a73-r2
2026-09,6,india,EB3,FAD,2027-03-01,14245,14128,14362,13884,14606,True,naive1,0.052,q_h,beefb0b0159a,d2397477e292,2026-09-01T03:31:39+00:00,2026-09,07d43c029953,cb5df8fba2b3-dirty,naive1,live,2026-07-5e473ac91f60,local-a73-r2
2026-09,7,india,EB3,FAD,2027-04-01,14245,14128,14362,13791,14699,True,naive1,0.052,q_h,2e091f4111ec,f70fe85c198a,2026-09-01T03:31:39+00:00,2026-09,07d43c029953,cb5df8fba2b3-dirty,naive1,live,2026-07-5e473ac91f60,local-a73-r2
2026-09,8,india,EB3,FAD,2027-05-01,14245,14128,14362,13791,14699,True,naive1,0.052,q_h,9d4fc7eab69c,5fdee2da0c77,2026-09-01T03:31:39+00:00,2026-09,07d43c029953,cb5df8fba2b3-dirty,naive1,live,2026-07-5e473ac91f60,local-a73-r2
2026-09,9,india,EB3,FAD,2027-06-01,14245,14087,14403,13791,14699,True,naive1,0.052,q_h,3ca8acd02c28,e371ddf49d05,2026-09-01T03:31:39+00:00,2026-09,07d43c029953,cb5df8fba2b3-dirty,naive1,live,2026-07-5e473ac91f60,local-a73-r2
2026-09,10,india,EB3,FAD,2027-07-01,14245,14087,14403,13791,14699,True,naive1,0.052,q_h,36f2dc73c0cb,67048f51bbc8,2026-09-01T03:31:39+00:00,2026-09,07d43c029953,cb5df8fba2b3-dirty,naive1,live,2026-07-5e473ac91f60,local-a73-r2
2026-09,11,india,EB3,FAD,2027-08-01,14245,14087,14403,13791,14699,True,naive1,0.052,q_h,ca446d0b46ee,1eb23e977b2b,2026-09-01T03:31:39+00:00,2026-09,07d43c029953,cb5df8fba2b3-dirty,naive1,live,2026-07-5e473ac91f60,local-a73-r2
2026-09,12,india,EB3,FAD,2027-09-01,14245,14076,14414,13766,14724,True,naive1,0.052,q_h,e69024615cb0,73a7a4e17709,2026-09-01T03:31:39+00:00,2026-09,07d43c029953,cb5df8fba2b3-dirty,naive1,live,2026-07-5e473ac91f60,local-a73-r2
2026-09,1,india,EB3_OW,DFF,2026-10-01,14624,14191,15057,12078,17170,True,naive1,0.0634,q_h,7db10f483609,cdfde294ecb2,2026-09-01T03:31:39+00:00,2026-09,07d43c029953,cb5df8fba2b3-dirty,naive1,live,2026-07-5e473ac91f60,local-a73-r2
2026-09,2,india,EB3_OW,DFF,2026-11-01,14624,14191,15057,12078,17170,True,naive1,0.0634,q_h,a4c1ca0a3d12,b62997b3dd47,2026-09-01T03:31:39+00:00,2026-09,07d43c029953,cb5df8fba2b3-dirty,naive1,live,2026-07-5e473ac91f60,local-a73-r2
2026-09,3,india,EB3_OW,DFF,2026-12-01,14624,14191,15057,12078,17170,True,naive1,0.0634,q_h,b7ea9b7af6af,ee76fd8c5330,2026-09-01T03:31:39+00:00,2026-09,07d43c029953,cb5df8fba2b3-dirty,naive1,live,2026-07-5e473ac91f60,local-a73-r2
2026-09,4,india,EB3_OW,DFF,2027-01-01,14624,14137,15111,12078,17170,True,naive1,0.0634,q_h,80494fd70a8d,8b19b581a461,2026-09-01T03:31:39+00:00,2026-09,07d43c029953,cb5df8fba2b3-dirty,naive1,live,2026-07-5e473ac91f60,local-a73-r2
2026-09,5,india,EB3_OW,DFF,2027-02-01,14624,14023,15225,12078,17170,True,naive1,0.0634,q_h,39f2ce1d45fd,94e8ff7f9d32,2026-09-01T03:31:39+00:00,2026-09,07d43c029953,cb5df8fba2b3-dirty,naive1,live,2026-07-5e473ac91f60,local-a73-r2
2026-09,6,india,EB3_OW,DFF,2027-03-01,14624,13915,15333,11952,17296,True,naive1,0.0634,q_h,2c4285f006f8,7467c34a0f83,2026-09-01T03:31:39+00:00,2026-09,07d43c029953,cb5df8fba2b3-dirty,naive1,live,2026-07-5e473ac91f60,local-a73-r2
2026-09,7,india,EB3_OW,DFF,2027-04-01,14624,13915,15333,11887,17361,True,naive1,0.0634,q_h,539ccd8d6bfa,b54bb88a1f31,2026-09-01T03:31:39+00:00,2026-09,07d43c029953,cb5df8fba2b3-dirty,naive1,live,2026-07-5e473ac91f60,local-a73-r2
2026-09,8,india,EB3_OW,DFF,2027-05-01,14624,13915,15333,11887,17361,True,naive1,0.0634,q_h,d8a23e2e0d5a,21a1e1fea7bc,2026-09-01T03:31:39+00:00,2026-09,07d43c029953,cb5df8fba2b3-dirty,naive1,live,2026-07-5e473ac91f60,local-a73-r2
2026-09,9,india,EB3_OW,DFF,2027-06-01,14624,13613,15635,11887,17361,True,naive1,0.0634,q_h,cee0f4de2427,3afabb0c47ce,2026-09-01T03:31:39+00:00,2026-09,07d43c029953,cb5df8fba2b3-dirty,naive1,live,2026-07-5e473ac91f60,local-a73-r2
2026-09,10,india,EB3_OW,DFF,2027-07-01,14624,13502,15746,11887,17361,True,naive1,0.0634,q_h,617a08d2c5f6,22835cf5891b,2026-09-01T03:31:39+00:00,2026-09,07d43c029953,cb5df8fba2b3-dirty,naive1,live,2026-07-5e473ac91f60,local-a73-r2
2026-09,11,india,EB3_OW,DFF,2027-08-01,14624,13416,15832,11887,17361,True,naive1,0.0634,q_h,78fed676778b,718aa1c74650,2026-09-01T03:31:39+00:00,2026-09,07d43c029953,cb5df8fba2b3-dirty,naive1,live,2026-07-5e473ac91f60,local-a73-r2
2026-09,12,india,EB3_OW,DFF,2027-09-01,14624,13242,16006,11887,17361,True,naive1,0.0634,q_h,d460a9c034dc,8dfb38884573,2026-09-01T03:31:39+00:00,2026-09,07d43c029953,cb5df8fba2b3-dirty,naive1,live,2026-07-5e473ac91f60,local-a73-r2
2026-09,1,india,EB3_OW,FAD,2026-10-01,14245,14153,14337,14153,14337,True,naive1,0.047,q_h,83676ba8aaeb,b58b86a79910,2026-09-01T03:31:39+00:00,2026-09,07d43c029953,cb5df8fba2b3-dirty,naive1,live,2026-07-5e473ac91f60,local-a73-r2
2026-09,2,india,EB3_OW,FAD,2026-11-01,14245,14153,14337,14153,14337,True,naive1,0.047,q_h,a1d73e3a610e,9d1a436b28a2,2026-09-01T03:31:39+00:00,2026-09,07d43c029953,cb5df8fba2b3-dirty,naive1,live,2026-07-5e473ac91f60,local-a73-r2
2026-09,3,india,EB3_OW,FAD,2026-12-01,14245,14153,14337,14052,14438,True,naive1,0.047,q_h,96a47ec313bf,29022e4bfa38,2026-09-01T03:31:39+00:00,2026-09,07d43c029953,cb5df8fba2b3-dirty,naive1,live,2026-07-5e473ac91f60,local-a73-r2
2026-09,4,india,EB3_OW,FAD,2027-01-01,14245,14153,14337,13901,14589,True,naive1,0.047,q_h,ee36c138a34f,e4c9e3744373,2026-09-01T03:31:39+00:00,2026-09,07d43c029953,cb5df8fba2b3-dirty,naive1,live,2026-07-5e473ac91f60,local-a73-r2
2026-09,5,india,EB3_OW,FAD,2027-02-01,14245,14143,14347,13901,14589,True,naive1,0.047,q_h,59c941fbbc42,640440176d5c,2026-09-01T03:31:39+00:00,2026-09,07d43c029953,cb5df8fba2b3-dirty,naive1,live,2026-07-5e473ac91f60,local-a73-r2
2026-09,6,india,EB3_OW,FAD,2027-03-01,14245,14128,14362,13884,14606,True,naive1,0.047,q_h,43a9d7b6d770,d2397477e292,2026-09-01T03:31:39+00:00,2026-09,07d43c029953,cb5df8fba2b3-dirty,naive1,live,2026-07-5e473ac91f60,local-a73-r2
2026-09,7,india,EB3_OW,FAD,2027-04-01,14245,14128,14362,13791,14699,True,naive1,0.047,q_h,3aeb502e6efc,f70fe85c198a,2026-09-01T03:31:39+00:00,2026-09,07d43c029953,cb5df8fba2b3-dirty,naive1,live,2026-07-5e473ac91f60,local-a73-r2
2026-09,8,india,EB3_OW,FAD,2027-05-01,14245,14128,14362,13791,14699,True,naive1,0.047,q_h,5a3ecbbabe53,5fdee2da0c77,2026-09-01T03:31:39+00:00,2026-09,07d43c029953,cb5df8fba2b3-dirty,naive1,live,2026-07-5e473ac91f60,local-a73-r2
2026-09,9,india,EB3_OW,FAD,2027-06-01,14245,14087,14403,13791,14699,True,naive1,0.047,q_h,c2af62551470,e371ddf49d05,2026-09-01T03:31:39+00:00,2026-09,07d43c029953,cb5df8fba2b3-dirty,naive1,live,2026-07-5e473ac91f60,local-a73-r2
2026-09,10,india,EB3_OW,FAD,2027-07-01,14245,14087,14403,13791,14699,True,naive1,0.047,q_h,f06eb6f0cd49,67048f51bbc8,2026-09-01T03:31:39+00:00,2026-09,07d43c029953,cb5df8fba2b3-dirty,naive1,live,2026-07-5e473ac91f60,local-a73-r2
2026-09,11,india,EB3_OW,FAD,2027-08-01,14245,14087,14403,13791,14699,True,naive1,0.047,q_h,5fbb505d7cf2,1eb23e977b2b,2026-09-01T03:31:39+00:00,2026-09,07d43c029953,cb5df8fba2b3-dirty,naive1,live,2026-07-5e473ac91f60,local-a73-r2
2026-09,12,india,EB3_OW,FAD,2027-09-01,14245,14076,14414,13766,14724,True,naive1,0.047,q_h,194052c33d97,73a7a4e17709,2026-09-01T03:31:39+00:00,2026-09,07d43c029953,cb5df8fba2b3-dirty,naive1,live,2026-07-5e473ac91f60,local-a73-r2
2026-09,1,india,EB4,FAD,2026-10-01,17515,16996,18034,16996,18034,True,naive1,0.0704,q_h,03e2822d1e51,34bab2aa3e56,2026-09-01T03:31:39+00:00,2026-09,07d43c029953,cb5df8fba2b3-dirty,naive1,live,2026-07-5e473ac91f60,local-a73-r2
2026-09,2,india,EB4,FAD,2026-11-01,17515,16996,18034,16996,18034,True,naive1,0.0704,q_h,b2e4250a83fe,79f9128812e5,2026-09-01T03:31:39+00:00,2026-09,07d43c029953,cb5df8fba2b3-dirty,naive1,live,2026-07-5e473ac91f60,local-a73-r2
2026-09,3,india,EB4,FAD,2026-12-01,17515,16996,18034,16429,18601,True,naive1,0.0704,q_h,92e99f6d2bd6,7f88f68db170,2026-09-01T03:31:39+00:00,2026-09,07d43c029953,cb5df8fba2b3-dirty,naive1,live,2026-07-5e473ac91f60,local-a73-r2
2026-09,4,india,EB4,FAD,2027-01-01,17515,16996,18034,15574,19456,True,naive1,0.0704,q_h,bc09e99bd666,3acf5d0708ef,2026-09-01T03:31:39+00:00,2026-09,07d43c029953,cb5df8fba2b3-dirty,naive1,live,2026-07-5e473ac91f60,local-a73-r2
2026-09,5,india,EB4,FAD,2027-02-01,17515,16941,18089,15574,19456,True,naive1,0.0704,q_h,7759f6ce6aab,c5f6be935388,2026-09-01T03:31:39+00:00,2026-09,07d43c029953,cb5df8fba2b3-dirty,naive1,live,2026-07-5e473ac91f60,local-a73-r2
2026-09,6,india,EB4,FAD,2027-03-01,17515,16853,18177,15481,19549,True,naive1,0.0704,q_h,6300f8114f71,c914ad80e31b,2026-09-01T03:31:39+00:00,2026-09,07d43c029953,cb5df8fba2b3-dirty,naive1,live,2026-07-5e473ac91f60,local-a73-r2
2026-09,7,india,EB4,FAD,2027-04-01,17515,16853,18177,14954,20076,True,naive1,0.0704,q_h,48b8b5f5a29c,4d6067d766dd,2026-09-01T03:31:39+00:00,2026-09,07d43c029953,cb5df8fba2b3-dirty,naive1,live,2026-07-5e473ac91f60,local-a73-r2
2026-09,8,india,EB4,FAD,2027-05-01,17515,16853,18177,14953,20077,True,naive1,0.0704,q_h,0e9c3be0c7dd,8bcfb61fef6d,2026-09-01T03:31:39+00:00,2026-09,07d43c029953,cb5df8fba2b3-dirty,naive1,live,2026-07-5e473ac91f60,local-a73-r2
2026-09,9,india,EB4,FAD,2027-06-01,17515,16623,18407,14953,20077,True,naive1,0.0704,q_h,cc58c9ea9534,07f94e6f205c,2026-09-01T03:31:39+00:00,2026-09,07d43c029953,cb5df8fba2b3-dirty,naive1,live,2026-07-5e473ac91f60,local-a73-r2
2026-09,10,india,EB4,FAD,2027-07-01,17515,16623,18407,14953,20077,True,naive1,0.0704,q_h,a28645e2a887,963a4deff42b,2026-09-01T03:31:39+00:00,2026-09,07d43c029953,cb5df8fba2b3-dirty,naive1,live,2026-07-5e473ac91f60,local-a73-r2
2026-09,11,india,EB4,FAD,2027-08-01,17515,16623,18407,14953,20077,True,naive1,0.0704,q_h,4425494a63b6,70ce1c792b3a,2026-09-01T03:31:39+00:00,2026-09,07d43c029953,cb5df8fba2b3-dirty,naive1,live,2026-07-5e473ac91f60,local-a73-r2
2026-09,12,india,EB4,FAD,2027-09-01,17515,16561,18469,14814,20216,True,naive1,0.0704,q_h,793524b81a9a,af649c9bb375,2026-09-01T03:31:39+00:00,2026-09,07d43c029953,cb5df8fba2b3-dirty,naive1,live,2026-07-5e473ac91f60,local-a73-r2
2026-09,1,india,EB4_RW,FAD,2026-10-01,17515,16996,18034,16996,18034,True,naive1,0.0918,q_h,246de7f133ec,34bab2aa3e56,2026-09-01T03:31:39+00:00,2026-09,07d43c029953,cb5df8fba2b3-dirty,naive1,live,2026-07-5e473ac91f60,local-a73-r2
2026-09,2,india,EB4_RW,FAD,2026-11-01,17515,16996,18034,16996,18034,True,naive1,0.0918,q_h,dc3561f37a78,79f9128812e5,2026-09-01T03:31:39+00:00,2026-09,07d43c029953,cb5df8fba2b3-dirty,naive1,live,2026-07-5e473ac91f60,local-a73-r2
2026-09,3,india,EB4_RW,FAD,2026-12-01,17515,16996,18034,16429,18601,True,naive1,0.0918,q_h,53b8e5cb6e26,7f88f68db170,2026-09-01T03:31:39+00:00,2026-09,07d43c029953,cb5df8fba2b3-dirty,naive1,live,2026-07-5e473ac91f60,local-a73-r2
2026-09,4,india,EB4_RW,FAD,2027-01-01,17515,16996,18034,15574,19456,True,naive1,0.0918,q_h,f398aafc2346,3acf5d0708ef,2026-09-01T03:31:39+00:00,2026-09,07d43c029953,cb5df8fba2b3-dirty,naive1,live,2026-07-5e473ac91f60,local-a73-r2
2026-09,5,india,EB4_RW,FAD,2027-02-01,17515,16941,18089,15574,19456,True,naive1,0.0918,q_h,86990e14350d,c5f6be935388,2026-09-01T03:31:39+00:00,2026-09,07d43c029953,cb5df8fba2b3-dirty,naive1,live,2026-07-5e473ac91f60,local-a73-r2
2026-09,6,india,EB4_RW,FAD,2027-03-01,17515,16853,18177,15481,19549,True,naive1,0.0918,q_h,c80b2d4298d7,c914ad80e31b,2026-09-01T03:31:39+00:00,2026-09,07d43c029953,cb5df8fba2b3-dirty,naive1,live,2026-07-5e473ac91f60,local-a73-r2
2026-09,7,india,EB4_RW,FAD,2027-04-01,17515,16853,18177,14954,20076,True,naive1,0.0918,q_h,776cd7d482f4,4d6067d766dd,2026-09-01T03:31:39+00:00,2026-09,07d43c029953,cb5df8fba2b3-dirty,naive1,live,2026-07-5e473ac91f60,local-a73-r2
2026-09,8,india,EB4_RW,FAD,2027-05-01,17515,16853,18177,14953,20077,True,naive1,0.0918,q_h,e4ef9e7a0202,8bcfb61fef6d,2026-09-01T03:31:39+00:00,2026-09,07d43c029953,cb5df8fba2b3-dirty,naive1,live,2026-07-5e473ac91f60,local-a73-r2
2026-09,9,india,EB4_RW,FAD,2027-06-01,17515,16623,18407,14953,20077,True,naive1,0.0918,q_h,c9ec5b116295,07f94e6f205c,2026-09-01T03:31:39+00:00,2026-09,07d43c029953,cb5df8fba2b3-dirty,naive1,live,2026-07-5e473ac91f60,local-a73-r2
2026-09,10,india,EB4_RW,FAD,2027-07-01,17515,16623,18407,14953,20077,True,naive1,0.0918,q_h,323a8b956112,963a4deff42b,2026-09-01T03:31:39+00:00,2026-09,07d43c029953,cb5df8fba2b3-dirty,naive1,live,2026-07-5e473ac91f60,local-a73-r2
2026-09,11,india,EB4_RW,FAD,2027-08-01,17515,16623,18407,14953,20077,True,naive1,0.0918,q_h,979265ef71e1,70ce1c792b3a,2026-09-01T03:31:39+00:00,2026-09,07d43c029953,cb5df8fba2b3-dirty,naive1,live,2026-07-5e473ac91f60,local-a73-r2
2026-09,12,india,EB4_RW,FAD,2027-09-01,17515,16561,18469,14814,20216,True,naive1,0.0918,q_h,e4078af6f907,af649c9bb375,2026-09-01T03:31:39+00:00,2026-09,07d43c029953,cb5df8fba2b3-dirty,naive1,live,2026-07-5e473ac91f60,local-a73-r2
2026-09,1,india,F1,DFF,2026-10-01,16467,16236,16698,15109,17825,True,naive1,0.101,q_h,97effcc25afa,3e00320698fd,2026-09-01T03:31:39+00:00,2026-09,07d43c029953,cb5df8fba2b3-dirty,naive1,live,2026-07-5e473ac91f60,local-a73-r2
2026-09,2,india,F1,DFF,2026-11-01,16467,16236,16698,15109,17825,True,naive1,0.101,q_h,8501f59114b3,6f4d32e2415c,2026-09-01T03:31:39+00:00,2026-09,07d43c029953,cb5df8fba2b3-dirty,naive1,live,2026-07-5e473ac91f60,local-a73-r2
2026-09,3,india,F1,DFF,2026-12-01,16467,16236,16698,15109,17825,True,naive1,0.101,q_h,9fcd52ced44d,1d15b231b087,2026-09-01T03:31:39+00:00,2026-09,07d43c029953,cb5df8fba2b3-dirty,naive1,live,2026-07-5e473ac91f60,local-a73-r2
2026-09,4,india,F1,DFF,2027-01-01,16467,16207,16727,15109,17825,True,naive1,0.101,q_h,2444030b00f4,570b7a5196db,2026-09-01T03:31:39+00:00,2026-09,07d43c029953,cb5df8fba2b3-dirty,naive1,live,2026-07-5e473ac91f60,local-a73-r2
2026-09,5,india,F1,DFF,2027-02-01,16467,16146,16788,15109,17825,True,naive1,0.101,q_h,bcfae6a9d5fb,0728ce7ee761,2026-09-01T03:31:39+00:00,2026-09,07d43c029953,cb5df8fba2b3-dirty,naive1,live,2026-07-5e473ac91f60,local-a73-r2
2026-09,6,india,F1,DFF,2027-03-01,16467,16089,16845,15041,17893,True,naive1,0.101,q_h,2a02be59e35e,5344a83d2793,2026-09-01T03:31:39+00:00,2026-09,07d43c029953,cb5df8fba2b3-dirty,naive1,live,2026-07-5e473ac91f60,local-a73-r2
2026-09,7,india,F1,DFF,2027-04-01,16467,16089,16845,15007,17927,True,naive1,0.101,q_h,15103e26bdf2,09ffd8862113,2026-09-01T03:31:39+00:00,2026-09,07d43c029953,cb5df8fba2b3-dirty,naive1,live,2026-07-5e473ac91f60,local-a73-r2
2026-09,8,india,F1,DFF,2027-05-01,16467,16089,16845,15007,17927,True,naive1,0.101,q_h,459c49cfb20d,6aa37eeef021,2026-09-01T03:31:39+00:00,2026-09,07d43c029953,cb5df8fba2b3-dirty,naive1,live,2026-07-5e473ac91f60,local-a73-r2
2026-09,9,india,F1,DFF,2027-06-01,16467,15928,17006,15007,17927,True,naive1,0.101,q_h,ce0319f883a8,cfec3bf34742,2026-09-01T03:31:39+00:00,2026-09,07d43c029953,cb5df8fba2b3-dirty,naive1,live,2026-07-5e473ac91f60,local-a73-r2
2026-09,10,india,F1,DFF,2027-07-01,16467,15869,17065,15007,17927,True,naive1,0.101,q_h,f206c4e9cb6f,bf3efb443f2a,2026-09-01T03:31:39+00:00,2026-09,07d43c029953,cb5df8fba2b3-dirty,naive1,live,2026-07-5e473ac91f60,local-a73-r2
2026-09,11,india,F1,DFF,2027-08-01,16467,15822,17112,15007,17927,True,naive1,0.101,q_h,042ec3f66c49,9d9a0848b3cd,2026-09-01T03:31:39+00:00,2026-09,07d43c029953,cb5df8fba2b3-dirty,naive1,live,2026-07-5e473ac91f60,local-a73-r2
2026-09,12,india,F1,DFF,2027-09-01,16467,15730,17204,15007,17927,True,naive1,0.101,q_h,05491207b538,ee2df105f36d,2026-09-01T03:31:39+00:00,2026-09,07d43c029953,cb5df8fba2b3-dirty,naive1,live,2026-07-5e473ac91f60,local-a73-r2
2026-09,1,india,F1,FAD,2026-10-01,16457,16054,16860,16054,16860,True,naive1,0.1882,q_h,b00d5550cf81,786e0a2818d4,2026-09-01T03:31:39+00:00,2026-09,07d43c029953,cb5df8fba2b3-dirty,naive1,live,2026-07-5e473ac91f60,local-a73-r2
2026-09,2,india,F1,FAD,2026-11-01,16457,16054,16860,16054,16860,True,naive1,0.1882,q_h,9096b43cc002,692ebb469d09,2026-09-01T03:31:39+00:00,2026-09,07d43c029953,cb5df8fba2b3-dirty,naive1,live,2026-07-5e473ac91f60,local-a73-r2
2026-09,3,india,F1,FAD,2026-12-01,16457,16054,16860,15613,17301,True,naive1,0.1882,q_h,935bfe6677b2,1fde88e34357,2026-09-01T03:31:39+00:00,2026-09,07d43c029953,cb5df8fba2b3-dirty,naive1,live,2026-07-5e473ac91f60,local-a73-r2
2026-09,4,india,F1,FAD,2027-01-01,16457,16054,16860,14950,17964,True,naive1,0.1882,q_h,2da68adca6be,271893881d70,2026-09-01T03:31:39+00:00,2026-09,07d43c029953,cb5df8fba2b3-dirty,naive1,live,2026-07-5e473ac91f60,local-a73-r2
2026-09,5,india,F1,FAD,2027-02-01,16457,16011,16903,14950,17964,True,naive1,0.1882,q_h,5c5b213526a4,b1f52d36c338,2026-09-01T03:31:39+00:00,2026-09,07d43c029953,cb5df8fba2b3-dirty,naive1,live,2026-07-5e473ac91f60,local-a73-r2
2026-09,6,india,F1,FAD,2027-03-01,16457,15943,16971,14878,18036,True,naive1,0.1882,q_h,d0fb0d088b72,c85fc52f331c,2026-09-01T03:31:39+00:00,2026-09,07d43c029953,cb5df8fba2b3-dirty,naive1,live,2026-07-5e473ac91f60,local-a73-r2
2026-09,7,india,F1,FAD,2027-04-01,16457,15943,16971,14469,18445,True,naive1,0.1882,q_h,10e49b9d2519,662373572338,2026-09-01T03:31:39+00:00,2026-09,07d43c029953,cb5df8fba2b3-dirty,naive1,live,2026-07-5e473ac91f60,local-a73-r2
2026-09,8,india,F1,FAD,2027-05-01,16457,15943,16971,14467,18447,True,naive1,0.1882,q_h,ad4d58870f57,3c6e9e84c639,2026-09-01T03:31:39+00:00,2026-09,07d43c029953,cb5df8fba2b3-dirty,naive1,live,2026-07-5e473ac91f60,local-a73-r2
2026-09,9,india,F1,FAD,2027-06-01,16457,15765,17149,14467,18447,True,naive1,0.1882,q_h,f397c00ee225,1989fcc52237,2026-09-01T03:31:39+00:00,2026-09,07d43c029953,cb5df8fba2b3-dirty,naive1,live,2026-07-5e473ac91f60,local-a73-r2
2026-09,10,india,F1,FAD,2027-07-01,16457,15765,17149,14467,18447,True,naive1,0.1882,q_h,491612539650,81c34c200069,2026-09-01T03:31:39+00:00,2026-09,07d43c029953,cb5df8fba2b3-dirty,naive1,live,2026-07-5e473ac91f60,local-a73-r2
2026-09,11,india,F1,FAD,2027-08-01,16457,15765,17149,14467,18447,True,naive1,0.1882,q_h,71329f68d51a,ddc92af5a1b1,2026-09-01T03:31:39+00:00,2026-09,07d43c029953,cb5df8fba2b3-dirty,naive1,live,2026-07-5e473ac91f60,local-a73-r2
2026-09,12,india,F1,FAD,2027-09-01,16457,15716,17198,14360,18554,True,naive1,0.1882,q_h,e8074582ad3c,b6f4ebf40413,2026-09-01T03:31:39+00:00,2026-09,07d43c029953,cb5df8fba2b3-dirty,naive1,live,2026-07-5e473ac91f60,local-a73-r2
2026-09,1,india,F2A,FAD,2026-10-01,18861,18294,19428,18294,19428,True,naive1,0.1315,q_h,a4b8e0b4d8d4,aad3e588ae31,2026-09-01T03:31:39+00:00,2026-09,07d43c029953,cb5df8fba2b3-dirty,naive1,live,2026-07-5e473ac91f60,local-a73-r2
2026-09,2,india,F2A,FAD,2026-11-01,18861,18294,19428,18294,19428,True,naive1,0.1315,q_h,332c9ec4bf8b,d3ce3bd86832,2026-09-01T03:31:39+00:00,2026-09,07d43c029953,cb5df8fba2b3-dirty,naive1,live,2026-07-5e473ac91f60,local-a73-r2
2026-09,3,india,F2A,FAD,2026-12-01,18861,18294,19428,17674,20048,True,naive1,0.1315,q_h,a640716d0217,2850606c4ac3,2026-09-01T03:31:39+00:00,2026-09,07d43c029953,cb5df8fba2b3-dirty,naive1,live,2026-07-5e473ac91f60,local-a73-r2
2026-09,4,india,F2A,FAD,2027-01-01,18861,18294,19428,16741,20981,True,naive1,0.1315,q_h,6d90f5cf9749,6af3df23839a,2026-09-01T03:31:39+00:00,2026-09,07d43c029953,cb5df8fba2b3-dirty,naive1,live,2026-07-5e473ac91f60,local-a73-r2
2026-09,5,india,F2A,FAD,2027-02-01,18861,18234,19488,16741,20981,True,naive1,0.1315,q_h,68010ba89f03,e0f037fdbbf9,2026-09-01T03:31:39+00:00,2026-09,07d43c029953,cb5df8fba2b3-dirty,naive1,live,2026-07-5e473ac91f60,local-a73-r2
2026-09,6,india,F2A,FAD,2027-03-01,18861,18138,19584,16639,21083,True,naive1,0.1315,q_h,712f35d0faf2,aa5b984ba48b,2026-09-01T03:31:39+00:00,2026-09,07d43c029953,cb5df8fba2b3-dirty,naive1,live,2026-07-5e473ac91f60,local-a73-r2
2026-09,7,india,F2A,FAD,2027-04-01,18861,18138,19584,16063,21659,True,naive1,0.1315,q_h,5fabb66807c7,f1c135a1693b,2026-09-01T03:31:39+00:00,2026-09,07d43c029953,cb5df8fba2b3-dirty,naive1,live,2026-07-5e473ac91f60,local-a73-r2
2026-09,8,india,F2A,FAD,2027-05-01,18861,18138,19584,16062,21660,True,naive1,0.1315,q_h,b9e37a054865,894d27a50f7b,2026-09-01T03:31:39+00:00,2026-09,07d43c029953,cb5df8fba2b3-dirty,naive1,live,2026-07-5e473ac91f60,local-a73-r2
2026-09,9,india,F2A,FAD,2027-06-01,18861,17887,19835,16062,21660,True,naive1,0.1315,q_h,350af9c2cea7,23408385440f,2026-09-01T03:31:39+00:00,2026-09,07d43c029953,cb5df8fba2b3-dirty,naive1,live,2026-07-5e473ac91f60,local-a73-r2
2026-09,10,india,F2A,FAD,2027-07-01,18861,17887,19835,16062,21660,True,naive1,0.1315,q_h,2eaa0ef57f78,abae5c58e2c8,2026-09-01T03:31:39+00:00,2026-09,07d43c029953,cb5df8fba2b3-dirty,naive1,live,2026-07-5e473ac91f60,local-a73-r2
2026-09,11,india,F2A,FAD,2027-08-01,18861,17887,19835,16062,21660,True,naive1,0.1315,q_h,17bde240bcfd,c1e64a46b211,2026-09-01T03:31:39+00:00,2026-09,07d43c029953,cb5df8fba2b3-dirty,naive1,live,2026-07-5e473ac91f60,local-a73-r2
2026-09,12,india,F2A,FAD,2027-09-01,18861,17819,19903,15910,21812,True,naive1,0.1315,q_h,8813a633789b,719aeb3cd4ab,2026-09-01T03:31:39+00:00,2026-09,07d43c029953,cb5df8fba2b3-dirty,naive1,live,2026-07-5e473ac91f60,local-a73-r2
2026-09,1,india,F2B,DFF,2026-10-01,16314,16071,16557,14885,17743,True,naive1,0.1447,q_h,48f48a771d92,03d7b36c9e25,2026-09-01T03:31:39+00:00,2026-09,07d43c029953,cb5df8fba2b3-dirty,naive1,live,2026-07-5e473ac91f60,local-a73-r2
2026-09,2,india,F2B,DFF,2026-11-01,16314,16071,16557,14885,17743,True,naive1,0.1447,q_h,d0e4617f1651,e75833057080,2026-09-01T03:31:39+00:00,2026-09,07d43c029953,cb5df8fba2b3-dirty,naive1,live,2026-07-5e473ac91f60,local-a73-r2
2026-09,3,india,F2B,DFF,2026-12-01,16314,16071,16557,14885,17743,True,naive1,0.1447,q_h,fc3650bf9838,e016d61f2d07,2026-09-01T03:31:39+00:00,2026-09,07d43c029953,cb5df8fba2b3-dirty,naive1,live,2026-07-5e473ac91f60,local-a73-r2
2026-09,4,india,F2B,DFF,2027-01-01,16314,16041,16587,14885,17743,True,naive1,0.1447,q_h,c3349a4600b6,d8e025816ce7,2026-09-01T03:31:39+00:00,2026-09,07d43c029953,cb5df8fba2b3-dirty,naive1,live,2026-07-5e473ac91f60,local-a73-r2
2026-09,5,india,F2B,DFF,2027-02-01,16314,15977,16651,14885,17743,True,naive1,0.1447,q_h,a15013375f4b,e59af6074eb0,2026-09-01T03:31:39+00:00,2026-09,07d43c029953,cb5df8fba2b3-dirty,naive1,live,2026-07-5e473ac91f60,local-a73-r2
2026-09,6,india,F2B,DFF,2027-03-01,16314,15916,16712,14814,17814,True,naive1,0.1447,q_h,1bed5955311f,3bb7bfd557bd,2026-09-01T03:31:39+00:00,2026-09,07d43c029953,cb5df8fba2b3-dirty,naive1,live,2026-07-5e473ac91f60,local-a73-r2
2026-09,7,india,F2B,DFF,2027-04-01,16314,15916,16712,14778,17850,True,naive1,0.1447,q_h,7c9b3c59973e,4000cdb3e6cc,2026-09-01T03:31:39+00:00,2026-09,07d43c029953,cb5df8fba2b3-dirty,naive1,live,2026-07-5e473ac91f60,local-a73-r2
2026-09,8,india,F2B,DFF,2027-05-01,16314,15916,16712,14778,17850,True,naive1,0.1447,q_h,87f9b88f834f,53ae0b06bacf,2026-09-01T03:31:39+00:00,2026-09,07d43c029953,cb5df8fba2b3-dirty,naive1,live,2026-07-5e473ac91f60,local-a73-r2
2026-09,9,india,F2B,DFF,2027-06-01,16314,15747,16881,14778,17850,True,naive1,0.1447,q_h,a8eb2006d043,039b31ed940b,2026-09-01T03:31:39+00:00,2026-09,07d43c029953,cb5df8fba2b3-dirty,naive1,live,2026-07-5e473ac91f60,local-a73-r2
2026-09,10,india,F2B,DFF,2027-07-01,16314,15685,16943,14778,17850,True,naive1,0.1447,q_h,5287247c0f4b,592ef3c3f534,2026-09-01T03:31:39+00:00,2026-09,07d43c029953,cb5df8fba2b3-dirty,naive1,live,2026-07-5e473ac91f60,local-a73-r2
2026-09,11,india,F2B,DFF,2027-08-01,16314,15636,16992,14778,17850,True,naive1,0.1447,q_h,2662731303f2,2e6066f91901,2026-09-01T03:31:39+00:00,2026-09,07d43c029953,cb5df8fba2b3-dirty,naive1,live,2026-07-5e473ac91f60,local-a73-r2
2026-09,12,india,F2B,DFF,2027-09-01,16314,15539,17089,14778,17850,True,naive1,0.1447,q_h,e8f73ec83bbd,e4e23f2d9ffc,2026-09-01T03:31:39+00:00,2026-09,07d43c029953,cb5df8fba2b3-dirty,naive1,live,2026-07-5e473ac91f60,local-a73-r2
2026-09,1,india,F2B,FAD,2026-10-01,16304,15706,16902,15706,16902,True,naive1,0.1247,q_h,78ba7e946054,cce6f871a5dc,2026-09-01T03:31:39+00:00,2026-09,07d43c029953,cb5df8fba2b3-dirty,naive1,live,2026-07-5e473ac91f60,local-a73-r2
2026-09,2,india,F2B,FAD,2026-11-01,16304,15706,16902,15706,16902,True,naive1,0.1247,q_h,509dd9376acf,eb18c24a6c96,2026-09-01T03:31:39+00:00,2026-09,07d43c029953,cb5df8fba2b3-dirty,naive1,live,2026-07-5e473ac91f60,local-a73-r2
2026-09,3,india,F2B,FAD,2026-12-01,16304,15706,16902,15052,17556,True,naive1,0.1247,q_h,3798166ecbb0,5f0cbec8e067,2026-09-01T03:31:39+00:00,2026-09,07d43c029953,cb5df8fba2b3-dirty,naive1,live,2026-07-5e473ac91f60,local-a73-r2
2026-09,4,india,F2B,FAD,2027-01-01,16304,15706,16902,14068,18540,True,naive1,0.1247,q_h,4e100477511c,6f70353fce7f,2026-09-01T03:31:39+00:00,2026-09,07d43c029953,cb5df8fba2b3-dirty,naive1,live,2026-07-5e473ac91f60,local-a73-r2
2026-09,5,india,F2B,FAD,2027-02-01,16304,15642,16966,14068,18540,True,naive1,0.1247,q_h,4edea4e1f96f,128271498ef1,2026-09-01T03:31:39+00:00,2026-09,07d43c029953,cb5df8fba2b3-dirty,naive1,live,2026-07-5e473ac91f60,local-a73-r2
2026-09,6,india,F2B,FAD,2027-03-01,16304,15542,17066,13960,18648,True,naive1,0.1247,q_h,f937b0118145,97028e86272d,2026-09-01T03:31:39+00:00,2026-09,07d43c029953,cb5df8fba2b3-dirty,naive1,live,2026-07-5e473ac91f60,local-a73-r2
2026-09,7,india,F2B,FAD,2027-04-01,16304,15542,17066,13353,19255,True,naive1,0.1247,q_h,c753462348a9,2acf71862262,2026-09-01T03:31:39+00:00,2026-09,07d43c029953,cb5df8fba2b3-dirty,naive1,live,2026-07-5e473ac91f60,local-a73-r2
2026-09,8,india,F2B,FAD,2027-05-01,16304,15542,17066,13352,19256,True,naive1,0.1247,q_h,b557b4781a2a,aad4ce851711,2026-09-01T03:31:39+00:00,2026-09,07d43c029953,cb5df8fba2b3-dirty,naive1,live,2026-07-5e473ac91f60,local-a73-r2
2026-09,9,india,F2B,FAD,2027-06-01,16304,15277,17331,13352,19256,True,naive1,0.1247,q_h,89b7eb683eaa,0ae8f056d397,2026-09-01T03:31:39+00:00,2026-09,07d43c029953,cb5df8fba2b3-dirty,naive1,live,2026-07-5e473ac91f60,local-a73-r2
2026-09,10,india,F2B,FAD,2027-07-01,16304,15277,17331,13352,19256,True,naive1,0.1247,q_h,c278185c2c4c,e8d0581cc5c3,2026-09-01T03:31:39+00:00,2026-09,07d43c029953,cb5df8fba2b3-dirty,naive1,live,2026-07-5e473ac91f60,local-a73-r2
2026-09,11,india,F2B,FAD,2027-08-01,16304,15277,17331,13352,19256,True,naive1,0.1247,q_h,937bfba26bdb,0d719717a550,2026-09-01T03:31:39+00:00,2026-09,07d43c029953,cb5df8fba2b3-dirty,naive1,live,2026-07-5e473ac91f60,local-a73-r2
2026-09,12,india,F2B,FAD,2027-09-01,16304,15205,17403,13192,19416,True,naive1,0.1247,q_h,a0a0e293a8a0,91e9609c8bbb,2026-09-01T03:31:39+00:00,2026-09,07d43c029953,cb5df8fba2b3-dirty,naive1,live,2026-07-5e473ac91f60,local-a73-r2
2026-09,1,india,F3,DFF,2026-10-01,14549,13939,15159,10962,18136,True,naive1,0.2604,q_h,548d1118335f,4c7a7c9ccf66,2026-09-01T03:31:39+00:00,2026-09,07d43c029953,cb5df8fba2b3-dirty,naive1,live,2026-07-5e473ac91f60,local-a73-r2
2026-09,2,india,F3,DFF,2026-11-01,14549,13939,15159,10962,18136,True,naive1,0.2604,q_h,5b0ed7c6f98a,7eb8db1b97c6,2026-09-01T03:31:39+00:00,2026-09,07d43c029953,cb5df8fba2b3-dirty,naive1,live,2026-07-5e473ac91f60,local-a73-r2
2026-09,3,india,F3,DFF,2026-12-01,14549,13939,15159,10962,18136,True,naive1,0.2604,q_h,7a072449567a,5ecb5a3036f4,2026-09-01T03:31:39+00:00,2026-09,07d43c029953,cb5df8fba2b3-dirty,naive1,live,2026-07-5e473ac91f60,local-a73-r2
2026-09,4,india,F3,DFF,2027-01-01,14549,13863,15235,10962,18136,True,naive1,0.2604,q_h,19c4bd52631a,71b53a61fc68,2026-09-01T03:31:39+00:00,2026-09,07d43c029953,cb5df8fba2b3-dirty,naive1,live,2026-07-5e473ac91f60,local-a73-r2
2026-09,5,india,F3,DFF,2027-02-01,14549,13703,15395,10962,18136,True,naive1,0.2604,q_h,44a9c6b4665a,f13e4a421aba,2026-09-01T03:31:39+00:00,2026-09,07d43c029953,cb5df8fba2b3-dirty,naive1,live,2026-07-5e473ac91f60,local-a73-r2
2026-09,6,india,F3,DFF,2027-03-01,14549,13550,15548,10784,18314,True,naive1,0.2604,q_h,979db64cba04,427b30884191,2026-09-01T03:31:39+00:00,2026-09,07d43c029953,cb5df8fba2b3-dirty,naive1,live,2026-07-5e473ac91f60,local-a73-r2
2026-09,7,india,F3,DFF,2027-04-01,14549,13550,15548,10694,18404,True,naive1,0.2604,q_h,d9e483dae0c9,04646dc7a522,2026-09-01T03:31:39+00:00,2026-09,07d43c029953,cb5df8fba2b3-dirty,naive1,live,2026-07-5e473ac91f60,local-a73-r2
2026-09,8,india,F3,DFF,2027-05-01,14549,13550,15548,10694,18404,True,naive1,0.2604,q_h,3441fb3ab877,3963d1255eed,2026-09-01T03:31:39+00:00,2026-09,07d43c029953,cb5df8fba2b3-dirty,naive1,live,2026-07-5e473ac91f60,local-a73-r2
2026-09,9,india,F3,DFF,2027-06-01,14549,13125,15973,10694,18404,True,naive1,0.2604,q_h,95fea8fdbcd1,db7bd05b5ce7,2026-09-01T03:31:39+00:00,2026-09,07d43c029953,cb5df8fba2b3-dirty,naive1,live,2026-07-5e473ac91f60,local-a73-r2
2026-09,10,india,F3,DFF,2027-07-01,14549,12969,16129,10694,18404,True,naive1,0.2604,q_h,dfb2f74e8d64,db08e5f4b94b,2026-09-01T03:31:39+00:00,2026-09,07d43c029953,cb5df8fba2b3-dirty,naive1,live,2026-07-5e473ac91f60,local-a73-r2
2026-09,11,india,F3,DFF,2027-08-01,14549,12847,16251,10694,18404,True,naive1,0.2604,q_h,e7cf2245be6c,970cfad4364c,2026-09-01T03:31:39+00:00,2026-09,07d43c029953,cb5df8fba2b3-dirty,naive1,live,2026-07-5e473ac91f60,local-a73-r2
2026-09,12,india,F3,DFF,2027-09-01,14549,12603,16495,10694,18404,True,naive1,0.2604,q_h,18f146635065,2b65862d15db,2026-09-01T03:31:39+00:00,2026-09,07d43c029953,cb5df8fba2b3-dirty,naive1,live,2026-07-5e473ac91f60,local-a73-r2
2026-09,1,india,F3,FAD,2026-10-01,14539,13649,15429,13649,15429,True,naive1,0.2904,q_h,c95af741b1f9,2622b156ca48,2026-09-01T03:31:39+00:00,2026-09,07d43c029953,cb5df8fba2b3-dirty,naive1,live,2026-07-5e473ac91f60,local-a73-r2
2026-09,2,india,F3,FAD,2026-11-01,14539,13649,15429,13649,15429,True,naive1,0.2904,q_h,bceb578214a6,c1af940ebea0,2026-09-01T03:31:39+00:00,2026-09,07d43c029953,cb5df8fba2b3-dirty,naive1,live,2026-07-5e473ac91f60,local-a73-r2
2026-09,3,india,F3,FAD,2026-12-01,14539,13649,15429,12676,16402,True,naive1,0.2904,q_h,e55412d39f03,0a2f24e75e2c,2026-09-01T03:31:39+00:00,2026-09,07d43c029953,cb5df8fba2b3-dirty,naive1,live,2026-07-5e473ac91f60,local-a73-r2
2026-09,4,india,F3,FAD,2027-01-01,14539,13649,15429,11211,17867,True,naive1,0.2904,q_h,980a0f97f1d7,975f8b273fc2,2026-09-01T03:31:39+00:00,2026-09,07d43c029953,cb5df8fba2b3-dirty,naive1,live,2026-07-5e473ac91f60,local-a73-r2
2026-09,5,india,F3,FAD,2027-02-01,14539,13554,15524,11211,17867,True,naive1,0.2904,q_h,b468b20c6e2c,15af105bd6fb,2026-09-01T03:31:39+00:00,2026-09,07d43c029953,cb5df8fba2b3-dirty,naive1,live,2026-07-5e473ac91f60,local-a73-r2
2026-09,6,india,F3,FAD,2027-03-01,14539,13404,15674,11051,18027,True,naive1,0.2904,q_h,f4ad52b20bbb,1221e770c954,2026-09-01T03:31:39+00:00,2026-09,07d43c029953,cb5df8fba2b3-dirty,naive1,live,2026-07-5e473ac91f60,local-a73-r2
2026-09,7,india,F3,FAD,2027-04-01,14539,13404,15674,10148,18930,True,naive1,0.2904,q_h,07e0b305157e,6e88d53f8c70,2026-09-01T03:31:39+00:00,2026-09,07d43c029953,cb5df8fba2b3-dirty,naive1,live,2026-07-5e473ac91f60,local-a73-r2
2026-09,8,india,F3,FAD,2027-05-01,14539,13404,15674,10145,18933,True,naive1,0.2904,q_h,d80551d6509f,995bf388716b,2026-09-01T03:31:39+00:00,2026-09,07d43c029953,cb5df8fba2b3-dirty,naive1,live,2026-07-5e473ac91f60,local-a73-r2
2026-09,9,india,F3,FAD,2027-06-01,14539,13010,16068,10145,18933,True,naive1,0.2904,q_h,c71e7f8d4425,9c85ef167807,2026-09-01T03:31:39+00:00,2026-09,07d43c029953,cb5df8fba2b3-dirty,naive1,live,2026-07-5e473ac91f60,local-a73-r2
2026-09,10,india,F3,FAD,2027-07-01,14539,13010,16068,10145,18933,True,naive1,0.2904,q_h,56a5b3eb4a88,dba6f054353b,2026-09-01T03:31:39+00:00,2026-09,07d43c029953,cb5df8fba2b3-dirty,naive1,live,2026-07-5e473ac91f60,local-a73-r2
2026-09,11,india,F3,FAD,2027-08-01,14539,13010,16068,10145,18933,True,naive1,0.2904,q_h,86fd53828616,0e5aa1eda62a,2026-09-01T03:31:39+00:00,2026-09,07d43c029953,cb5df8fba2b3-dirty,naive1,live,2026-07-5e473ac91f60,local-a73-r2
2026-09,12,india,F3,FAD,2027-09-01,14539,12903,16175,9908,19170,True,naive1,0.2904,q_h,cfd4cee1cafe,02be22a95384,2026-09-01T03:31:39+00:00,2026-09,07d43c029953,cb5df8fba2b3-dirty,naive1,live,2026-07-5e473ac91f60,local-a73-r2
2026-09,1,india,F4,DFF,2026-10-01,11671,11610,11732,11312,12030,True,naive1,0.083,q_h,84e875ef77ee,d4454d47b75e,2026-09-01T03:31:39+00:00,2026-09,07d43c029953,cb5df8fba2b3-dirty,naive1,live,2026-07-5e473ac91f60,local-a73-r2
2026-09,2,india,F4,DFF,2026-11-01,11671,11610,11732,11312,12030,True,naive1,0.083,q_h,fc3cd05b72a6,fee00cf8e10d,2026-09-01T03:31:39+00:00,2026-09,07d43c029953,cb5df8fba2b3-dirty,naive1,live,2026-07-5e473ac91f60,local-a73-r2
2026-09,3,india,F4,DFF,2026-12-01,11671,11610,11732,11312,12030,True,naive1,0.083,q_h,5828395c2576,593632d260e4,2026-09-01T03:31:39+00:00,2026-09,07d43c029953,cb5df8fba2b3-dirty,naive1,live,2026-07-5e473ac91f60,local-a73-r2
2026-09,4,india,F4,DFF,2027-01-01,11671,11602,11740,11312,12030,True,naive1,0.083,q_h,a826ecf9a24d,d997537f80a2,2026-09-01T03:31:39+00:00,2026-09,07d43c029953,cb5df8fba2b3-dirty,naive1,live,2026-07-5e473ac91f60,local-a73-r2
2026-09,5,india,F4,DFF,2027-02-01,11671,11586,11756,11312,12030,True,naive1,0.083,q_h,4294ab422832,ea5a7a75e4e4,2026-09-01T03:31:39+00:00,2026-09,07d43c029953,cb5df8fba2b3-dirty,naive1,live,2026-07-5e473ac91f60,local-a73-r2
2026-09,6,india,F4,DFF,2027-03-01,11671,11571,11771,11295,12047,True,naive1,0.083,q_h,1445bc67d25d,891d2653316f,2026-09-01T03:31:39+00:00,2026-09,07d43c029953,cb5df8fba2b3-dirty,naive1,live,2026-07-5e473ac91f60,local-a73-r2
2026-09,7,india,F4,DFF,2027-04-01,11671,11571,11771,11285,12057,True,naive1,0.083,q_h,70db507d62e9,88469ccf0ec4,2026-09-01T03:31:39+00:00,2026-09,07d43c029953,cb5df8fba2b3-dirty,naive1,live,2026-07-5e473ac91f60,local-a73-r2
2026-09,8,india,F4,DFF,2027-05-01,11671,11571,11771,11285,12057,True,naive1,0.083,q_h,f14b7964d2e0,b58e50b66974,2026-09-01T03:31:39+00:00,2026-09,07d43c029953,cb5df8fba2b3-dirty,naive1,live,2026-07-5e473ac91f60,local-a73-r2
2026-09,9,india,F4,DFF,2027-06-01,11671,11529,11813,11285,12057,True,naive1,0.083,q_h,37f411f1beb8,51dbd22fcfb2,2026-09-01T03:31:39+00:00,2026-09,07d43c029953,cb5df8fba2b3-dirty,naive1,live,2026-07-5e473ac91f60,local-a73-r2
2026-09,10,india,F4,DFF,2027-07-01,11671,11513,11829,11285,12057,True,naive1,0.083,q_h,0e50edb8f46e,dca882c9f248,2026-09-01T03:31:39+00:00,2026-09,07d43c029953,cb5df8fba2b3-dirty,naive1,live,2026-07-5e473ac91f60,local-a73-r2
2026-09,11,india,F4,DFF,2027-08-01,11671,11501,11841,11285,12057,True,naive1,0.083,q_h,efce72b51ff8,fe29dec02200,2026-09-01T03:31:39+00:00,2026-09,07d43c029953,cb5df8fba2b3-dirty,naive1,live,2026-07-5e473ac91f60,local-a73-r2
2026-09,12,india,F4,DFF,2027-09-01,11671,11476,11866,11285,12057,True,naive1,0.083,q_h,8e4be0f07ac7,eb3e9307b44b,2026-09-01T03:31:39+00:00,2026-09,07d43c029953,cb5df8fba2b3-dirty,naive1,live,2026-07-5e473ac91f60,local-a73-r2
2026-09,1,india,F4,FAD,2026-10-01,11627,11511,11743,11511,11743,True,naive1,0.035,q_h,92ab50d4e386,d011a9105859,2026-09-01T03:31:39+00:00,2026-09,07d43c029953,cb5df8fba2b3-dirty,naive1,live,2026-07-5e473ac91f60,local-a73-r2
2026-09,2,india,F4,FAD,2026-11-01,11627,11511,11743,11511,11743,True,naive1,0.035,q_h,35e1fe0d69f8,32fe6dfdd482,2026-09-01T03:31:39+00:00,2026-09,07d43c029953,cb5df8fba2b3-dirty,naive1,live,2026-07-5e473ac91f60,local-a73-r2
2026-09,3,india,F4,FAD,2026-12-01,11627,11511,11743,11384,11870,True,naive1,0.035,q_h,64c48e77b43d,58bd6b46c328,2026-09-01T03:31:39+00:00,2026-09,07d43c029953,cb5df8fba2b3-dirty,naive1,live,2026-07-5e473ac91f60,local-a73-r2
2026-09,4,india,F4,FAD,2027-01-01,11627,11511,11743,11193,12061,True,naive1,0.035,q_h,6fcea3dd4b54,5a576da7a106,2026-09-01T03:31:39+00:00,2026-09,07d43c029953,cb5df8fba2b3-dirty,naive1,live,2026-07-5e473ac91f60,local-a73-r2
2026-09,5,india,F4,FAD,2027-02-01,11627,11499,11755,11193,12061,True,naive1,0.035,q_h,294b6a36f8d4,1ca6fafcd957,2026-09-01T03:31:39+00:00,2026-09,07d43c029953,cb5df8fba2b3-dirty,naive1,live,2026-07-5e473ac91f60,local-a73-r2
2026-09,6,india,F4,FAD,2027-03-01,11627,11479,11775,11172,12082,True,naive1,0.035,q_h,8fb875b1fb1f,444f45d307b5,2026-09-01T03:31:39+00:00,2026-09,07d43c029953,cb5df8fba2b3-dirty,naive1,live,2026-07-5e473ac91f60,local-a73-r2
2026-09,7,india,F4,FAD,2027-04-01,11627,11479,11775,11055,12199,True,naive1,0.035,q_h,ebd1eee26040,063093b036da,2026-09-01T03:31:39+00:00,2026-09,07d43c029953,cb5df8fba2b3-dirty,naive1,live,2026-07-5e473ac91f60,local-a73-r2
2026-09,8,india,F4,FAD,2027-05-01,11627,11479,11775,11054,12200,True,naive1,0.035,q_h,971b24fdfbfa,18de17350c1a,2026-09-01T03:31:39+00:00,2026-09,07d43c029953,cb5df8fba2b3-dirty,naive1,live,2026-07-5e473ac91f60,local-a73-r2
2026-09,9,india,F4,FAD,2027-06-01,11627,11428,11826,11054,12200,True,naive1,0.035,q_h,e266a6a95b73,5248dfe6b0ca,2026-09-01T03:31:39+00:00,2026-09,07d43c029953,cb5df8fba2b3-dirty,naive1,live,2026-07-5e473ac91f60,local-a73-r2
2026-09,10,india,F4,FAD,2027-07-01,11627,11428,11826,11054,12200,True,naive1,0.035,q_h,b58f34e79a5c,9d8ee6931bd6,2026-09-01T03:31:39+00:00,2026-09,07d43c029953,cb5df8fba2b3-dirty,naive1,live,2026-07-5e473ac91f60,local-a73-r2
2026-09,11,india,F4,FAD,2027-08-01,11627,11428,11826,11054,12200,True,naive1,0.035,q_h,0f50700a553f,d9b5e485fa8b,2026-09-01T03:31:39+00:00,2026-09,07d43c029953,cb5df8fba2b3-dirty,naive1,live,2026-07-5e473ac91f60,local-a73-r2
2026-09,12,india,F4,FAD,2027-09-01,11627,11414,11840,11023,12231,True,naive1,0.035,q_h,ae992e6eca7b,e6cf0ddc0618,2026-09-01T03:31:39+00:00,2026-09,07d43c029953,cb5df8fba2b3-dirty,naive1,live,2026-07-5e473ac91f60,local-a73-r2
2026-09,1,mexico,EB3,FAD,2026-10-01,18141,17427,18855,17427,18855,True,naive1,0.0818,q_h,2cc7a1c352f6,ba1d15f56cd5,2026-09-01T03:31:39+00:00,2026-09,07d43c029953,cb5df8fba2b3-dirty,naive1,live,2026-07-5e473ac91f60,local-a73-r2
2026-09,2,mexico,EB3,FAD,2026-11-01,18141,17427,18855,17427,18855,True,naive1,0.0818,q_h,e654a02416c1,93142313d94f,2026-09-01T03:31:39+00:00,2026-09,07d43c029953,cb5df8fba2b3-dirty,naive1,live,2026-07-5e473ac91f60,local-a73-r2
2026-09,3,mexico,EB3,FAD,2026-12-01,18141,17427,18855,16646,19636,True,naive1,0.0818,q_h,378e46d88966,ce1d2cc95b0b,2026-09-01T03:31:39+00:00,2026-09,07d43c029953,cb5df8fba2b3-dirty,naive1,live,2026-07-5e473ac91f60,local-a73-r2
2026-09,4,mexico,EB3,FAD,2027-01-01,18141,17427,18855,15471,20811,True,naive1,0.0818,q_h,f58b4224695f,73db4b0b3519,2026-09-01T03:31:39+00:00,2026-09,07d43c029953,cb5df8fba2b3-dirty,naive1,live,2026-07-5e473ac91f60,local-a73-r2
2026-09,5,mexico,EB3,FAD,2027-02-01,18141,17351,18931,15471,20811,True,naive1,0.0818,q_h,052c0bf6dae1,ab85993cd26f,2026-09-01T03:31:39+00:00,2026-09,07d43c029953,cb5df8fba2b3-dirty,naive1,live,2026-07-5e473ac91f60,local-a73-r2
2026-09,6,mexico,EB3,FAD,2027-03-01,18141,17231,19051,15343,20939,True,naive1,0.0818,q_h,8c473e02b75a,5693bc9878fe,2026-09-01T03:31:39+00:00,2026-09,07d43c029953,cb5df8fba2b3-dirty,naive1,live,2026-07-5e473ac91f60,local-a73-r2
2026-09,7,mexico,EB3,FAD,2027-04-01,18141,17231,19051,14618,21664,True,naive1,0.0818,q_h,adcf002037c4,fccf86d961ad,2026-09-01T03:31:39+00:00,2026-09,07d43c029953,cb5df8fba2b3-dirty,naive1,live,2026-07-5e473ac91f60,local-a73-r2
2026-09,8,mexico,EB3,FAD,2027-05-01,18141,17231,19051,14616,21666,True,naive1,0.0818,q_h,e5e052b5dd2d,a43e63b2aedc,2026-09-01T03:31:39+00:00,2026-09,07d43c029953,cb5df8fba2b3-dirty,naive1,live,2026-07-5e473ac91f60,local-a73-r2
2026-09,9,mexico,EB3,FAD,2027-06-01,18141,16914,19368,14616,21666,True,naive1,0.0818,q_h,b6d76c9493f9,6b4528f743e9,2026-09-01T03:31:39+00:00,2026-09,07d43c029953,cb5df8fba2b3-dirty,naive1,live,2026-07-5e473ac91f60,local-a73-r2
2026-09,10,mexico,EB3,FAD,2027-07-01,18141,16914,19368,14616,21666,True,naive1,0.0818,q_h,eec9d1196341,6c61580ddf0f,2026-09-01T03:31:39+00:00,2026-09,07d43c029953,cb5df8fba2b3-dirty,naive1,live,2026-07-5e473ac91f60,local-a73-r2
2026-09,11,mexico,EB3,FAD,2027-08-01,18141,16914,19368,14616,21666,True,naive1,0.0818,q_h,ec73ac5e9cf8,20c733882e7e,2026-09-01T03:31:39+00:00,2026-09,07d43c029953,cb5df8fba2b3-dirty,naive1,live,2026-07-5e473ac91f60,local-a73-r2
2026-09,12,mexico,EB3,FAD,2027-09-01,18141,16829,19453,14425,21857,True,naive1,0.0818,q_h,4c9bb69d67f1,6360a39bd6ca,2026-09-01T03:31:39+00:00,2026-09,07d43c029953,cb5df8fba2b3-dirty,naive1,live,2026-07-5e473ac91f60,local-a73-r2
2026-09,1,mexico,EB3_OW,DFF,2026-10-01,17379,17176,17582,16185,18573,True,naive1,0.032,q_h,5a670bc09d50,39897a348d97,2026-09-01T03:31:39+00:00,2026-09,07d43c029953,cb5df8fba2b3-dirty,naive1,live,2026-07-5e473ac91f60,local-a73-r2
2026-09,2,mexico,EB3_OW,DFF,2026-11-01,17379,17176,17582,16185,18573,True,naive1,0.032,q_h,c4d6fc882c5c,ac334eb3e3ec,2026-09-01T03:31:39+00:00,2026-09,07d43c029953,cb5df8fba2b3-dirty,naive1,live,2026-07-5e473ac91f60,local-a73-r2
2026-09,3,mexico,EB3_OW,DFF,2026-12-01,17379,17176,17582,16185,18573,True,naive1,0.032,q_h,e5ffc9fa5806,0961b1b71960,2026-09-01T03:31:39+00:00,2026-09,07d43c029953,cb5df8fba2b3-dirty,naive1,live,2026-07-5e473ac91f60,local-a73-r2
2026-09,4,mexico,EB3_OW,DFF,2027-01-01,17379,17151,17607,16185,18573,True,naive1,0.032,q_h,daaa8c92e7aa,5a358c5e96c3,2026-09-01T03:31:39+00:00,2026-09,07d43c029953,cb5df8fba2b3-dirty,naive1,live,2026-07-5e473ac91f60,local-a73-r2
2026-09,5,mexico,EB3_OW,DFF,2027-02-01,17379,17097,17661,16185,18573,True,naive1,0.032,q_h,e00375dd45a0,9133e89d536f,2026-09-01T03:31:39+00:00,2026-09,07d43c029953,cb5df8fba2b3-dirty,naive1,live,2026-07-5e473ac91f60,local-a73-r2
2026-09,6,mexico,EB3_OW,DFF,2027-03-01,17379,17046,17712,16126,18632,True,naive1,0.032,q_h,61f273796094,e076d15da1b4,2026-09-01T03:31:39+00:00,2026-09,07d43c029953,cb5df8fba2b3-dirty,naive1,live,2026-07-5e473ac91f60,local-a73-r2
2026-09,7,mexico,EB3_OW,DFF,2027-04-01,17379,17046,17712,16096,18662,True,naive1,0.032,q_h,b35f6ebe0244,6e71b5ca8690,2026-09-01T03:31:39+00:00,2026-09,07d43c029953,cb5df8fba2b3-dirty,naive1,live,2026-07-5e473ac91f60,local-a73-r2
2026-09,8,mexico,EB3_OW,DFF,2027-05-01,17379,17046,17712,16096,18662,True,naive1,0.032,q_h,0966c34fabe8,30b42cc19ace,2026-09-01T03:31:39+00:00,2026-09,07d43c029953,cb5df8fba2b3-dirty,naive1,live,2026-07-5e473ac91f60,local-a73-r2
2026-09,9,mexico,EB3_OW,DFF,2027-06-01,17379,16905,17853,16096,18662,True,naive1,0.032,q_h,cb6d5cb65731,51c14f0db0e0,2026-09-01T03:31:39+00:00,2026-09,07d43c029953,cb5df8fba2b3-dirty,naive1,live,2026-07-5e473ac91f60,local-a73-r2
2026-09,10,mexico,EB3_OW,DFF,2027-07-01,17379,16853,17905,16096,18662,True,naive1,0.032,q_h,c8939d130623,afb39a912024,2026-09-01T03:31:39+00:00,2026-09,07d43c029953,cb5df8fba2b3-dirty,naive1,live,2026-07-5e473ac91f60,local-a73-r2
2026-09,11,mexico,EB3_OW,DFF,2027-08-01,17379,16812,17946,16096,18662,True,naive1,0.032,q_h,b7a5c7095e5a,340ab723b61a,2026-09-01T03:31:39+00:00,2026-09,07d43c029953,cb5df8fba2b3-dirty,naive1,live,2026-07-5e473ac91f60,local-a73-r2
2026-09,12,mexico,EB3_OW,DFF,2027-09-01,17379,16731,18027,16096,18662,True,naive1,0.032,q_h,8b79f19b842f,053a838613b9,2026-09-01T03:31:39+00:00,2026-09,07d43c029953,cb5df8fba2b3-dirty,naive1,live,2026-07-5e473ac91f60,local-a73-r2
2026-09,1,mexico,EB3_OW,FAD,2026-10-01,17257,17147,17367,17147,17367,True,naive1,0.0313,q_h,82dbc4e1d142,263c4ae75010,2026-09-01T03:31:39+00:00,2026-09,07d43c029953,cb5df8fba2b3-dirty,naive1,live,2026-07-5e473ac91f60,local-a73-r2
2026-09,2,mexico,EB3_OW,FAD,2026-11-01,17257,17147,17367,17147,17367,True,naive1,0.0313,q_h,2e7e4f2ed14c,e5e3d03c02fd,2026-09-01T03:31:39+00:00,2026-09,07d43c029953,cb5df8fba2b3-dirty,naive1,live,2026-07-5e473ac91f60,local-a73-r2
2026-09,3,mexico,EB3_OW,FAD,2026-12-01,17257,17147,17367,17027,17487,True,naive1,0.0313,q_h,3ea621d64ffa,09ccbb3c92b1,2026-09-01T03:31:39+00:00,2026-09,07d43c029953,cb5df8fba2b3-dirty,naive1,live,2026-07-5e473ac91f60,local-a73-r2
2026-09,4,mexico,EB3_OW,FAD,2027-01-01,17257,17147,17367,16846,17668,True,naive1,0.0313,q_h,a01658431900,b2da63c72ded,2026-09-01T03:31:39+00:00,2026-09,07d43c029953,cb5df8fba2b3-dirty,naive1,live,2026-07-5e473ac91f60,local-a73-r2
2026-09,5,mexico,EB3_OW,FAD,2027-02-01,17257,17135,17379,16846,17668,True,naive1,0.0313,q_h,c6f69bf2dbda,e6f52ca3daa5,2026-09-01T03:31:39+00:00,2026-09,07d43c029953,cb5df8fba2b3-dirty,naive1,live,2026-07-5e473ac91f60,local-a73-r2
2026-09,6,mexico,EB3_OW,FAD,2027-03-01,17257,17117,17397,16826,17688,True,naive1,0.0313,q_h,ade6ec20d98b,ff162ea1da06,2026-09-01T03:31:39+00:00,2026-09,07d43c029953,cb5df8fba2b3-dirty,naive1,live,2026-07-5e473ac91f60,local-a73-r2
2026-09,7,mexico,EB3_OW,FAD,2027-04-01,17257,17117,17397,16714,17800,True,naive1,0.0313,q_h,d67b5a3efe1a,4f4f6b67e85f,2026-09-01T03:31:39+00:00,2026-09,07d43c029953,cb5df8fba2b3-dirty,naive1,live,2026-07-5e473ac91f60,local-a73-r2
2026-09,8,mexico,EB3_OW,FAD,2027-05-01,17257,17117,17397,16714,17800,True,naive1,0.0313,q_h,90361dde9c66,e2b7585dfaf8,2026-09-01T03:31:39+00:00,2026-09,07d43c029953,cb5df8fba2b3-dirty,naive1,live,2026-07-5e473ac91f60,local-a73-r2
2026-09,9,mexico,EB3_OW,FAD,2027-06-01,17257,17068,17446,16714,17800,True,naive1,0.0313,q_h,a58fda2b884d,88bb07b6f793,2026-09-01T03:31:39+00:00,2026-09,07d43c029953,cb5df8fba2b3-dirty,naive1,live,2026-07-5e473ac91f60,local-a73-r2
2026-09,10,mexico,EB3_OW,FAD,2027-07-01,17257,17068,17446,16714,17800,True,naive1,0.0313,q_h,116138ae4be0,883833c1f7cf,2026-09-01T03:31:39+00:00,2026-09,07d43c029953,cb5df8fba2b3-dirty,naive1,live,2026-07-5e473ac91f60,local-a73-r2
2026-09,11,mexico,EB3_OW,FAD,2027-08-01,17257,17068,17446,16714,17800,True,naive1,0.0313,q_h,6a38a2411037,f70a0d720f5d,2026-09-01T03:31:39+00:00,2026-09,07d43c029953,cb5df8fba2b3-dirty,naive1,live,2026-07-5e473ac91f60,local-a73-r2
2026-09,12,mexico,EB3_OW,FAD,2027-09-01,17257,17055,17459,16685,17829,True,naive1,0.0313,q_h,8c315af3a8a5,256c7e8987dd,2026-09-01T03:31:39+00:00,2026-09,07d43c029953,cb5df8fba2b3-dirty,naive1,live,2026-07-5e473ac91f60,local-a73-r2
2026-09,1,mexico,EB4,FAD,2026-10-01,17515,16996,18034,16996,18034,True,naive1,0.1942,q_h,1a8c43f1d3ed,34bab2aa3e56,2026-09-01T03:31:39+00:00,2026-09,07d43c029953,cb5df8fba2b3-dirty,naive1,live,2026-07-5e473ac91f60,local-a73-r2
2026-09,2,mexico,EB4,FAD,2026-11-01,17515,16996,18034,16996,18034,True,naive1,0.1942,q_h,8b13563c6174,79f9128812e5,2026-09-01T03:31:39+00:00,2026-09,07d43c029953,cb5df8fba2b3-dirty,naive1,live,2026-07-5e473ac91f60,local-a73-r2
2026-09,3,mexico,EB4,FAD,2026-12-01,17515,16996,18034,16429,18601,True,naive1,0.1942,q_h,f17df3084847,7f88f68db170,2026-09-01T03:31:39+00:00,2026-09,07d43c029953,cb5df8fba2b3-dirty,naive1,live,2026-07-5e473ac91f60,local-a73-r2
2026-09,4,mexico,EB4,FAD,2027-01-01,17515,16996,18034,15574,19456,True,naive1,0.1942,q_h,517b8609edea,3acf5d0708ef,2026-09-01T03:31:39+00:00,2026-09,07d43c029953,cb5df8fba2b3-dirty,naive1,live,2026-07-5e473ac91f60,local-a73-r2
2026-09,5,mexico,EB4,FAD,2027-02-01,17515,16941,18089,15574,19456,True,naive1,0.1942,q_h,5ef6556418f5,c5f6be935388,2026-09-01T03:31:39+00:00,2026-09,07d43c029953,cb5df8fba2b3-dirty,naive1,live,2026-07-5e473ac91f60,local-a73-r2
2026-09,6,mexico,EB4,FAD,2027-03-01,17515,16853,18177,15481,19549,True,naive1,0.1942,q_h,c98b67bf8c5f,c914ad80e31b,2026-09-01T03:31:39+00:00,2026-09,07d43c029953,cb5df8fba2b3-dirty,naive1,live,2026-07-5e473ac91f60,local-a73-r2
2026-09,7,mexico,EB4,FAD,2027-04-01,17515,16853,18177,14954,20076,True,naive1,0.1942,q_h,820f67f9dd15,4d6067d766dd,2026-09-01T03:31:39+00:00,2026-09,07d43c029953,cb5df8fba2b3-dirty,naive1,live,2026-07-5e473ac91f60,local-a73-r2
2026-09,8,mexico,EB4,FAD,2027-05-01,17515,16853,18177,14953,20077,True,naive1,0.1942,q_h,0b92e6f5baec,8bcfb61fef6d,2026-09-01T03:31:39+00:00,2026-09,07d43c029953,cb5df8fba2b3-dirty,naive1,live,2026-07-5e473ac91f60,local-a73-r2
2026-09,9,mexico,EB4,FAD,2027-06-01,17515,16623,18407,14953,20077,True,naive1,0.1942,q_h,6597baf715f6,07f94e6f205c,2026-09-01T03:31:39+00:00,2026-09,07d43c029953,cb5df8fba2b3-dirty,naive1,live,2026-07-5e473ac91f60,local-a73-r2
2026-09,10,mexico,EB4,FAD,2027-07-01,17515,16623,18407,14953,20077,True,naive1,0.1942,q_h,659655b08dbd,963a4deff42b,2026-09-01T03:31:39+00:00,2026-09,07d43c029953,cb5df8fba2b3-dirty,naive1,live,2026-07-5e473ac91f60,local-a73-r2
2026-09,11,mexico,EB4,FAD,2027-08-01,17515,16623,18407,14953,20077,True,naive1,0.1942,q_h,62788735ca6e,70ce1c792b3a,2026-09-01T03:31:39+00:00,2026-09,07d43c029953,cb5df8fba2b3-dirty,naive1,live,2026-07-5e473ac91f60,local-a73-r2
2026-09,12,mexico,EB4,FAD,2027-09-01,17515,16561,18469,14814,20216,True,naive1,0.1942,q_h,c530b7c338b5,af649c9bb375,2026-09-01T03:31:39+00:00,2026-09,07d43c029953,cb5df8fba2b3-dirty,naive1,live,2026-07-5e473ac91f60,local-a73-r2
2026-09,1,mexico,EB4_RW,FAD,2026-10-01,17515,16996,18034,16996,18034,True,naive1,0.2257,q_h,4f76d803ee7b,34bab2aa3e56,2026-09-01T03:31:39+00:00,2026-09,07d43c029953,cb5df8fba2b3-dirty,naive1,live,2026-07-5e473ac91f60,local-a73-r2
2026-09,2,mexico,EB4_RW,FAD,2026-11-01,17515,16996,18034,16996,18034,True,naive1,0.2257,q_h,3147578edd6b,79f9128812e5,2026-09-01T03:31:39+00:00,2026-09,07d43c029953,cb5df8fba2b3-dirty,naive1,live,2026-07-5e473ac91f60,local-a73-r2
2026-09,3,mexico,EB4_RW,FAD,2026-12-01,17515,16996,18034,16429,18601,True,naive1,0.2257,q_h,7e454214ebcd,7f88f68db170,2026-09-01T03:31:39+00:00,2026-09,07d43c029953,cb5df8fba2b3-dirty,naive1,live,2026-07-5e473ac91f60,local-a73-r2
2026-09,4,mexico,EB4_RW,FAD,2027-01-01,17515,16996,18034,15574,19456,True,naive1,0.2257,q_h,c5cabba7c802,3acf5d0708ef,2026-09-01T03:31:39+00:00,2026-09,07d43c029953,cb5df8fba2b3-dirty,naive1,live,2026-07-5e473ac91f60,local-a73-r2
2026-09,5,mexico,EB4_RW,FAD,2027-02-01,17515,16941,18089,15574,19456,True,naive1,0.2257,q_h,b110b2a44d16,c5f6be935388,2026-09-01T03:31:39+00:00,2026-09,07d43c029953,cb5df8fba2b3-dirty,naive1,live,2026-07-5e473ac91f60,local-a73-r2
2026-09,6,mexico,EB4_RW,FAD,2027-03-01,17515,16853,18177,15481,19549,True,naive1,0.2257,q_h,68a627ffe675,c914ad80e31b,2026-09-01T03:31:39+00:00,2026-09,07d43c029953,cb5df8fba2b3-dirty,naive1,live,2026-07-5e473ac91f60,local-a73-r2
2026-09,7,mexico,EB4_RW,FAD,2027-04-01,17515,16853,18177,14954,20076,True,naive1,0.2257,q_h,516113ad7026,4d6067d766dd,2026-09-01T03:31:39+00:00,2026-09,07d43c029953,cb5df8fba2b3-dirty,naive1,live,2026-07-5e473ac91f60,local-a73-r2
2026-09,8,mexico,EB4_RW,FAD,2027-05-01,17515,16853,18177,14953,20077,True,naive1,0.2257,q_h,115751e94437,8bcfb61fef6d,2026-09-01T03:31:39+00:00,2026-09,07d43c029953,cb5df8fba2b3-dirty,naive1,live,2026-07-5e473ac91f60,local-a73-r2
2026-09,9,mexico,EB4_RW,FAD,2027-06-01,17515,16623,18407,14953,20077,True,naive1,0.2257,q_h,3f5451ccab34,07f94e6f205c,2026-09-01T03:31:39+00:00,2026-09,07d43c029953,cb5df8fba2b3-dirty,naive1,live,2026-07-5e473ac91f60,local-a73-r2
2026-09,10,mexico,EB4_RW,FAD,2027-07-01,17515,16623,18407,14953,20077,True,naive1,0.2257,q_h,32ca1521d81d,963a4deff42b,2026-09-01T03:31:39+00:00,2026-09,07d43c029953,cb5df8fba2b3-dirty,naive1,live,2026-07-5e473ac91f60,local-a73-r2
2026-09,11,mexico,EB4_RW,FAD,2027-08-01,17515,16623,18407,14953,20077,True,naive1,0.2257,q_h,9556fda46f20,70ce1c792b3a,2026-09-01T03:31:39+00:00,2026-09,07d43c029953,cb5df8fba2b3-dirty,naive1,live,2026-07-5e473ac91f60,local-a73-r2
2026-09,12,mexico,EB4_RW,FAD,2027-09-01,17515,16561,18469,14814,20216,True,naive1,0.2257,q_h,35b6c98af4f2,af649c9bb375,2026-09-01T03:31:39+00:00,2026-09,07d43c029953,cb5df8fba2b3-dirty,naive1,live,2026-07-5e473ac91f60,local-a73-r2
2026-09,1,mexico,F1,DFF,2026-10-01,12388,12204,12572,11306,13470,True,naive1,0.1223,q_h,5a02b3d26069,4706c4b4330e,2026-09-01T03:31:39+00:00,2026-09,07d43c029953,cb5df8fba2b3-dirty,naive1,live,2026-07-5e473ac91f60,local-a73-r2
2026-09,2,mexico,F1,DFF,2026-11-01,12388,12204,12572,11306,13470,True,naive1,0.1223,q_h,7938ac062f6b,1eeee6b6c633,2026-09-01T03:31:39+00:00,2026-09,07d43c029953,cb5df8fba2b3-dirty,naive1,live,2026-07-5e473ac91f60,local-a73-r2
2026-09,3,mexico,F1,DFF,2026-12-01,12388,12204,12572,11306,13470,True,naive1,0.1223,q_h,43e50373e01b,c93125605165,2026-09-01T03:31:39+00:00,2026-09,07d43c029953,cb5df8fba2b3-dirty,naive1,live,2026-07-5e473ac91f60,local-a73-r2
2026-09,4,mexico,F1,DFF,2027-01-01,12388,12181,12595,11306,13470,True,naive1,0.1223,q_h,25c67aae0148,f00079ae29dd,2026-09-01T03:31:39+00:00,2026-09,07d43c029953,cb5df8fba2b3-dirty,naive1,live,2026-07-5e473ac91f60,local-a73-r2
2026-09,5,mexico,F1,DFF,2027-02-01,12388,12133,12643,11306,13470,True,naive1,0.1223,q_h,855af5e4803b,10cd571e2b8a,2026-09-01T03:31:39+00:00,2026-09,07d43c029953,cb5df8fba2b3-dirty,naive1,live,2026-07-5e473ac91f60,local-a73-r2
2026-09,6,mexico,F1,DFF,2027-03-01,12388,12087,12689,11252,13524,True,naive1,0.1223,q_h,26ffd5121a5e,db9374331075,2026-09-01T03:31:39+00:00,2026-09,07d43c029953,cb5df8fba2b3-dirty,naive1,live,2026-07-5e473ac91f60,local-a73-r2
2026-09,7,mexico,F1,DFF,2027-04-01,12388,12087,12689,11225,13551,True,naive1,0.1223,q_h,217d5c9ae981,610a1f747067,2026-09-01T03:31:39+00:00,2026-09,07d43c029953,cb5df8fba2b3-dirty,naive1,live,2026-07-5e473ac91f60,local-a73-r2
2026-09,8,mexico,F1,DFF,2027-05-01,12388,12087,12689,11225,13551,True,naive1,0.1223,q_h,e9641dd8a8c5,c8bbd3f3545b,2026-09-01T03:31:39+00:00,2026-09,07d43c029953,cb5df8fba2b3-dirty,naive1,live,2026-07-5e473ac91f60,local-a73-r2
2026-09,9,mexico,F1,DFF,2027-06-01,12388,11958,12818,11225,13551,True,naive1,0.1223,q_h,6f10c27d6678,37ffdfb6ea23,2026-09-01T03:31:39+00:00,2026-09,07d43c029953,cb5df8fba2b3-dirty,naive1,live,2026-07-5e473ac91f60,local-a73-r2
2026-09,10,mexico,F1,DFF,2027-07-01,12388,11911,12865,11225,13551,True,naive1,0.1223,q_h,cfd85907e65f,3f9e3b26ec2f,2026-09-01T03:31:39+00:00,2026-09,07d43c029953,cb5df8fba2b3-dirty,naive1,live,2026-07-5e473ac91f60,local-a73-r2
2026-09,11,mexico,F1,DFF,2027-08-01,12388,11874,12902,11225,13551,True,naive1,0.1223,q_h,a4583513fc2a,ee7c31b2b712,2026-09-01T03:31:39+00:00,2026-09,07d43c029953,cb5df8fba2b3-dirty,naive1,live,2026-07-5e473ac91f60,local-a73-r2
2026-09,12,mexico,F1,DFF,2027-09-01,12388,11801,12975,11225,13551,True,naive1,0.1223,q_h,b54225aca9f8,7b2553d9e313,2026-09-01T03:31:39+00:00,2026-09,07d43c029953,cb5df8fba2b3-dirty,naive1,live,2026-07-5e473ac91f60,local-a73-r2
2026-09,1,mexico,F1,FAD,2026-10-01,12053,11362,12744,11362,12744,True,naive1,0.2458,q_h,c6ebff0c55db,8d9d2a187a60,2026-09-01T03:31:39+00:00,2026-09,07d43c029953,cb5df8fba2b3-dirty,naive1,live,2026-07-5e473ac91f60,local-a73-r2
2026-09,2,mexico,F1,FAD,2026-11-01,12053,11362,12744,11362,12744,True,naive1,0.2458,q_h,01dc4486a1d8,99bc5bf422fe,2026-09-01T03:31:39+00:00,2026-09,07d43c029953,cb5df8fba2b3-dirty,naive1,live,2026-07-5e473ac91f60,local-a73-r2
2026-09,3,mexico,F1,FAD,2026-12-01,12053,11362,12744,10607,13499,True,naive1,0.2458,q_h,9596c33abdec,c1c5d7b13a94,2026-09-01T03:31:39+00:00,2026-09,07d43c029953,cb5df8fba2b3-dirty,naive1,live,2026-07-5e473ac91f60,local-a73-r2
2026-09,4,mexico,F1,FAD,2027-01-01,12053,11362,12744,9469,14637,True,naive1,0.2458,q_h,9bbb6048f1aa,805020a6c07f,2026-09-01T03:31:39+00:00,2026-09,07d43c029953,cb5df8fba2b3-dirty,naive1,live,2026-07-5e473ac91f60,local-a73-r2
2026-09,5,mexico,F1,FAD,2027-02-01,12053,11289,12817,9469,14637,True,naive1,0.2458,q_h,a45326941af5,dceedc53416e,2026-09-01T03:31:39+00:00,2026-09,07d43c029953,cb5df8fba2b3-dirty,naive1,live,2026-07-5e473ac91f60,local-a73-r2
2026-09,6,mexico,F1,FAD,2027-03-01,12053,11172,12934,9345,14761,True,naive1,0.2458,q_h,991cbbb81bbe,dfd797158c7f,2026-09-01T03:31:39+00:00,2026-09,07d43c029953,cb5df8fba2b3-dirty,naive1,live,2026-07-5e473ac91f60,local-a73-r2
2026-09,7,mexico,F1,FAD,2027-04-01,12053,11172,12934,8644,15462,True,naive1,0.2458,q_h,cdf8fe186644,42a34974022c,2026-09-01T03:31:39+00:00,2026-09,07d43c029953,cb5df8fba2b3-dirty,naive1,live,2026-07-5e473ac91f60,local-a73-r2
2026-09,8,mexico,F1,FAD,2027-05-01,12053,11172,12934,8642,15464,True,naive1,0.2458,q_h,50ed1625a515,76108e304cf9,2026-09-01T03:31:39+00:00,2026-09,07d43c029953,cb5df8fba2b3-dirty,naive1,live,2026-07-5e473ac91f60,local-a73-r2
2026-09,9,mexico,F1,FAD,2027-06-01,12053,10866,13240,8642,15464,True,naive1,0.2458,q_h,e32beb991c58,a44bfd46fc46,2026-09-01T03:31:39+00:00,2026-09,07d43c029953,cb5df8fba2b3-dirty,naive1,live,2026-07-5e473ac91f60,local-a73-r2
2026-09,10,mexico,F1,FAD,2027-07-01,12053,10866,13240,8642,15464,True,naive1,0.2458,q_h,25c4f80a4783,930364883baa,2026-09-01T03:31:39+00:00,2026-09,07d43c029953,cb5df8fba2b3-dirty,naive1,live,2026-07-5e473ac91f60,local-a73-r2
2026-09,11,mexico,F1,FAD,2027-08-01,12053,10866,13240,8642,15464,True,naive1,0.2458,q_h,3b15e3e6d091,ee4caabbdc57,2026-09-01T03:31:39+00:00,2026-09,07d43c029953,cb5df8fba2b3-dirty,naive1,live,2026-07-5e473ac91f60,local-a73-r2
2026-09,12,mexico,F1,FAD,2027-09-01,12053,10783,13323,8457,15649,True,naive1,0.2458,q_h,0ade817f644f,a4e080fbcf9b,2026-09-01T03:31:39+00:00,2026-09,07d43c029953,cb5df8fba2b3-dirty,naive1,live,2026-07-5e473ac91f60,local-a73-r2
2026-09,1,mexico,F2A,FAD,2026-10-01,18496,17928,19064,17928,19064,True,naive1,0.124,q_h,158a0493c45d,58591e8bb6d0,2026-09-01T03:31:39+00:00,2026-09,07d43c029953,cb5df8fba2b3-dirty,naive1,live,2026-07-5e473ac91f60,local-a73-r2
2026-09,2,mexico,F2A,FAD,2026-11-01,18496,17928,19064,17928,19064,True,naive1,0.124,q_h,b041cf61cd15,a31c412d793d,2026-09-01T03:31:39+00:00,2026-09,07d43c029953,cb5df8fba2b3-dirty,naive1,live,2026-07-5e473ac91f60,local-a73-r2
2026-09,3,mexico,F2A,FAD,2026-12-01,18496,17928,19064,17307,19685,True,naive1,0.124,q_h,b533c011dd6c,fdedb7abd8ea,2026-09-01T03:31:39+00:00,2026-09,07d43c029953,cb5df8fba2b3-dirty,naive1,live,2026-07-5e473ac91f60,local-a73-r2
2026-09,4,mexico,F2A,FAD,2027-01-01,18496,17928,19064,16372,20620,True,naive1,0.124,q_h,fd72532b8a2f,713eb6951143,2026-09-01T03:31:39+00:00,2026-09,07d43c029953,cb5df8fba2b3-dirty,naive1,live,2026-07-5e473ac91f60,local-a73-r2
2026-09,5,mexico,F2A,FAD,2027-02-01,18496,17868,19124,16372,20620,True,naive1,0.124,q_h,a333bf351b55,086657156d6e,2026-09-01T03:31:39+00:00,2026-09,07d43c029953,cb5df8fba2b3-dirty,naive1,live,2026-07-5e473ac91f60,local-a73-r2
2026-09,6,mexico,F2A,FAD,2027-03-01,18496,17772,19220,16270,20722,True,naive1,0.124,q_h,434689caaddf,84e3333a9e5e,2026-09-01T03:31:39+00:00,2026-09,07d43c029953,cb5df8fba2b3-dirty,naive1,live,2026-07-5e473ac91f60,local-a73-r2
2026-09,7,mexico,F2A,FAD,2027-04-01,18496,17772,19220,15693,21299,True,naive1,0.124,q_h,7a219c6a31b6,bd4498c0fcb9,2026-09-01T03:31:39+00:00,2026-09,07d43c029953,cb5df8fba2b3-dirty,naive1,live,2026-07-5e473ac91f60,local-a73-r2
2026-09,8,mexico,F2A,FAD,2027-05-01,18496,17772,19220,15692,21300,True,naive1,0.124,q_h,94296ce0fbde,31c82e0c85ee,2026-09-01T03:31:39+00:00,2026-09,07d43c029953,cb5df8fba2b3-dirty,naive1,live,2026-07-5e473ac91f60,local-a73-r2
2026-09,9,mexico,F2A,FAD,2027-06-01,18496,17520,19472,15692,21300,True,naive1,0.124,q_h,cc3cda715ac6,5cbdf1e624f4,2026-09-01T03:31:39+00:00,2026-09,07d43c029953,cb5df8fba2b3-dirty,naive1,live,2026-07-5e473ac91f60,local-a73-r2
2026-09,10,mexico,F2A,FAD,2027-07-01,18496,17520,19472,15692,21300,True,naive1,0.124,q_h,ceaa7ac1152e,d4b4bdfc2c20,2026-09-01T03:31:39+00:00,2026-09,07d43c029953,cb5df8fba2b3-dirty,naive1,live,2026-07-5e473ac91f60,local-a73-r2
2026-09,11,mexico,F2A,FAD,2027-08-01,18496,17520,19472,15692,21300,True,naive1,0.124,q_h,0c31c871c661,1fd4e40b961c,2026-09-01T03:31:39+00:00,2026-09,07d43c029953,cb5df8fba2b3-dirty,naive1,live,2026-07-5e473ac91f60,local-a73-r2
2026-09,12,mexico,F2A,FAD,2027-09-01,18496,17452,19540,15540,21452,True,naive1,0.124,q_h,3d31604c831e,9115723b6cd5,2026-09-01T03:31:39+00:00,2026-09,07d43c029953,cb5df8fba2b3-dirty,naive1,live,2026-07-5e473ac91f60,local-a73-r2
2026-09,1,mexico,F2B,DFF,2026-10-01,12918,12552,13284,10766,15070,True,naive1,0.1969,q_h,5d377f805e45,912eeb7f71a8,2026-09-01T03:31:39+00:00,2026-09,07d43c029953,cb5df8fba2b3-dirty,naive1,live,2026-07-5e473ac91f60,local-a73-r2
2026-09,2,mexico,F2B,DFF,2026-11-01,12918,12552,13284,10766,15070,True,naive1,0.1969,q_h,2db9ce0eefd2,0b33584ca40f,2026-09-01T03:31:39+00:00,2026-09,07d43c029953,cb5df8fba2b3-dirty,naive1,live,2026-07-5e473ac91f60,local-a73-r2
2026-09,3,mexico,F2B,DFF,2026-12-01,12918,12552,13284,10766,15070,True,naive1,0.1969,q_h,1659f4a672fd,ca184ad806a8,2026-09-01T03:31:39+00:00,2026-09,07d43c029953,cb5df8fba2b3-dirty,naive1,live,2026-07-5e473ac91f60,local-a73-r2
2026-09,4,mexico,F2B,DFF,2027-01-01,12918,12506,13330,10766,15070,True,naive1,0.1969,q_h,3f4590a70e27,29aa4050108b,2026-09-01T03:31:39+00:00,2026-09,07d43c029953,cb5df8fba2b3-dirty,naive1,live,2026-07-5e473ac91f60,local-a73-r2
2026-09,5,mexico,F2B,DFF,2027-02-01,12918,12410,13426,10766,15070,True,naive1,0.1969,q_h,be60258c2ef6,2f5ed95fd693,2026-09-01T03:31:39+00:00,2026-09,07d43c029953,cb5df8fba2b3-dirty,naive1,live,2026-07-5e473ac91f60,local-a73-r2
2026-09,6,mexico,F2B,DFF,2027-03-01,12918,12318,13518,10659,15177,True,naive1,0.1969,q_h,d1d658d44628,b362aa2d3c4e,2026-09-01T03:31:39+00:00,2026-09,07d43c029953,cb5df8fba2b3-dirty,naive1,live,2026-07-5e473ac91f60,local-a73-r2
2026-09,7,mexico,F2B,DFF,2027-04-01,12918,12318,13518,10605,15231,True,naive1,0.1969,q_h,964669ecd1ce,0e723719e5dd,2026-09-01T03:31:39+00:00,2026-09,07d43c029953,cb5df8fba2b3-dirty,naive1,live,2026-07-5e473ac91f60,local-a73-r2
2026-09,8,mexico,F2B,DFF,2027-05-01,12918,12318,13518,10605,15231,True,naive1,0.1969,q_h,2a6e5a455f1d,e46c3e8231f7,2026-09-01T03:31:39+00:00,2026-09,07d43c029953,cb5df8fba2b3-dirty,naive1,live,2026-07-5e473ac91f60,local-a73-r2
2026-09,9,mexico,F2B,DFF,2027-06-01,12918,12063,13773,10605,15231,True,naive1,0.1969,q_h,e2199c7fb0b3,da51d98978cb,2026-09-01T03:31:39+00:00,2026-09,07d43c029953,cb5df8fba2b3-dirty,naive1,live,2026-07-5e473ac91f60,local-a73-r2
2026-09,10,mexico,F2B,DFF,2027-07-01,12918,11970,13866,10605,15231,True,naive1,0.1969,q_h,507fed04c68e,f8f8e24f78a1,2026-09-01T03:31:39+00:00,2026-09,07d43c029953,cb5df8fba2b3-dirty,naive1,live,2026-07-5e473ac91f60,local-a73-r2
2026-09,11,mexico,F2B,DFF,2027-08-01,12918,11897,13939,10605,15231,True,naive1,0.1969,q_h,821427889e3f,cc88df304391,2026-09-01T03:31:39+00:00,2026-09,07d43c029953,cb5df8fba2b3-dirty,naive1,live,2026-07-5e473ac91f60,local-a73-r2
2026-09,12,mexico,F2B,DFF,2027-09-01,12918,11750,14086,10605,15231,True,naive1,0.1969,q_h,763b63719b57,fc2ba639c239,2026-09-01T03:31:39+00:00,2026-09,07d43c029953,cb5df8fba2b3-dirty,naive1,live,2026-07-5e473ac91f60,local-a73-r2
2026-09,1,mexico,F2B,FAD,2026-10-01,12464,12099,12829,12099,12829,True,naive1,0.3169,q_h,8477be843893,77c2a8e7fad3,2026-09-01T03:31:39+00:00,2026-09,07d43c029953,cb5df8fba2b3-dirty,naive1,live,2026-07-5e473ac91f60,local-a73-r2
2026-09,2,mexico,F2B,FAD,2026-11-01,12464,12099,12829,12099,12829,True,naive1,0.3169,q_h,0db5fff1db9e,142dadd9cc87,2026-09-01T03:31:39+00:00,2026-09,07d43c029953,cb5df8fba2b3-dirty,naive1,live,2026-07-5e473ac91f60,local-a73-r2
2026-09,3,mexico,F2B,FAD,2026-12-01,12464,12099,12829,11700,13228,True,naive1,0.3169,q_h,08fea5412640,7d379aa9821f,2026-09-01T03:31:39+00:00,2026-09,07d43c029953,cb5df8fba2b3-dirty,naive1,live,2026-07-5e473ac91f60,local-a73-r2
2026-09,4,mexico,F2B,FAD,2027-01-01,12464,12099,12829,11099,13829,True,naive1,0.3169,q_h,c44ea6a4add8,91b678dcfac8,2026-09-01T03:31:39+00:00,2026-09,07d43c029953,cb5df8fba2b3-dirty,naive1,live,2026-07-5e473ac91f60,local-a73-r2
2026-09,5,mexico,F2B,FAD,2027-02-01,12464,12060,12868,11099,13829,True,naive1,0.3169,q_h,cea4544dbfdd,5ef81812cd50,2026-09-01T03:31:39+00:00,2026-09,07d43c029953,cb5df8fba2b3-dirty,naive1,live,2026-07-5e473ac91f60,local-a73-r2
2026-09,6,mexico,F2B,FAD,2027-03-01,12464,11999,12929,11033,13895,True,naive1,0.3169,q_h,c827dcf9bb6d,b3b1e98982c3,2026-09-01T03:31:39+00:00,2026-09,07d43c029953,cb5df8fba2b3-dirty,naive1,live,2026-07-5e473ac91f60,local-a73-r2
2026-09,7,mexico,F2B,FAD,2027-04-01,12464,11999,12929,10663,14265,True,naive1,0.3169,q_h,db0286973b9d,130477463b33,2026-09-01T03:31:39+00:00,2026-09,07d43c029953,cb5df8fba2b3-dirty,naive1,live,2026-07-5e473ac91f60,local-a73-r2
2026-09,8,mexico,F2B,FAD,2027-05-01,12464,11999,12929,10662,14266,True,naive1,0.3169,q_h,80c3a8f6dea2,25c3721f6dde,2026-09-01T03:31:39+00:00,2026-09,07d43c029953,cb5df8fba2b3-dirty,naive1,live,2026-07-5e473ac91f60,local-a73-r2
2026-09,9,mexico,F2B,FAD,2027-06-01,12464,11837,13091,10662,14266,True,naive1,0.3169,q_h,4c4c51e6af4f,57a974388ab7,2026-09-01T03:31:39+00:00,2026-09,07d43c029953,cb5df8fba2b3-dirty,naive1,live,2026-07-5e473ac91f60,local-a73-r2
2026-09,10,mexico,F2B,FAD,2027-07-01,12464,11837,13091,10662,14266,True,naive1,0.3169,q_h,a4afb0c3fc12,1a73ce363d4d,2026-09-01T03:31:39+00:00,2026-09,07d43c029953,cb5df8fba2b3-dirty,naive1,live,2026-07-5e473ac91f60,local-a73-r2
2026-09,11,mexico,F2B,FAD,2027-08-01,12464,11837,13091,10662,14266,True,naive1,0.3169,q_h,71a8d1a9d57e,56fb7738542d,2026-09-01T03:31:39+00:00,2026-09,07d43c029953,cb5df8fba2b3-dirty,naive1,live,2026-07-5e473ac91f60,local-a73-r2
2026-09,12,mexico,F2B,FAD,2027-09-01,12464,11793,13135,10565,14363,True,naive1,0.3169,q_h,f56cb5c6a7aa,4efdc9fa17de,2026-09-01T03:31:39+00:00,2026-09,07d43c029953,cb5df8fba2b3-dirty,naive1,live,2026-07-5e473ac91f60,local-a73-r2
2026-09,1,mexico,F3,DFF,2026-10-01,9692,9676,9708,9598,9786,True,naive1,0.0045,q_h,be59bfdbb119,20d8ac335e0e,2026-09-01T03:31:39+00:00,2026-09,07d43c029953,cb5df8fba2b3-dirty,naive1,live,2026-07-5e473ac91f60,local-a73-r2
2026-09,2,mexico,F3,DFF,2026-11-01,9692,9676,9708,9598,9786,True,naive1,0.0045,q_h,3ccf6362ba8d,2e947cf8828e,2026-09-01T03:31:39+00:00,2026-09,07d43c029953,cb5df8fba2b3-dirty,naive1,live,2026-07-5e473ac91f60,local-a73-r2
2026-09,3,mexico,F3,DFF,2026-12-01,9692,9676,9708,9598,9786,True,naive1,0.0045,q_h,89cb9c965d9b,115279421f0a,2026-09-01T03:31:39+00:00,2026-09,07d43c029953,cb5df8fba2b3-dirty,naive1,live,2026-07-5e473ac91f60,local-a73-r2
2026-09,4,mexico,F3,DFF,2027-01-01,9692,9674,9710,9598,9786,True,naive1,0.0045,q_h,799eb6c04e5f,62d651e26340,2026-09-01T03:31:39+00:00,2026-09,07d43c029953,cb5df8fba2b3-dirty,naive1,live,2026-07-5e473ac91f60,local-a73-r2
2026-09,5,mexico,F3,DFF,2027-02-01,9692,9670,9714,9598,9786,True,naive1,0.0045,q_h,4d021bf48ee1,33f36a8d0349,2026-09-01T03:31:39+00:00,2026-09,07d43c029953,cb5df8fba2b3-dirty,naive1,live,2026-07-5e473ac91f60,local-a73-r2
2026-09,6,mexico,F3,DFF,2027-03-01,9692,9666,9718,9593,9791,True,naive1,0.0045,q_h,93afe50b6db8,e2d49f2446aa,2026-09-01T03:31:39+00:00,2026-09,07d43c029953,cb5df8fba2b3-dirty,naive1,live,2026-07-5e473ac91f60,local-a73-r2
2026-09,7,mexico,F3,DFF,2027-04-01,9692,9666,9718,9591,9793,True,naive1,0.0045,q_h,6e4bf6eef7b0,9d8299c4c716,2026-09-01T03:31:39+00:00,2026-09,07d43c029953,cb5df8fba2b3-dirty,naive1,live,2026-07-5e473ac91f60,local-a73-r2
2026-09,8,mexico,F3,DFF,2027-05-01,9692,9666,9718,9591,9793,True,naive1,0.0045,q_h,69c0aaef61f5,2fdb7ca2deee,2026-09-01T03:31:39+00:00,2026-09,07d43c029953,cb5df8fba2b3-dirty,naive1,live,2026-07-5e473ac91f60,local-a73-r2
2026-09,9,mexico,F3,DFF,2027-06-01,9692,9655,9729,9591,9793,True,naive1,0.0045,q_h,cbfafda00b59,d7050143f616,2026-09-01T03:31:39+00:00,2026-09,07d43c029953,cb5df8fba2b3-dirty,naive1,live,2026-07-5e473ac91f60,local-a73-r2
2026-09,10,mexico,F3,DFF,2027-07-01,9692,9651,9733,9591,9793,True,naive1,0.0045,q_h,f00cbb9ede3c,487e34abf6c7,2026-09-01T03:31:39+00:00,2026-09,07d43c029953,cb5df8fba2b3-dirty,naive1,live,2026-07-5e473ac91f60,local-a73-r2
2026-09,11,mexico,F3,DFF,2027-08-01,9692,9647,9737,9591,9793,True,naive1,0.0045,q_h,3c88579111c0,1eeda28e6930,2026-09-01T03:31:39+00:00,2026-09,07d43c029953,cb5df8fba2b3-dirty,naive1,live,2026-07-5e473ac91f60,local-a73-r2
2026-09,12,mexico,F3,DFF,2027-09-01,9692,9641,9743,9591,9793,True,naive1,0.0045,q_h,00d63b4a93c3,466b07f55159,2026-09-01T03:31:39+00:00,2026-09,07d43c029953,cb5df8fba2b3-dirty,naive1,live,2026-07-5e473ac91f60,local-a73-r2
2026-09,1,mexico,F3,FAD,2026-10-01,9678,9504,9852,9504,9852,True,naive1,0.0635,q_h,4a48a64fd2ec,f4f42aafa992,2026-09-01T03:31:39+00:00,2026-09,07d43c029953,cb5df8fba2b3-dirty,naive1,live,2026-07-5e473ac91f60,local-a73-r2
2026-09,2,mexico,F3,FAD,2026-11-01,9678,9504,9852,9504,9852,True,naive1,0.0635,q_h,7097a75f059d,5bcb432d8d0e,2026-09-01T03:31:39+00:00,2026-09,07d43c029953,cb5df8fba2b3-dirty,naive1,live,2026-07-5e473ac91f60,local-a73-r2
2026-09,3,mexico,F3,FAD,2026-12-01,9678,9504,9852,9314,10042,True,naive1,0.0635,q_h,06a3a51610fa,bfbc0160cf6e,2026-09-01T03:31:39+00:00,2026-09,07d43c029953,cb5df8fba2b3-dirty,naive1,live,2026-07-5e473ac91f60,local-a73-r2
2026-09,4,mexico,F3,FAD,2027-01-01,9678,9504,9852,9027,10329,True,naive1,0.0635,q_h,e014722d8328,141c1d8f38c2,2026-09-01T03:31:39+00:00,2026-09,07d43c029953,cb5df8fba2b3-dirty,naive1,live,2026-07-5e473ac91f60,local-a73-r2
2026-09,5,mexico,F3,FAD,2027-02-01,9678,9486,9870,9027,10329,True,naive1,0.0635,q_h,2814b212de31,d525594b86c9,2026-09-01T03:31:39+00:00,2026-09,07d43c029953,cb5df8fba2b3-dirty,naive1,live,2026-07-5e473ac91f60,local-a73-r2
2026-09,6,mexico,F3,FAD,2027-03-01,9678,9456,9900,8996,10360,True,naive1,0.0635,q_h,d6fda5271df5,1ba7d6b76655,2026-09-01T03:31:39+00:00,2026-09,07d43c029953,cb5df8fba2b3-dirty,naive1,live,2026-07-5e473ac91f60,local-a73-r2
2026-09,7,mexico,F3,FAD,2027-04-01,9678,9456,9900,8819,10537,True,naive1,0.0635,q_h,acafcffb865e,e36008a019d7,2026-09-01T03:31:39+00:00,2026-09,07d43c029953,cb5df8fba2b3-dirty,naive1,live,2026-07-5e473ac91f60,local-a73-r2
2026-09,8,mexico,F3,FAD,2027-05-01,9678,9456,9900,8819,10537,True,naive1,0.0635,q_h,301428530744,875f2f8bc813,2026-09-01T03:31:39+00:00,2026-09,07d43c029953,cb5df8fba2b3-dirty,naive1,live,2026-07-5e473ac91f60,local-a73-r2
2026-09,9,mexico,F3,FAD,2027-06-01,9678,9379,9977,8819,10537,True,naive1,0.0635,q_h,2f5d263299f0,a50e27784b67,2026-09-01T03:31:39+00:00,2026-09,07d43c029953,cb5df8fba2b3-dirty,naive1,live,2026-07-5e473ac91f60,local-a73-r2
2026-09,10,mexico,F3,FAD,2027-07-01,9678,9379,9977,8819,10537,True,naive1,0.0635,q_h,7e7ee41efcb7,b57fc46859f0,2026-09-01T03:31:39+00:00,2026-09,07d43c029953,cb5df8fba2b3-dirty,naive1,live,2026-07-5e473ac91f60,local-a73-r2
2026-09,11,mexico,F3,FAD,2027-08-01,9678,9379,9977,8819,10537,True,naive1,0.0635,q_h,582c1d05f955,55e985c178c7,2026-09-01T03:31:39+00:00,2026-09,07d43c029953,cb5df8fba2b3-dirty,naive1,live,2026-07-5e473ac91f60,local-a73-r2
2026-09,12,mexico,F3,FAD,2027-09-01,9678,9358,9998,8773,10583,True,naive1,0.0635,q_h,6f135060b2dd,cf8271728308,2026-09-01T03:31:39+00:00,2026-09,07d43c029953,cb5df8fba2b3-dirty,naive1,live,2026-07-5e473ac91f60,local-a73-r2
2026-09,1,mexico,F4,DFF,2026-10-01,9616,9616,9616,9616,9616,True,naive1,0.0,q_h,34152a5a1298,030b9799bd2f,2026-09-01T03:31:39+00:00,2026-09,07d43c029953,cb5df8fba2b3-dirty,naive1,live,2026-07-5e473ac91f60,local-a73-r2
2026-09,2,mexico,F4,DFF,2026-11-01,9616,9616,9616,9616,9616,True,naive1,0.0,q_h,f0971f467389,6a1f378b4735,2026-09-01T03:31:39+00:00,2026-09,07d43c029953,cb5df8fba2b3-dirty,naive1,live,2026-07-5e473ac91f60,local-a73-r2
2026-09,3,mexico,F4,DFF,2026-12-01,9616,9616,9616,9616,9616,True,naive1,0.0,q_h,11fb58756bf1,8f613bb656b7,2026-09-01T03:31:39+00:00,2026-09,07d43c029953,cb5df8fba2b3-dirty,naive1,live,2026-07-5e473ac91f60,local-a73-r2
2026-09,4,mexico,F4,DFF,2027-01-01,9616,9616,9616,9616,9616,True,naive1,0.0,q_h,2cf81200e054,100d49f8f453,2026-09-01T03:31:39+00:00,2026-09,07d43c029953,cb5df8fba2b3-dirty,naive1,live,2026-07-5e473ac91f60,local-a73-r2
2026-09,5,mexico,F4,DFF,2027-02-01,9616,9616,9616,9616,9616,True,naive1,0.0,q_h,70db43b403e3,281702aefa9c,2026-09-01T03:31:39+00:00,2026-09,07d43c029953,cb5df8fba2b3-dirty,naive1,live,2026-07-5e473ac91f60,local-a73-r2
2026-09,6,mexico,F4,DFF,2027-03-01,9616,9616,9616,9616,9616,True,naive1,0.0,q_h,c1307a7e754b,66898f2bcad2,2026-09-01T03:31:39+00:00,2026-09,07d43c029953,cb5df8fba2b3-dirty,naive1,live,2026-07-5e473ac91f60,local-a73-r2
2026-09,7,mexico,F4,DFF,2027-04-01,9616,9616,9616,9616,9616,True,naive1,0.0,q_h,cb2c33443ebc,66f3a79af70b,2026-09-01T03:31:39+00:00,2026-09,07d43c029953,cb5df8fba2b3-dirty,naive1,live,2026-07-5e473ac91f60,local-a73-r2
2026-09,8,mexico,F4,DFF,2027-05-01,9616,9616,9616,9616,9616,True,naive1,0.0,q_h,f1db3cc23f75,ae41973900f6,2026-09-01T03:31:39+00:00,2026-09,07d43c029953,cb5df8fba2b3-dirty,naive1,live,2026-07-5e473ac91f60,local-a73-r2
2026-09,9,mexico,F4,DFF,2027-06-01,9616,9616,9616,9616,9616,True,naive1,0.0,q_h,fefd041aa6e8,d968a263cb2b,2026-09-01T03:31:39+00:00,2026-09,07d43c029953,cb5df8fba2b3-dirty,naive1,live,2026-07-5e473ac91f60,local-a73-r2
2026-09,10,mexico,F4,DFF,2027-07-01,9616,9616,9616,9616,9616,True,naive1,0.0,q_h,44fe9a93c1d0,50d8c75e8ad1,2026-09-01T03:31:39+00:00,2026-09,07d43c029953,cb5df8fba2b3-dirty,naive1,live,2026-07-5e473ac91f60,local-a73-r2
2026-09,11,mexico,F4,DFF,2027-08-01,9616,9616,9616,9616,9616,True,naive1,0.0,q_h,9600c8c68c94,86256491f1a6,2026-09-01T03:31:39+00:00,2026-09,07d43c029953,cb5df8fba2b3-dirty,naive1,live,2026-07-5e473ac91f60,local-a73-r2
2026-09,12,mexico,F4,DFF,2027-09-01,9616,9616,9616,9616,9616,True,naive1,0.0,q_h,5189e0d69f55,c94e2405f40c,2026-09-01T03:31:39+00:00,2026-09,07d43c029953,cb5df8fba2b3-dirty,naive1,live,2026-07-5e473ac91f60,local-a73-r2
2026-09,1,mexico,F4,FAD,2026-10-01,9594,9570,9618,9570,9618,True,naive1,0.0093,q_h,df812cbe9a55,b48cf3cff560,2026-09-01T03:31:39+00:00,2026-09,07d43c029953,cb5df8fba2b3-dirty,naive1,live,2026-07-5e473ac91f60,local-a73-r2
2026-09,2,mexico,F4,FAD,2026-11-01,9594,9570,9618,9570,9618,True,naive1,0.0093,q_h,f7a8c0b9fad1,4320964caab3,2026-09-01T03:31:39+00:00,2026-09,07d43c029953,cb5df8fba2b3-dirty,naive1,live,2026-07-5e473ac91f60,local-a73-r2
2026-09,3,mexico,F4,FAD,2026-12-01,9594,9570,9618,9544,9644,True,naive1,0.0093,q_h,fba99835f34b,3e81752bbf81,2026-09-01T03:31:39+00:00,2026-09,07d43c029953,cb5df8fba2b3-dirty,naive1,live,2026-07-5e473ac91f60,local-a73-r2
2026-09,4,mexico,F4,FAD,2027-01-01,9594,9570,9618,9504,9684,True,naive1,0.0093,q_h,221882bb6e09,c468f61c4961,2026-09-01T03:31:39+00:00,2026-09,07d43c029953,cb5df8fba2b3-dirty,naive1,live,2026-07-5e473ac91f60,local-a73-r2
2026-09,5,mexico,F4,FAD,2027-02-01,9594,9567,9621,9504,9684,True,naive1,0.0093,q_h,c42ce97b9c0b,06c508449c72,2026-09-01T03:31:39+00:00,2026-09,07d43c029953,cb5df8fba2b3-dirty,naive1,live,2026-07-5e473ac91f60,local-a73-r2
2026-09,6,mexico,F4,FAD,2027-03-01,9594,9563,9625,9500,9688,True,naive1,0.0093,q_h,ddd775896993,fd17b8ff06e0,2026-09-01T03:31:39+00:00,2026-09,07d43c029953,cb5df8fba2b3-dirty,naive1,live,2026-07-5e473ac91f60,local-a73-r2
2026-09,7,mexico,F4,FAD,2027-04-01,9594,9563,9625,9476,9712,True,naive1,0.0093,q_h,76e4a9f49fef,33770842961e,2026-09-01T03:31:39+00:00,2026-09,07d43c029953,cb5df8fba2b3-dirty,naive1,live,2026-07-5e473ac91f60,local-a73-r2
2026-09,8,mexico,F4,FAD,2027-05-01,9594,9563,9625,9476,9712,True,naive1,0.0093,q_h,e188aef60f82,9b4d2a88b0a8,2026-09-01T03:31:39+00:00,2026-09,07d43c029953,cb5df8fba2b3-dirty,naive1,live,2026-07-5e473ac91f60,local-a73-r2
2026-09,9,mexico,F4,FAD,2027-06-01,9594,9553,9635,9476,9712,True,naive1,0.0093,q_h,72bad572e765,2dbd2dcabdc1,2026-09-01T03:31:39+00:00,2026-09,07d43c029953,cb5df8fba2b3-dirty,naive1,live,2026-07-5e473ac91f60,local-a73-r2
2026-09,10,mexico,F4,FAD,2027-07-01,9594,9553,9635,9476,9712,True,naive1,0.0093,q_h,0be3b7bf0a70,8c0a7540545a,2026-09-01T03:31:39+00:00,2026-09,07d43c029953,cb5df8fba2b3-dirty,naive1,live,2026-07-5e473ac91f60,local-a73-r2
2026-09,11,mexico,F4,FAD,2027-08-01,9594,9553,9635,9476,9712,True,naive1,0.0093,q_h,fc7758c56ce3,7d450483f949,2026-09-01T03:31:39+00:00,2026-09,07d43c029953,cb5df8fba2b3-dirty,naive1,live,2026-07-5e473ac91f60,local-a73-r2
2026-09,12,mexico,F4,FAD,2027-09-01,9594,9550,9638,9469,9719,True,naive1,0.0093,q_h,bb7dad783da7,149b408c4b8f,2026-09-01T03:31:39+00:00,2026-09,07d43c029953,cb5df8fba2b3-dirty,naive1,live,2026-07-5e473ac91f60,local-a73-r2
2026-09,1,philippines,EB3,DFF,2026-10-01,17897,17805,17989,17356,18438,True,naive1,0.016,q_h,4352afa6f0e9,2d73f4555bf6,2026-09-01T03:31:39+00:00,2026-09,07d43c029953,cb5df8fba2b3-dirty,naive1,live,2026-07-5e473ac91f60,local-a73-r2
2026-09,2,philippines,EB3,DFF,2026-11-01,17897,17805,17989,17356,18438,True,naive1,0.016,q_h,2ca6ea4ca9d2,e476f4907a99,2026-09-01T03:31:39+00:00,2026-09,07d43c029953,cb5df8fba2b3-dirty,naive1,live,2026-07-5e473ac91f60,local-a73-r2
2026-09,3,philippines,EB3,DFF,2026-12-01,17897,17805,17989,17356,18438,True,naive1,0.016,q_h,53cc228ef6c8,5c7faabc2a2a,2026-09-01T03:31:39+00:00,2026-09,07d43c029953,cb5df8fba2b3-dirty,naive1,live,2026-07-5e473ac91f60,local-a73-r2
2026-09,4,philippines,EB3,DFF,2027-01-01,17897,17794,18000,17356,18438,True,naive1,0.016,q_h,95b339eaa93d,160c723c94bb,2026-09-01T03:31:39+00:00,2026-09,07d43c029953,cb5df8fba2b3-dirty,naive1,live,2026-07-5e473ac91f60,local-a73-r2
2026-09,5,philippines,EB3,DFF,2027-02-01,17897,17769,18025,17356,18438,True,naive1,0.016,q_h,c55bd7eca5e4,975fbb573e7e,2026-09-01T03:31:39+00:00,2026-09,07d43c029953,cb5df8fba2b3-dirty,naive1,live,2026-07-5e473ac91f60,local-a73-r2
2026-09,6,philippines,EB3,DFF,2027-03-01,17897,17746,18048,17329,18465,True,naive1,0.016,q_h,fdbfe21c0976,5411ace8d3a5,2026-09-01T03:31:39+00:00,2026-09,07d43c029953,cb5df8fba2b3-dirty,naive1,live,2026-07-5e473ac91f60,local-a73-r2
2026-09,7,philippines,EB3,DFF,2027-04-01,17897,17746,18048,17316,18478,True,naive1,0.016,q_h,ad8e098a7ff8,eabfa90ec421,2026-09-01T03:31:39+00:00,2026-09,07d43c029953,cb5df8fba2b3-dirty,naive1,live,2026-07-5e473ac91f60,local-a73-r2
2026-09,8,philippines,EB3,DFF,2027-05-01,17897,17746,18048,17316,18478,True,naive1,0.016,q_h,6b39f6e3f4b5,ab6aa6aaebe1,2026-09-01T03:31:39+00:00,2026-09,07d43c029953,cb5df8fba2b3-dirty,naive1,live,2026-07-5e473ac91f60,local-a73-r2
2026-09,9,philippines,EB3,DFF,2027-06-01,17897,17682,18112,17316,18478,True,naive1,0.016,q_h,cf34b796ac77,3e75ba9a6b97,2026-09-01T03:31:39+00:00,2026-09,07d43c029953,cb5df8fba2b3-dirty,naive1,live,2026-07-5e473ac91f60,local-a73-r2
2026-09,10,philippines,EB3,DFF,2027-07-01,17897,17659,18135,17316,18478,True,naive1,0.016,q_h,7c3b9745d0e7,7d4359e78301,2026-09-01T03:31:39+00:00,2026-09,07d43c029953,cb5df8fba2b3-dirty,naive1,live,2026-07-5e473ac91f60,local-a73-r2
2026-09,11,philippines,EB3,DFF,2027-08-01,17897,17640,18154,17316,18478,True,naive1,0.016,q_h,319448038c73,f180fa1b069c,2026-09-01T03:31:39+00:00,2026-09,07d43c029953,cb5df8fba2b3-dirty,naive1,live,2026-07-5e473ac91f60,local-a73-r2
2026-09,12,philippines,EB3,DFF,2027-09-01,17897,17603,18191,17316,18478,True,naive1,0.016,q_h,f217f113a6de,79fbac21530e,2026-09-01T03:31:39+00:00,2026-09,07d43c029953,cb5df8fba2b3-dirty,naive1,live,2026-07-5e473ac91f60,local-a73-r2
2026-09,1,philippines,EB3,FAD,2026-10-01,17744,17030,18458,17030,18458,True,naive1,0.0459,q_h,200593169f8e,609c9e631c86,2026-09-01T03:31:39+00:00,2026-09,07d43c029953,cb5df8fba2b3-dirty,naive1,live,2026-07-5e473ac91f60,local-a73-r2
2026-09,2,philippines,EB3,FAD,2026-11-01,17744,17030,18458,17030,18458,True,naive1,0.0459,q_h,4592dbbfad7a,31d89a3ae9a3,2026-09-01T03:31:39+00:00,2026-09,07d43c029953,cb5df8fba2b3-dirty,naive1,live,2026-07-5e473ac91f60,local-a73-r2
2026-09,3,philippines,EB3,FAD,2026-12-01,17744,17030,18458,16249,19239,True,naive1,0.0459,q_h,a15d9d68769d,5c898014cc8c,2026-09-01T03:31:39+00:00,2026-09,07d43c029953,cb5df8fba2b3-dirty,naive1,live,2026-07-5e473ac91f60,local-a73-r2
2026-09,4,philippines,EB3,FAD,2027-01-01,17744,17030,18458,15074,20414,True,naive1,0.0459,q_h,423cbb6d5eac,057bcac0883a,2026-09-01T03:31:39+00:00,2026-09,07d43c029953,cb5df8fba2b3-dirty,naive1,live,2026-07-5e473ac91f60,local-a73-r2
2026-09,5,philippines,EB3,FAD,2027-02-01,17744,16954,18534,15074,20414,True,naive1,0.0459,q_h,5fc636d5b647,940e1edf8a36,2026-09-01T03:31:39+00:00,2026-09,07d43c029953,cb5df8fba2b3-dirty,naive1,live,2026-07-5e473ac91f60,local-a73-r2
2026-09,6,philippines,EB3,FAD,2027-03-01,17744,16834,18654,14946,20542,True,naive1,0.0459,q_h,4b27b848c0a3,9dd99123ecf3,2026-09-01T03:31:39+00:00,2026-09,07d43c029953,cb5df8fba2b3-dirty,naive1,live,2026-07-5e473ac91f60,local-a73-r2
2026-09,7,philippines,EB3,FAD,2027-04-01,17744,16834,18654,14221,21267,True,naive1,0.0459,q_h,db69d9db10a9,a8605e82e08f,2026-09-01T03:31:39+00:00,2026-09,07d43c029953,cb5df8fba2b3-dirty,naive1,live,2026-07-5e473ac91f60,local-a73-r2
2026-09,8,philippines,EB3,FAD,2027-05-01,17744,16834,18654,14219,21269,True,naive1,0.0459,q_h,f048508cf206,4a860cd338be,2026-09-01T03:31:39+00:00,2026-09,07d43c029953,cb5df8fba2b3-dirty,naive1,live,2026-07-5e473ac91f60,local-a73-r2
2026-09,9,philippines,EB3,FAD,2027-06-01,17744,16517,18971,14219,21269,True,naive1,0.0459,q_h,340428073493,af088c272fa2,2026-09-01T03:31:39+00:00,2026-09,07d43c029953,cb5df8fba2b3-dirty,naive1,live,2026-07-5e473ac91f60,local-a73-r2
2026-09,10,philippines,EB3,FAD,2027-07-01,17744,16517,18971,14219,21269,True,naive1,0.0459,q_h,e3412275f93c,2ef1b223f125,2026-09-01T03:31:39+00:00,2026-09,07d43c029953,cb5df8fba2b3-dirty,naive1,live,2026-07-5e473ac91f60,local-a73-r2
2026-09,11,philippines,EB3,FAD,2027-08-01,17744,16517,18971,14219,21269,True,naive1,0.0459,q_h,c2c4b98be01e,a4b90ef61768,2026-09-01T03:31:39+00:00,2026-09,07d43c029953,cb5df8fba2b3-dirty,naive1,live,2026-07-5e473ac91f60,local-a73-r2
2026-09,12,philippines,EB3,FAD,2027-09-01,17744,16432,19056,14028,21460,True,naive1,0.0459,q_h,f0b3361a135e,c8b97c255c7e,2026-09-01T03:31:39+00:00,2026-09,07d43c029953,cb5df8fba2b3-dirty,naive1,live,2026-07-5e473ac91f60,local-a73-r2
2026-09,1,philippines,EB3_OW,DFF,2026-10-01,17379,17007,17751,15191,19567,True,naive1,0.0444,q_h,e4344008905f,3a7a4c1f06de,2026-09-01T03:31:39+00:00,2026-09,07d43c029953,cb5df8fba2b3-dirty,naive1,live,2026-07-5e473ac91f60,local-a73-r2
2026-09,2,philippines,EB3_OW,DFF,2026-11-01,17379,17007,17751,15191,19567,True,naive1,0.0444,q_h,c52cf6127b64,1bdc6d34e5a9,2026-09-01T03:31:39+00:00,2026-09,07d43c029953,cb5df8fba2b3-dirty,naive1,live,2026-07-5e473ac91f60,local-a73-r2
2026-09,3,philippines,EB3_OW,DFF,2026-12-01,17379,17007,17751,15191,19567,True,naive1,0.0444,q_h,daab0ffc2b47,bee874fb794c,2026-09-01T03:31:39+00:00,2026-09,07d43c029953,cb5df8fba2b3-dirty,naive1,live,2026-07-5e473ac91f60,local-a73-r2
2026-09,4,philippines,EB3_OW,DFF,2027-01-01,17379,16961,17797,15191,19567,True,naive1,0.0444,q_h,f8ef7e3361eb,7b3e7ff911bb,2026-09-01T03:31:39+00:00,2026-09,07d43c029953,cb5df8fba2b3-dirty,naive1,live,2026-07-5e473ac91f60,local-a73-r2
2026-09,5,philippines,EB3_OW,DFF,2027-02-01,17379,16863,17895,15191,19567,True,naive1,0.0444,q_h,99ea86664fe5,3c7aa7efded4,2026-09-01T03:31:39+00:00,2026-09,07d43c029953,cb5df8fba2b3-dirty,naive1,live,2026-07-5e473ac91f60,local-a73-r2
2026-09,6,philippines,EB3_OW,DFF,2027-03-01,17379,16770,17988,15083,19675,True,naive1,0.0444,q_h,afc76d3b9eab,e24b5a2651dc,2026-09-01T03:31:39+00:00,2026-09,07d43c029953,cb5df8fba2b3-dirty,naive1,live,2026-07-5e473ac91f60,local-a73-r2
2026-09,7,philippines,EB3_OW,DFF,2027-04-01,17379,16770,17988,15028,19730,True,naive1,0.0444,q_h,26a5c25f5b33,f2399748a8f4,2026-09-01T03:31:39+00:00,2026-09,07d43c029953,cb5df8fba2b3-dirty,naive1,live,2026-07-5e473ac91f60,local-a73-r2
2026-09,8,philippines,EB3_OW,DFF,2027-05-01,17379,16770,17988,15028,19730,True,naive1,0.0444,q_h,b35d22dd5f8a,2678c9ffd9e1,2026-09-01T03:31:39+00:00,2026-09,07d43c029953,cb5df8fba2b3-dirty,naive1,live,2026-07-5e473ac91f60,local-a73-r2
2026-09,9,philippines,EB3_OW,DFF,2027-06-01,17379,16510,18248,15028,19730,True,naive1,0.0444,q_h,e9f1f1470078,d9fe4880d344,2026-09-01T03:31:39+00:00,2026-09,07d43c029953,cb5df8fba2b3-dirty,naive1,live,2026-07-5e473ac91f60,local-a73-r2
2026-09,10,philippines,EB3_OW,DFF,2027-07-01,17379,16415,18343,15028,19730,True,naive1,0.0444,q_h,d17f3959c31a,891fe845b0d5,2026-09-01T03:31:39+00:00,2026-09,07d43c029953,cb5df8fba2b3-dirty,naive1,live,2026-07-5e473ac91f60,local-a73-r2
2026-09,11,philippines,EB3_OW,DFF,2027-08-01,17379,16341,18417,15028,19730,True,naive1,0.0444,q_h,df8f8d1ea595,c9d2e024b12e,2026-09-01T03:31:39+00:00,2026-09,07d43c029953,cb5df8fba2b3-dirty,naive1,live,2026-07-5e473ac91f60,local-a73-r2
2026-09,12,philippines,EB3_OW,DFF,2027-09-01,17379,16192,18566,15028,19730,True,naive1,0.0444,q_h,5d8b0b933e5d,43a918eac539,2026-09-01T03:31:39+00:00,2026-09,07d43c029953,cb5df8fba2b3-dirty,naive1,live,2026-07-5e473ac91f60,local-a73-r2
2026-09,1,philippines,EB3_OW,FAD,2026-10-01,17136,16922,17350,16922,17350,True,naive1,0.0306,q_h,408721a61fb4,54faf7747d4e,2026-09-01T03:31:39+00:00,2026-09,07d43c029953,cb5df8fba2b3-dirty,naive1,live,2026-07-5e473ac91f60,local-a73-r2
2026-09,2,philippines,EB3_OW,FAD,2026-11-01,17136,16922,17350,16922,17350,True,naive1,0.0306,q_h,af652a8f3537,31979320d151,2026-09-01T03:31:39+00:00,2026-09,07d43c029953,cb5df8fba2b3-dirty,naive1,live,2026-07-5e473ac91f60,local-a73-r2
2026-09,3,philippines,EB3_OW,FAD,2026-12-01,17136,16922,17350,16688,17584,True,naive1,0.0306,q_h,880a9d5bcf91,ce5562a6ead7,2026-09-01T03:31:39+00:00,2026-09,07d43c029953,cb5df8fba2b3-dirty,naive1,live,2026-07-5e473ac91f60,local-a73-r2
2026-09,4,philippines,EB3_OW,FAD,2027-01-01,17136,16922,17350,16336,17936,True,naive1,0.0306,q_h,8bbdb62a26c1,aec32c5fbdee,2026-09-01T03:31:39+00:00,2026-09,07d43c029953,cb5df8fba2b3-dirty,naive1,live,2026-07-5e473ac91f60,local-a73-r2
2026-09,5,philippines,EB3_OW,FAD,2027-02-01,17136,16899,17373,16336,17936,True,naive1,0.0306,q_h,58f66a454ae9,afd0d79b5f31,2026-09-01T03:31:39+00:00,2026-09,07d43c029953,cb5df8fba2b3-dirty,naive1,live,2026-07-5e473ac91f60,local-a73-r2
2026-09,6,philippines,EB3_OW,FAD,2027-03-01,17136,16863,17409,16297,17975,True,naive1,0.0306,q_h,6d15fe80a0d7,f4af4b8bdf76,2026-09-01T03:31:39+00:00,2026-09,07d43c029953,cb5df8fba2b3-dirty,naive1,live,2026-07-5e473ac91f60,local-a73-r2
2026-09,7,philippines,EB3_OW,FAD,2027-04-01,17136,16863,17409,16080,18192,True,naive1,0.0306,q_h,a07623fe2e9b,df536efdd920,2026-09-01T03:31:39+00:00,2026-09,07d43c029953,cb5df8fba2b3-dirty,naive1,live,2026-07-5e473ac91f60,local-a73-r2
2026-09,8,philippines,EB3_OW,FAD,2027-05-01,17136,16863,17409,16080,18192,True,naive1,0.0306,q_h,842fda879fd6,ef82cb556bae,2026-09-01T03:31:39+00:00,2026-09,07d43c029953,cb5df8fba2b3-dirty,naive1,live,2026-07-5e473ac91f60,local-a73-r2
2026-09,9,philippines,EB3_OW,FAD,2027-06-01,17136,16768,17504,16080,18192,True,naive1,0.0306,q_h,ebfc090d3888,9b5b50f398bc,2026-09-01T03:31:39+00:00,2026-09,07d43c029953,cb5df8fba2b3-dirty,naive1,live,2026-07-5e473ac91f60,local-a73-r2
2026-09,10,philippines,EB3_OW,FAD,2027-07-01,17136,16768,17504,16080,18192,True,naive1,0.0306,q_h,dbbd33d08627,e59e47edb9f5,2026-09-01T03:31:39+00:00,2026-09,07d43c029953,cb5df8fba2b3-dirty,naive1,live,2026-07-5e473ac91f60,local-a73-r2
2026-09,11,philippines,EB3_OW,FAD,2027-08-01,17136,16768,17504,16080,18192,True,naive1,0.0306,q_h,8657d49854db,971a6c8eb1ed,2026-09-01T03:31:39+00:00,2026-09,07d43c029953,cb5df8fba2b3-dirty,naive1,live,2026-07-5e473ac91f60,local-a73-r2
2026-09,12,philippines,EB3_OW,FAD,2027-09-01,17136,16743,17529,16022,18250,True,naive1,0.0306,q_h,f321df39f5c8,71090ff8c971,2026-09-01T03:31:39+00:00,2026-09,07d43c029953,cb5df8fba2b3-dirty,naive1,live,2026-07-5e473ac91f60,local-a73-r2
2026-09,1,philippines,EB4,FAD,2026-10-01,17515,16996,18034,16996,18034,True,naive1,0.0784,q_h,f290b3894bcc,34bab2aa3e56,2026-09-01T03:31:39+00:00,2026-09,07d43c029953,cb5df8fba2b3-dirty,naive1,live,2026-07-5e473ac91f60,local-a73-r2
2026-09,2,philippines,EB4,FAD,2026-11-01,17515,16996,18034,16996,18034,True,naive1,0.0784,q_h,7457ea888170,79f9128812e5,2026-09-01T03:31:39+00:00,2026-09,07d43c029953,cb5df8fba2b3-dirty,naive1,live,2026-07-5e473ac91f60,local-a73-r2
2026-09,3,philippines,EB4,FAD,2026-12-01,17515,16996,18034,16429,18601,True,naive1,0.0784,q_h,8413185777dd,7f88f68db170,2026-09-01T03:31:39+00:00,2026-09,07d43c029953,cb5df8fba2b3-dirty,naive1,live,2026-07-5e473ac91f60,local-a73-r2
2026-09,4,philippines,EB4,FAD,2027-01-01,17515,16996,18034,15574,19456,True,naive1,0.0784,q_h,c6a082256586,3acf5d0708ef,2026-09-01T03:31:39+00:00,2026-09,07d43c029953,cb5df8fba2b3-dirty,naive1,live,2026-07-5e473ac91f60,local-a73-r2
2026-09,5,philippines,EB4,FAD,2027-02-01,17515,16941,18089,15574,19456,True,naive1,0.0784,q_h,02765617e198,c5f6be935388,2026-09-01T03:31:39+00:00,2026-09,07d43c029953,cb5df8fba2b3-dirty,naive1,live,2026-07-5e473ac91f60,local-a73-r2
2026-09,6,philippines,EB4,FAD,2027-03-01,17515,16853,18177,15481,19549,True,naive1,0.0784,q_h,f63d3a5fdb89,c914ad80e31b,2026-09-01T03:31:39+00:00,2026-09,07d43c029953,cb5df8fba2b3-dirty,naive1,live,2026-07-5e473ac91f60,local-a73-r2
2026-09,7,philippines,EB4,FAD,2027-04-01,17515,16853,18177,14954,20076,True,naive1,0.0784,q_h,cda2ac8a2c64,4d6067d766dd,2026-09-01T03:31:39+00:00,2026-09,07d43c029953,cb5df8fba2b3-dirty,naive1,live,2026-07-5e473ac91f60,local-a73-r2
2026-09,8,philippines,EB4,FAD,2027-05-01,17515,16853,18177,14953,20077,True,naive1,0.0784,q_h,6fdf0bdc5a30,8bcfb61fef6d,2026-09-01T03:31:39+00:00,2026-09,07d43c029953,cb5df8fba2b3-dirty,naive1,live,2026-07-5e473ac91f60,local-a73-r2
2026-09,9,philippines,EB4,FAD,2027-06-01,17515,16623,18407,14953,20077,True,naive1,0.0784,q_h,17751636357f,07f94e6f205c,2026-09-01T03:31:39+00:00,2026-09,07d43c029953,cb5df8fba2b3-dirty,naive1,live,2026-07-5e473ac91f60,local-a73-r2
2026-09,10,philippines,EB4,FAD,2027-07-01,17515,16623,18407,14953,20077,True,naive1,0.0784,q_h,425fab838a22,963a4deff42b,2026-09-01T03:31:39+00:00,2026-09,07d43c029953,cb5df8fba2b3-dirty,naive1,live,2026-07-5e473ac91f60,local-a73-r2
2026-09,11,philippines,EB4,FAD,2027-08-01,17515,16623,18407,14953,20077,True,naive1,0.0784,q_h,d7100fb29fc6,70ce1c792b3a,2026-09-01T03:31:39+00:00,2026-09,07d43c029953,cb5df8fba2b3-dirty,naive1,live,2026-07-5e473ac91f60,local-a73-r2
2026-09,12,philippines,EB4,FAD,2027-09-01,17515,16561,18469,14814,20216,True,naive1,0.0784,q_h,d5b3e58e3566,af649c9bb375,2026-09-01T03:31:39+00:00,2026-09,07d43c029953,cb5df8fba2b3-dirty,naive1,live,2026-07-5e473ac91f60,local-a73-r2
2026-09,1,philippines,EB4_RW,FAD,2026-10-01,17515,16996,18034,16996,18034,True,naive1,0.104,q_h,335436a386f3,34bab2aa3e56,2026-09-01T03:31:39+00:00,2026-09,07d43c029953,cb5df8fba2b3-dirty,naive1,live,2026-07-5e473ac91f60,local-a73-r2
2026-09,2,philippines,EB4_RW,FAD,2026-11-01,17515,16996,18034,16996,18034,True,naive1,0.104,q_h,d4a8f562911d,79f9128812e5,2026-09-01T03:31:39+00:00,2026-09,07d43c029953,cb5df8fba2b3-dirty,naive1,live,2026-07-5e473ac91f60,local-a73-r2
2026-09,3,philippines,EB4_RW,FAD,2026-12-01,17515,16996,18034,16429,18601,True,naive1,0.104,q_h,1437e10d5545,7f88f68db170,2026-09-01T03:31:39+00:00,2026-09,07d43c029953,cb5df8fba2b3-dirty,naive1,live,2026-07-5e473ac91f60,local-a73-r2
2026-09,4,philippines,EB4_RW,FAD,2027-01-01,17515,16996,18034,15574,19456,True,naive1,0.104,q_h,4d993c45f75a,3acf5d0708ef,2026-09-01T03:31:39+00:00,2026-09,07d43c029953,cb5df8fba2b3-dirty,naive1,live,2026-07-5e473ac91f60,local-a73-r2
2026-09,5,philippines,EB4_RW,FAD,2027-02-01,17515,16941,18089,15574,19456,True,naive1,0.104,q_h,dc96fb0055c8,c5f6be935388,2026-09-01T03:31:39+00:00,2026-09,07d43c029953,cb5df8fba2b3-dirty,naive1,live,2026-07-5e473ac91f60,local-a73-r2
2026-09,6,philippines,EB4_RW,FAD,2027-03-01,17515,16853,18177,15481,19549,True,naive1,0.104,q_h,6d4e3bb8b5e2,c914ad80e31b,2026-09-01T03:31:39+00:00,2026-09,07d43c029953,cb5df8fba2b3-dirty,naive1,live,2026-07-5e473ac91f60,local-a73-r2
2026-09,7,philippines,EB4_RW,FAD,2027-04-01,17515,16853,18177,14954,20076,True,naive1,0.104,q_h,b56eecfc06f1,4d6067d766dd,2026-09-01T03:31:39+00:00,2026-09,07d43c029953,cb5df8fba2b3-dirty,naive1,live,2026-07-5e473ac91f60,local-a73-r2
2026-09,8,philippines,EB4_RW,FAD,2027-05-01,17515,16853,18177,14953,20077,True,naive1,0.104,q_h,6760569b7483,8bcfb61fef6d,2026-09-01T03:31:39+00:00,2026-09,07d43c029953,cb5df8fba2b3-dirty,naive1,live,2026-07-5e473ac91f60,local-a73-r2
2026-09,9,philippines,EB4_RW,FAD,2027-06-01,17515,16623,18407,14953,20077,True,naive1,0.104,q_h,86131a139dbe,07f94e6f205c,2026-09-01T03:31:39+00:00,2026-09,07d43c029953,cb5df8fba2b3-dirty,naive1,live,2026-07-5e473ac91f60,local-a73-r2
2026-09,10,philippines,EB4_RW,FAD,2027-07-01,17515,16623,18407,14953,20077,True,naive1,0.104,q_h,0dd22b03a22f,963a4deff42b,2026-09-01T03:31:39+00:00,2026-09,07d43c029953,cb5df8fba2b3-dirty,naive1,live,2026-07-5e473ac91f60,local-a73-r2
2026-09,11,philippines,EB4_RW,FAD,2027-08-01,17515,16623,18407,14953,20077,True,naive1,0.104,q_h,337ca01e2766,70ce1c792b3a,2026-09-01T03:31:39+00:00,2026-09,07d43c029953,cb5df8fba2b3-dirty,naive1,live,2026-07-5e473ac91f60,local-a73-r2
2026-09,12,philippines,EB4_RW,FAD,2027-09-01,17515,16561,18469,14814,20216,True,naive1,0.104,q_h,d52f6f800dad,af649c9bb375,2026-09-01T03:31:39+00:00,2026-09,07d43c029953,cb5df8fba2b3-dirty,naive1,live,2026-07-5e473ac91f60,local-a73-r2
2026-09,1,philippines,F1,DFF,2026-10-01,14721,14721,14721,14721,14721,True,naive1,0.0,q_h,8f85b19a06c9,022d05d00b0a,2026-09-01T03:31:39+00:00,2026-09,07d43c029953,cb5df8fba2b3-dirty,naive1,live,2026-07-5e473ac91f60,local-a73-r2
2026-09,2,philippines,F1,DFF,2026-11-01,14721,14721,14721,14721,14721,True,naive1,0.0,q_h,48cf493b67bd,b17d2ca327be,2026-09-01T03:31:39+00:00,2026-09,07d43c029953,cb5df8fba2b3-dirty,naive1,live,2026-07-5e473ac91f60,local-a73-r2
2026-09,3,philippines,F1,DFF,2026-12-01,14721,14721,14721,14721,14721,True,naive1,0.0,q_h,6f075300bf3d,dada3fe4d739,2026-09-01T03:31:39+00:00,2026-09,07d43c029953,cb5df8fba2b3-dirty,naive1,live,2026-07-5e473ac91f60,local-a73-r2
2026-09,4,philippines,F1,DFF,2027-01-01,14721,14721,14721,14721,14721,True,naive1,0.0,q_h,1522bcf74ff9,bed16f284076,2026-09-01T03:31:39+00:00,2026-09,07d43c029953,cb5df8fba2b3-dirty,naive1,live,2026-07-5e473ac91f60,local-a73-r2
2026-09,5,philippines,F1,DFF,2027-02-01,14721,14721,14721,14721,14721,True,naive1,0.0,q_h,aeea8385d4d4,fabfefc7da19,2026-09-01T03:31:39+00:00,2026-09,07d43c029953,cb5df8fba2b3-dirty,naive1,live,2026-07-5e473ac91f60,local-a73-r2
2026-09,6,philippines,F1,DFF,2027-03-01,14721,14721,14721,14721,14721,True,naive1,0.0,q_h,aed2c041e2da,954aa28c8456,2026-09-01T03:31:39+00:00,2026-09,07d43c029953,cb5df8fba2b3-dirty,naive1,live,2026-07-5e473ac91f60,local-a73-r2
2026-09,7,philippines,F1,DFF,2027-04-01,14721,14721,14721,14721,14721,True,naive1,0.0,q_h,7af4d0feaff6,af8c963cc5f2,2026-09-01T03:31:39+00:00,2026-09,07d43c029953,cb5df8fba2b3-dirty,naive1,live,2026-07-5e473ac91f60,local-a73-r2
2026-09,8,philippines,F1,DFF,2027-05-01,14721,14721,14721,14721,14721,True,naive1,0.0,q_h,04b90fbd4650,897f47ce5218,2026-09-01T03:31:39+00:00,2026-09,07d43c029953,cb5df8fba2b3-dirty,naive1,live,2026-07-5e473ac91f60,local-a73-r2
2026-09,9,philippines,F1,DFF,2027-06-01,14721,14721,14721,14721,14721,True,naive1,0.0,q_h,67201a789100,1f227edd1d9d,2026-09-01T03:31:39+00:00,2026-09,07d43c029953,cb5df8fba2b3-dirty,naive1,live,2026-07-5e473ac91f60,local-a73-r2
2026-09,10,philippines,F1,DFF,2027-07-01,14721,14721,14721,14721,14721,True,naive1,0.0,q_h,799a4e514082,f63a6088428f,2026-09-01T03:31:39+00:00,2026-09,07d43c029953,cb5df8fba2b3-dirty,naive1,live,2026-07-5e473ac91f60,local-a73-r2
2026-09,11,philippines,F1,DFF,2027-08-01,14721,14721,14721,14721,14721,True,naive1,0.0,q_h,0b2287224bd5,530996df94dc,2026-09-01T03:31:39+00:00,2026-09,07d43c029953,cb5df8fba2b3-dirty,naive1,live,2026-07-5e473ac91f60,local-a73-r2
2026-09,12,philippines,F1,DFF,2027-09-01,14721,14721,14721,14721,14721,True,naive1,0.0,q_h,acfd01992f54,ae05156f49e6,2026-09-01T03:31:39+00:00,2026-09,07d43c029953,cb5df8fba2b3-dirty,naive1,live,2026-07-5e473ac91f60,local-a73-r2
2026-09,1,philippines,F1,FAD,2026-10-01,14000,13809,14191,13809,14191,True,naive1,0.0363,q_h,2182f386e14b,8facc5737354,2026-09-01T03:31:39+00:00,2026-09,07d43c029953,cb5df8fba2b3-dirty,naive1,live,2026-07-5e473ac91f60,local-a73-r2
2026-09,2,philippines,F1,FAD,2026-11-01,14000,13809,14191,13809,14191,True,naive1,0.0363,q_h,a4bd37c26fe5,bbd0f26ac1ff,2026-09-01T03:31:39+00:00,2026-09,07d43c029953,cb5df8fba2b3-dirty,naive1,live,2026-07-5e473ac91f60,local-a73-r2
2026-09,3,philippines,F1,FAD,2026-12-01,14000,13809,14191,13600,14400,True,naive1,0.0363,q_h,db97c5ac4b3e,114dc5b61049,2026-09-01T03:31:39+00:00,2026-09,07d43c029953,cb5df8fba2b3-dirty,naive1,live,2026-07-5e473ac91f60,local-a73-r2
2026-09,4,philippines,F1,FAD,2027-01-01,14000,13809,14191,13286,14714,True,naive1,0.0363,q_h,ca90eda5cc8e,62e757a9d681,2026-09-01T03:31:39+00:00,2026-09,07d43c029953,cb5df8fba2b3-dirty,naive1,live,2026-07-5e473ac91f60,local-a73-r2
2026-09,5,philippines,F1,FAD,2027-02-01,14000,13789,14211,13286,14714,True,naive1,0.0363,q_h,73ac5972ce4d,2d938bd96687,2026-09-01T03:31:39+00:00,2026-09,07d43c029953,cb5df8fba2b3-dirty,naive1,live,2026-07-5e473ac91f60,local-a73-r2
2026-09,6,philippines,F1,FAD,2027-03-01,14000,13756,14244,13251,14749,True,naive1,0.0363,q_h,6bd1fe3414dd,5b99b8b777e6,2026-09-01T03:31:39+00:00,2026-09,07d43c029953,cb5df8fba2b3-dirty,naive1,live,2026-07-5e473ac91f60,local-a73-r2
2026-09,7,philippines,F1,FAD,2027-04-01,14000,13756,14244,13058,14942,True,naive1,0.0363,q_h,a2693fc9521b,75ec299edc83,2026-09-01T03:31:39+00:00,2026-09,07d43c029953,cb5df8fba2b3-dirty,naive1,live,2026-07-5e473ac91f60,local-a73-r2
2026-09,8,philippines,F1,FAD,2027-05-01,14000,13756,14244,13057,14943,True,naive1,0.0363,q_h,66c03291486e,372ed463dbe4,2026-09-01T03:31:39+00:00,2026-09,07d43c029953,cb5df8fba2b3-dirty,naive1,live,2026-07-5e473ac91f60,local-a73-r2
2026-09,9,philippines,F1,FAD,2027-06-01,14000,13672,14328,13057,14943,True,naive1,0.0363,q_h,06f4e6ee5e70,a5de3018ed13,2026-09-01T03:31:39+00:00,2026-09,07d43c029953,cb5df8fba2b3-dirty,naive1,live,2026-07-5e473ac91f60,local-a73-r2
2026-09,10,philippines,F1,FAD,2027-07-01,14000,13672,14328,13057,14943,True,naive1,0.0363,q_h,d9344624ece9,7a64fd31a08b,2026-09-01T03:31:39+00:00,2026-09,07d43c029953,cb5df8fba2b3-dirty,naive1,live,2026-07-5e473ac91f60,local-a73-r2
2026-09,11,philippines,F1,FAD,2027-08-01,14000,13672,14328,13057,14943,True,naive1,0.0363,q_h,9e5af0791cc6,f8c3c16568cb,2026-09-01T03:31:39+00:00,2026-09,07d43c029953,cb5df8fba2b3-dirty,naive1,live,2026-07-5e473ac91f60,local-a73-r2
2026-09,12,philippines,F1,FAD,2027-09-01,14000,13649,14351,13006,14994,True,naive1,0.0363,q_h,69d6e44d360b,259091641a97,2026-09-01T03:31:39+00:00,2026-09,07d43c029953,cb5df8fba2b3-dirty,naive1,live,2026-07-5e473ac91f60,local-a73-r2
2026-09,1,philippines,F2A,FAD,2026-10-01,18861,18294,19428,18294,19428,True,naive1,0.136,q_h,3f0c0b705df1,aad3e588ae31,2026-09-01T03:31:39+00:00,2026-09,07d43c029953,cb5df8fba2b3-dirty,naive1,live,2026-07-5e473ac91f60,local-a73-r2
2026-09,2,philippines,F2A,FAD,2026-11-01,18861,18294,19428,18294,19428,True,naive1,0.136,q_h,a5407175d657,d3ce3bd86832,2026-09-01T03:31:39+00:00,2026-09,07d43c029953,cb5df8fba2b3-dirty,naive1,live,2026-07-5e473ac91f60,local-a73-r2
2026-09,3,philippines,F2A,FAD,2026-12-01,18861,18294,19428,17674,20048,True,naive1,0.136,q_h,cb442d1fabd7,2850606c4ac3,2026-09-01T03:31:39+00:00,2026-09,07d43c029953,cb5df8fba2b3-dirty,naive1,live,2026-07-5e473ac91f60,local-a73-r2
2026-09,4,philippines,F2A,FAD,2027-01-01,18861,18294,19428,16741,20981,True,naive1,0.136,q_h,c96557eba272,6af3df23839a,2026-09-01T03:31:39+00:00,2026-09,07d43c029953,cb5df8fba2b3-dirty,naive1,live,2026-07-5e473ac91f60,local-a73-r2
2026-09,5,philippines,F2A,FAD,2027-02-01,18861,18234,19488,16741,20981,True,naive1,0.136,q_h,f39780460336,e0f037fdbbf9,2026-09-01T03:31:39+00:00,2026-09,07d43c029953,cb5df8fba2b3-dirty,naive1,live,2026-07-5e473ac91f60,local-a73-r2
2026-09,6,philippines,F2A,FAD,2027-03-01,18861,18138,19584,16639,21083,True,naive1,0.136,q_h,b39c83a709fe,aa5b984ba48b,2026-09-01T03:31:39+00:00,2026-09,07d43c029953,cb5df8fba2b3-dirty,naive1,live,2026-07-5e473ac91f60,local-a73-r2
2026-09,7,philippines,F2A,FAD,2027-04-01,18861,18138,19584,16063,21659,True,naive1,0.136,q_h,1254cd365ddc,f1c135a1693b,2026-09-01T03:31:39+00:00,2026-09,07d43c029953,cb5df8fba2b3-dirty,naive1,live,2026-07-5e473ac91f60,local-a73-r2
2026-09,8,philippines,F2A,FAD,2027-05-01,18861,18138,19584,16062,21660,True,naive1,0.136,q_h,9e833d18cc41,894d27a50f7b,2026-09-01T03:31:39+00:00,2026-09,07d43c029953,cb5df8fba2b3-dirty,naive1,live,2026-07-5e473ac91f60,local-a73-r2
2026-09,9,philippines,F2A,FAD,2027-06-01,18861,17887,19835,16062,21660,True,naive1,0.136,q_h,a60eca32ed19,23408385440f,2026-09-01T03:31:39+00:00,2026-09,07d43c029953,cb5df8fba2b3-dirty,naive1,live,2026-07-5e473ac91f60,local-a73-r2
2026-09,10,philippines,F2A,FAD,2027-07-01,18861,17887,19835,16062,21660,True,naive1,0.136,q_h,3c893476d69c,abae5c58e2c8,2026-09-01T03:31:39+00:00,2026-09,07d43c029953,cb5df8fba2b3-dirty,naive1,live,2026-07-5e473ac91f60,local-a73-r2
2026-09,11,philippines,F2A,FAD,2027-08-01,18861,17887,19835,16062,21660,True,naive1,0.136,q_h,a7470d8cf4e2,c1e64a46b211,2026-09-01T03:31:39+00:00,2026-09,07d43c029953,cb5df8fba2b3-dirty,naive1,live,2026-07-5e473ac91f60,local-a73-r2
2026-09,12,philippines,F2A,FAD,2027-09-01,18861,17819,19903,15910,21812,True,naive1,0.136,q_h,f2e3f99d48d4,719aeb3cd4ab,2026-09-01T03:31:39+00:00,2026-09,07d43c029953,cb5df8fba2b3-dirty,naive1,live,2026-07-5e473ac91f60,local-a73-r2
2026-09,1,philippines,F2B,DFF,2026-10-01,14153,14153,14153,14153,14153,True,naive1,0.0,q_h,5bf72566ca52,44ea3aaddf83,2026-09-01T03:31:39+00:00,2026-09,07d43c029953,cb5df8fba2b3-dirty,naive1,live,2026-07-5e473ac91f60,local-a73-r2
2026-09,2,philippines,F2B,DFF,2026-11-01,14153,14153,14153,14153,14153,True,naive1,0.0,q_h,b40a299644b5,e3c3ae001ed2,2026-09-01T03:31:39+00:00,2026-09,07d43c029953,cb5df8fba2b3-dirty,naive1,live,2026-07-5e473ac91f60,local-a73-r2
2026-09,3,philippines,F2B,DFF,2026-12-01,14153,14153,14153,14153,14153,True,naive1,0.0,q_h,0cc0f118c016,3d606a0a0911,2026-09-01T03:31:39+00:00,2026-09,07d43c029953,cb5df8fba2b3-dirty,naive1,live,2026-07-5e473ac91f60,local-a73-r2
2026-09,4,philippines,F2B,DFF,2027-01-01,14153,14153,14153,14153,14153,True,naive1,0.0,q_h,8904f726167c,6de2af9263b5,2026-09-01T03:31:39+00:00,2026-09,07d43c029953,cb5df8fba2b3-dirty,naive1,live,2026-07-5e473ac91f60,local-a73-r2
2026-09,5,philippines,F2B,DFF,2027-02-01,14153,14153,14153,14153,14153,True,naive1,0.0,q_h,83d2e11f78c9,5297f7b31150,2026-09-01T03:31:39+00:00,2026-09,07d43c029953,cb5df8fba2b3-dirty,naive1,live,2026-07-5e473ac91f60,local-a73-r2
2026-09,6,philippines,F2B,DFF,2027-03-01,14153,14153,14153,14153,14153,True,naive1,0.0,q_h,ee30f59f6751,b60f6df2f1b5,2026-09-01T03:31:39+00:00,2026-09,07d43c029953,cb5df8fba2b3-dirty,naive1,live,2026-07-5e473ac91f60,local-a73-r2
2026-09,7,philippines,F2B,DFF,2027-04-01,14153,14153,14153,14153,14153,True,naive1,0.0,q_h,6768cb4fc449,fbed93513876,2026-09-01T03:31:39+00:00,2026-09,07d43c029953,cb5df8fba2b3-dirty,naive1,live,2026-07-5e473ac91f60,local-a73-r2
2026-09,8,philippines,F2B,DFF,2027-05-01,14153,14153,14153,14153,14153,True,naive1,0.0,q_h,231fe3d5c31f,1bc5634634b3,2026-09-01T03:31:39+00:00,2026-09,07d43c029953,cb5df8fba2b3-dirty,naive1,live,2026-07-5e473ac91f60,local-a73-r2
2026-09,9,philippines,F2B,DFF,2027-06-01,14153,14153,14153,14153,14153,True,naive1,0.0,q_h,35595a2d3994,253704d4d1f8,2026-09-01T03:31:39+00:00,2026-09,07d43c029953,cb5df8fba2b3-dirty,naive1,live,2026-07-5e473ac91f60,local-a73-r2
2026-09,10,philippines,F2B,DFF,2027-07-01,14153,14153,14153,14153,14153,True,naive1,0.0,q_h,58eb9783b5da,d87ebf19062b,2026-09-01T03:31:39+00:00,2026-09,07d43c029953,cb5df8fba2b3-dirty,naive1,live,2026-07-5e473ac91f60,local-a73-r2
2026-09,11,philippines,F2B,DFF,2027-08-01,14153,14153,14153,14153,14153,True,naive1,0.0,q_h,45486c4918bf,d7085d9ed699,2026-09-01T03:31:39+00:00,2026-09,07d43c029953,cb5df8fba2b3-dirty,naive1,live,2026-07-5e473ac91f60,local-a73-r2
2026-09,12,philippines,F2B,DFF,2027-09-01,14153,14153,14153,14153,14153,True,naive1,0.0,q_h,7cf1652e2e5b,a57af1f567fc,2026-09-01T03:31:39+00:00,2026-09,07d43c029953,cb5df8fba2b3-dirty,naive1,live,2026-07-5e473ac91f60,local-a73-r2
2026-09,1,philippines,F2B,FAD,2026-10-01,14031,13878,14184,13878,14184,True,naive1,0.074,q_h,9b26bcf9831f,b53416d62a1d,2026-09-01T03:31:39+00:00,2026-09,07d43c029953,cb5df8fba2b3-dirty,naive1,live,2026-07-5e473ac91f60,local-a73-r2
2026-09,2,philippines,F2B,FAD,2026-11-01,14031,13878,14184,13878,14184,True,naive1,0.074,q_h,918f6e73c1db,f71074e97d8a,2026-09-01T03:31:39+00:00,2026-09,07d43c029953,cb5df8fba2b3-dirty,naive1,live,2026-07-5e473ac91f60,local-a73-r2
2026-09,3,philippines,F2B,FAD,2026-12-01,14031,13878,14184,13711,14351,True,naive1,0.074,q_h,904ce5f38e49,144dee2ba9ff,2026-09-01T03:31:39+00:00,2026-09,07d43c029953,cb5df8fba2b3-dirty,naive1,live,2026-07-5e473ac91f60,local-a73-r2
2026-09,4,philippines,F2B,FAD,2027-01-01,14031,13878,14184,13459,14603,True,naive1,0.074,q_h,19cbbd468d8f,c7dfb4a18fbf,2026-09-01T03:31:39+00:00,2026-09,07d43c029953,cb5df8fba2b3-dirty,naive1,live,2026-07-5e473ac91f60,local-a73-r2
2026-09,5,philippines,F2B,FAD,2027-02-01,14031,13862,14200,13459,14603,True,naive1,0.074,q_h,cf8d3a15b61c,37e31e9e1c43,2026-09-01T03:31:39+00:00,2026-09,07d43c029953,cb5df8fba2b3-dirty,naive1,live,2026-07-5e473ac91f60,local-a73-r2
2026-09,6,philippines,F2B,FAD,2027-03-01,14031,13836,14226,13431,14631,True,naive1,0.074,q_h,6782791d5c15,01c40c5c6e1b,2026-09-01T03:31:39+00:00,2026-09,07d43c029953,cb5df8fba2b3-dirty,naive1,live,2026-07-5e473ac91f60,local-a73-r2
2026-09,7,philippines,F2B,FAD,2027-04-01,14031,13836,14226,13276,14786,True,naive1,0.074,q_h,f081119ae01f,21656065a439,2026-09-01T03:31:39+00:00,2026-09,07d43c029953,cb5df8fba2b3-dirty,naive1,live,2026-07-5e473ac91f60,local-a73-r2
2026-09,8,philippines,F2B,FAD,2027-05-01,14031,13836,14226,13276,14786,True,naive1,0.074,q_h,25e8c44d3e8b,791053ea36c4,2026-09-01T03:31:39+00:00,2026-09,07d43c029953,cb5df8fba2b3-dirty,naive1,live,2026-07-5e473ac91f60,local-a73-r2
2026-09,9,philippines,F2B,FAD,2027-06-01,14031,13768,14294,13276,14786,True,naive1,0.074,q_h,c93b7a7b38bf,7073dea6144a,2026-09-01T03:31:39+00:00,2026-09,07d43c029953,cb5df8fba2b3-dirty,naive1,live,2026-07-5e473ac91f60,local-a73-r2
2026-09,10,philippines,F2B,FAD,2027-07-01,14031,13768,14294,13276,14786,True,naive1,0.074,q_h,9c77f4e3bc65,bc9f227de567,2026-09-01T03:31:39+00:00,2026-09,07d43c029953,cb5df8fba2b3-dirty,naive1,live,2026-07-5e473ac91f60,local-a73-r2
2026-09,11,philippines,F2B,FAD,2027-08-01,14031,13768,14294,13276,14786,True,naive1,0.074,q_h,ba33cd6b1e8b,18e3ab0f0e3d,2026-09-01T03:31:39+00:00,2026-09,07d43c029953,cb5df8fba2b3-dirty,naive1,live,2026-07-5e473ac91f60,local-a73-r2
2026-09,12,philippines,F2B,FAD,2027-09-01,14031,13750,14312,13235,14827,True,naive1,0.074,q_h,058508edd453,8bf7b65d1ddb,2026-09-01T03:31:39+00:00,2026-09,07d43c029953,cb5df8fba2b3-dirty,naive1,live,2026-07-5e473ac91f60,local-a73-r2
2026-09,1,philippines,F3,DFF,2026-10-01,11542,11360,11724,10472,12612,True,naive1,0.098,q_h,5b3606fe201d,11b9f6937fea,2026-09-01T03:31:39+00:00,2026-09,07d43c029953,cb5df8fba2b3-dirty,naive1,live,2026-07-5e473ac91f60,local-a73-r2
2026-09,2,philippines,F3,DFF,2026-11-01,11542,11360,11724,10472,12612,True,naive1,0.098,q_h,69b3d9a17bb2,71d1bcc0e65c,2026-09-01T03:31:39+00:00,2026-09,07d43c029953,cb5df8fba2b3-dirty,naive1,live,2026-07-5e473ac91f60,local-a73-r2
2026-09,3,philippines,F3,DFF,2026-12-01,11542,11360,11724,10472,12612,True,naive1,0.098,q_h,5af6a4c18bd5,b21959a6e3ad,2026-09-01T03:31:39+00:00,2026-09,07d43c029953,cb5df8fba2b3-dirty,naive1,live,2026-07-5e473ac91f60,local-a73-r2
2026-09,4,philippines,F3,DFF,2027-01-01,11542,11337,11747,10472,12612,True,naive1,0.098,q_h,a1dfe56060a4,27f97fc9209d,2026-09-01T03:31:39+00:00,2026-09,07d43c029953,cb5df8fba2b3-dirty,naive1,live,2026-07-5e473ac91f60,local-a73-r2
2026-09,5,philippines,F3,DFF,2027-02-01,11542,11289,11795,10472,12612,True,naive1,0.098,q_h,3cef18638bd3,a2c6bd0155d1,2026-09-01T03:31:39+00:00,2026-09,07d43c029953,cb5df8fba2b3-dirty,naive1,live,2026-07-5e473ac91f60,local-a73-r2
2026-09,6,philippines,F3,DFF,2027-03-01,11542,11244,11840,10419,12665,True,naive1,0.098,q_h,dc6176430a7e,bb229b2e4010,2026-09-01T03:31:39+00:00,2026-09,07d43c029953,cb5df8fba2b3-dirty,naive1,live,2026-07-5e473ac91f60,local-a73-r2
2026-09,7,philippines,F3,DFF,2027-04-01,11542,11244,11840,10392,12692,True,naive1,0.098,q_h,eff27c29a456,a9c7b5716e37,2026-09-01T03:31:39+00:00,2026-09,07d43c029953,cb5df8fba2b3-dirty,naive1,live,2026-07-5e473ac91f60,local-a73-r2
2026-09,8,philippines,F3,DFF,2027-05-01,11542,11244,11840,10392,12692,True,naive1,0.098,q_h,1d96706c479b,151f037b3f30,2026-09-01T03:31:39+00:00,2026-09,07d43c029953,cb5df8fba2b3-dirty,naive1,live,2026-07-5e473ac91f60,local-a73-r2
2026-09,9,philippines,F3,DFF,2027-06-01,11542,11117,11967,10392,12692,True,naive1,0.098,q_h,7645544b636a,86b5e4fbcdeb,2026-09-01T03:31:39+00:00,2026-09,07d43c029953,cb5df8fba2b3-dirty,naive1,live,2026-07-5e473ac91f60,local-a73-r2
2026-09,10,philippines,F3,DFF,2027-07-01,11542,11071,12013,10392,12692,True,naive1,0.098,q_h,52e3d1863d1e,dbabd350ee0d,2026-09-01T03:31:39+00:00,2026-09,07d43c029953,cb5df8fba2b3-dirty,naive1,live,2026-07-5e473ac91f60,local-a73-r2
2026-09,11,philippines,F3,DFF,2027-08-01,11542,11034,12050,10392,12692,True,naive1,0.098,q_h,c7888e169422,adea60058c25,2026-09-01T03:31:39+00:00,2026-09,07d43c029953,cb5df8fba2b3-dirty,naive1,live,2026-07-5e473ac91f60,local-a73-r2
2026-09,12,philippines,F3,DFF,2027-09-01,11542,10961,12123,10392,12692,True,naive1,0.098,q_h,5d982bf7e22c,bd6782c43dce,2026-09-01T03:31:39+00:00,2026-09,07d43c029953,cb5df8fba2b3-dirty,naive1,live,2026-07-5e473ac91f60,local-a73-r2
2026-09,1,philippines,F3,FAD,2026-10-01,11375,11191,11559,11191,11559,True,naive1,0.1396,q_h,a209b3987762,a3f038599789,2026-09-01T03:31:39+00:00,2026-09,07d43c029953,cb5df8fba2b3-dirty,naive1,live,2026-07-5e473ac91f60,local-a73-r2
2026-09,2,philippines,F3,FAD,2026-11-01,11375,11191,11559,11191,11559,True,naive1,0.1396,q_h,817c2eb193a9,9695b6cf0fb9,2026-09-01T03:31:39+00:00,2026-09,07d43c029953,cb5df8fba2b3-dirty,naive1,live,2026-07-5e473ac91f60,local-a73-r2
2026-09,3,philippines,F3,FAD,2026-12-01,11375,11191,11559,10990,11760,True,naive1,0.1396,q_h,6a8bb3bfb3cb,5f987e1d6423,2026-09-01T03:31:39+00:00,2026-09,07d43c029953,cb5df8fba2b3-dirty,naive1,live,2026-07-5e473ac91f60,local-a73-r2
2026-09,4,philippines,F3,FAD,2027-01-01,11375,11191,11559,10687,12063,True,naive1,0.1396,q_h,683ed1492d51,6bf5e3579cc4,2026-09-01T03:31:39+00:00,2026-09,07d43c029953,cb5df8fba2b3-dirty,naive1,live,2026-07-5e473ac91f60,local-a73-r2
2026-09,5,philippines,F3,FAD,2027-02-01,11375,11171,11579,10687,12063,True,naive1,0.1396,q_h,09b4aa703922,0e2b29ad5b5b,2026-09-01T03:31:39+00:00,2026-09,07d43c029953,cb5df8fba2b3-dirty,naive1,live,2026-07-5e473ac91f60,local-a73-r2
2026-09,6,philippines,F3,FAD,2027-03-01,11375,11140,11610,10654,12096,True,naive1,0.1396,q_h,6ad0196b3b81,f718afa72dcb,2026-09-01T03:31:39+00:00,2026-09,07d43c029953,cb5df8fba2b3-dirty,naive1,live,2026-07-5e473ac91f60,local-a73-r2
2026-09,7,philippines,F3,FAD,2027-04-01,11375,11140,11610,10467,12283,True,naive1,0.1396,q_h,d2fdb9bffed0,012f385f59a1,2026-09-01T03:31:39+00:00,2026-09,07d43c029953,cb5df8fba2b3-dirty,naive1,live,2026-07-5e473ac91f60,local-a73-r2
2026-09,8,philippines,F3,FAD,2027-05-01,11375,11140,11610,10467,12283,True,naive1,0.1396,q_h,2acb21a81e04,80ca84b116dd,2026-09-01T03:31:39+00:00,2026-09,07d43c029953,cb5df8fba2b3-dirty,naive1,live,2026-07-5e473ac91f60,local-a73-r2
2026-09,9,philippines,F3,FAD,2027-06-01,11375,11059,11691,10467,12283,True,naive1,0.1396,q_h,820147ba089e,ac679a1f7410,2026-09-01T03:31:39+00:00,2026-09,07d43c029953,cb5df8fba2b3-dirty,naive1,live,2026-07-5e473ac91f60,local-a73-r2
2026-09,10,philippines,F3,FAD,2027-07-01,11375,11059,11691,10467,12283,True,naive1,0.1396,q_h,122c9f834d9b,4513350ea5e2,2026-09-01T03:31:39+00:00,2026-09,07d43c029953,cb5df8fba2b3-dirty,naive1,live,2026-07-5e473ac91f60,local-a73-r2
2026-09,11,philippines,F3,FAD,2027-08-01,11375,11059,11691,10467,12283,True,naive1,0.1396,q_h,f9450524d4f5,b29d9e147f14,2026-09-01T03:31:39+00:00,2026-09,07d43c029953,cb5df8fba2b3-dirty,naive1,live,2026-07-5e473ac91f60,local-a73-r2
2026-09,12,philippines,F3,FAD,2027-09-01,11375,11037,11713,10417,12333,True,naive1,0.1396,q_h,778f6ee8061f,4528d5db8258,2026-09-01T03:31:39+00:00,2026-09,07d43c029953,cb5df8fba2b3-dirty,naive1,live,2026-07-5e473ac91f60,local-a73-r2
2026-09,1,philippines,F4,DFF,2026-10-01,12134,11779,12489,10046,14222,True,naive1,0.0552,q_h,1ad0437ad457,e9a79d49a609,2026-09-01T03:31:39+00:00,2026-09,07d43c029953,cb5df8fba2b3-dirty,naive1,live,2026-07-5e473ac91f60,local-a73-r2
2026-09,2,philippines,F4,DFF,2026-11-01,12134,11779,12489,10046,14222,True,naive1,0.0552,q_h,b02de90a628b,d8171acfe6aa,2026-09-01T03:31:39+00:00,2026-09,07d43c029953,cb5df8fba2b3-dirty,naive1,live,2026-07-5e473ac91f60,local-a73-r2
2026-09,3,philippines,F4,DFF,2026-12-01,12134,11779,12489,10046,14222,True,naive1,0.0552,q_h,091db036fd98,f47c33992c15,2026-09-01T03:31:39+00:00,2026-09,07d43c029953,cb5df8fba2b3-dirty,naive1,live,2026-07-5e473ac91f60,local-a73-r2
2026-09,4,philippines,F4,DFF,2027-01-01,12134,11735,12533,10046,14222,True,naive1,0.0552,q_h,c095a9a7160a,1a6163fa853a,2026-09-01T03:31:39+00:00,2026-09,07d43c029953,cb5df8fba2b3-dirty,naive1,live,2026-07-5e473ac91f60,local-a73-r2
2026-09,5,philippines,F4,DFF,2027-02-01,12134,11641,12627,10046,14222,True,naive1,0.0552,q_h,2e8f3714c0ec,0ec82c9c45fd,2026-09-01T03:31:39+00:00,2026-09,07d43c029953,cb5df8fba2b3-dirty,naive1,live,2026-07-5e473ac91f60,local-a73-r2
2026-09,6,philippines,F4,DFF,2027-03-01,12134,11552,12716,9943,14325,True,naive1,0.0552,q_h,0cc32f80dadc,4a03f736cb9e,2026-09-01T03:31:39+00:00,2026-09,07d43c029953,cb5df8fba2b3-dirty,naive1,live,2026-07-5e473ac91f60,local-a73-r2
2026-09,7,philippines,F4,DFF,2027-04-01,12134,11552,12716,9890,14378,True,naive1,0.0552,q_h,6dacdb8c11c0,981a87fae1c9,2026-09-01T03:31:39+00:00,2026-09,07d43c029953,cb5df8fba2b3-dirty,naive1,live,2026-07-5e473ac91f60,local-a73-r2
2026-09,8,philippines,F4,DFF,2027-05-01,12134,11552,12716,9890,14378,True,naive1,0.0552,q_h,5c679cac7d2d,01c2d305ab26,2026-09-01T03:31:39+00:00,2026-09,07d43c029953,cb5df8fba2b3-dirty,naive1,live,2026-07-5e473ac91f60,local-a73-r2
2026-09,9,philippines,F4,DFF,2027-06-01,12134,11305,12963,9890,14378,True,naive1,0.0552,q_h,57e904ea264e,5dcdfeb31f05,2026-09-01T03:31:39+00:00,2026-09,07d43c029953,cb5df8fba2b3-dirty,naive1,live,2026-07-5e473ac91f60,local-a73-r2
2026-09,10,philippines,F4,DFF,2027-07-01,12134,11215,13053,9890,14378,True,naive1,0.0552,q_h,e1bd605e7a2f,1827232eeaad,2026-09-01T03:31:39+00:00,2026-09,07d43c029953,cb5df8fba2b3-dirty,naive1,live,2026-07-5e473ac91f60,local-a73-r2
2026-09,11,philippines,F4,DFF,2027-08-01,12134,11143,13125,9890,14378,True,naive1,0.0552,q_h,0c5451a9db85,ca6b60d39ede,2026-09-01T03:31:39+00:00,2026-09,07d43c029953,cb5df8fba2b3-dirty,naive1,live,2026-07-5e473ac91f60,local-a73-r2
2026-09,12,philippines,F4,DFF,2027-09-01,12134,11001,13267,9890,14378,True,naive1,0.0552,q_h,81409211d5fe,66ee5c5584b4,2026-09-01T03:31:39+00:00,2026-09,07d43c029953,cb5df8fba2b3-dirty,naive1,live,2026-07-5e473ac91f60,local-a73-r2
2026-09,1,philippines,F4,FAD,2026-10-01,11921,11707,12135,11707,12135,True,naive1,0.1309,q_h,55304b535b54,a0c771d2091f,2026-09-01T03:31:39+00:00,2026-09,07d43c029953,cb5df8fba2b3-dirty,naive1,live,2026-07-5e473ac91f60,local-a73-r2
2026-09,2,philippines,F4,FAD,2026-11-01,11921,11707,12135,11707,12135,True,naive1,0.1309,q_h,3609ada9095a,6f34392ea5c7,2026-09-01T03:31:39+00:00,2026-09,07d43c029953,cb5df8fba2b3-dirty,naive1,live,2026-07-5e473ac91f60,local-a73-r2
2026-09,3,philippines,F4,FAD,2026-12-01,11921,11707,12135,11473,12369,True,naive1,0.1309,q_h,977c62bf1a2c,b0a14baa512f,2026-09-01T03:31:39+00:00,2026-09,07d43c029953,cb5df8fba2b3-dirty,naive1,live,2026-07-5e473ac91f60,local-a73-r2
2026-09,4,philippines,F4,FAD,2027-01-01,11921,11707,12135,11121,12721,True,naive1,0.1309,q_h,1eb3185c9e86,ae9bdb264a20,2026-09-01T03:31:39+00:00,2026-09,07d43c029953,cb5df8fba2b3-dirty,naive1,live,2026-07-5e473ac91f60,local-a73-r2
2026-09,5,philippines,F4,FAD,2027-02-01,11921,11684,12158,11121,12721,True,naive1,0.1309,q_h,6b9eef9b949f,796aadd13b26,2026-09-01T03:31:39+00:00,2026-09,07d43c029953,cb5df8fba2b3-dirty,naive1,live,2026-07-5e473ac91f60,local-a73-r2
2026-09,6,philippines,F4,FAD,2027-03-01,11921,11648,12194,11082,12760,True,naive1,0.1309,q_h,20b64d04701f,07960e938fa7,2026-09-01T03:31:39+00:00,2026-09,07d43c029953,cb5df8fba2b3-dirty,naive1,live,2026-07-5e473ac91f60,local-a73-r2
2026-09,7,philippines,F4,FAD,2027-04-01,11921,11648,12194,10865,12977,True,naive1,0.1309,q_h,a108ea4cdf56,6c3a5f18d99c,2026-09-01T03:31:39+00:00,2026-09,07d43c029953,cb5df8fba2b3-dirty,naive1,live,2026-07-5e473ac91f60,local-a73-r2
2026-09,8,philippines,F4,FAD,2027-05-01,11921,11648,12194,10865,12977,True,naive1,0.1309,q_h,4d34e7931f15,5fe9c406078b,2026-09-01T03:31:39+00:00,2026-09,07d43c029953,cb5df8fba2b3-dirty,naive1,live,2026-07-5e473ac91f60,local-a73-r2
2026-09,9,philippines,F4,FAD,2027-06-01,11921,11553,12289,10865,12977,True,naive1,0.1309,q_h,ba54de02c34a,3472422d1779,2026-09-01T03:31:39+00:00,2026-09,07d43c029953,cb5df8fba2b3-dirty,naive1,live,2026-07-5e473ac91f60,local-a73-r2
2026-09,10,philippines,F4,FAD,2027-07-01,11921,11553,12289,10865,12977,True,naive1,0.1309,q_h,bc3e7cf91a1d,faf8ea379916,2026-09-01T03:31:39+00:00,2026-09,07d43c029953,cb5df8fba2b3-dirty,naive1,live,2026-07-5e473ac91f60,local-a73-r2
2026-09,11,philippines,F4,FAD,2027-08-01,11921,11553,12289,10865,12977,True,naive1,0.1309,q_h,668d79d382ba,a6417af57b25,2026-09-01T03:31:39+00:00,2026-09,07d43c029953,cb5df8fba2b3-dirty,naive1,live,2026-07-5e473ac91f60,local-a73-r2
2026-09,12,philippines,F4,FAD,2027-09-01,11921,11528,12314,10807,13035,True,naive1,0.1309,q_h,ab2b45688dbf,353862a09ec5,2026-09-01T03:31:39+00:00,2026-09,07d43c029953,cb5df8fba2b3-dirty,naive1,live,2026-07-5e473ac91f60,local-a73-r2
